"","Site.Name","Date","Month","Year","COUNTY","meanlat","meanlong","PM2.5","Ozone"
"1","Bryson City",2018-01-01,1,2018,"Swain",35.434767,-83.442133,35,NA
"2","Bryson City",2018-01-02,1,2018,"Swain",35.434767,-83.442133,51,NA
"3","Bryson City",2018-01-03,1,2018,"Swain",35.434767,-83.442133,44,NA
"4","Bryson City",2018-01-04,1,2018,"Swain",35.434767,-83.442133,28,NA
"5","Bryson City",2018-01-05,1,2018,"Swain",35.434767,-83.442133,30,NA
"6","Bryson City",2018-01-06,1,2018,"Swain",35.434767,-83.442133,35,NA
"7","Bryson City",2018-01-07,1,2018,"Swain",35.434767,-83.442133,54,NA
"8","Bryson City",2018-01-08,1,2018,"Swain",35.434767,-83.442133,71,NA
"9","Bryson City",2018-01-09,1,2018,"Swain",35.434767,-83.442133,78,NA
"10","Bryson City",2018-01-10,1,2018,"Swain",35.434767,-83.442133,56,NA
"11","Bryson City",2018-01-11,1,2018,"Swain",35.434767,-83.442133,17,NA
"12","Bryson City",2018-01-12,1,2018,"Swain",35.434767,-83.442133,10,NA
"13","Bryson City",2018-01-13,1,2018,"Swain",35.434767,-83.442133,18,NA
"14","Bryson City",2018-01-14,1,2018,"Swain",35.434767,-83.442133,28,NA
"15","Bryson City",2018-01-15,1,2018,"Swain",35.434767,-83.442133,43,NA
"16","Bryson City",2018-01-16,1,2018,"Swain",35.434767,-83.442133,52,NA
"17","Bryson City",2018-01-17,1,2018,"Swain",35.434767,-83.442133,37,NA
"18","Bryson City",2018-01-18,1,2018,"Swain",35.434767,-83.442133,48,NA
"19","Bryson City",2018-01-19,1,2018,"Swain",35.434767,-83.442133,52,NA
"20","Bryson City",2018-01-20,1,2018,"Swain",35.434767,-83.442133,51,NA
"21","Bryson City",2018-01-21,1,2018,"Swain",35.434767,-83.442133,50,NA
"22","Bryson City",2018-01-22,1,2018,"Swain",35.434767,-83.442133,48,NA
"23","Bryson City",2018-01-23,1,2018,"Swain",35.434767,-83.442133,17,NA
"24","Bryson City",2018-01-24,1,2018,"Swain",35.434767,-83.442133,18,NA
"25","Bryson City",2018-01-25,1,2018,"Swain",35.434767,-83.442133,26,NA
"26","Bryson City",2018-01-26,1,2018,"Swain",35.434767,-83.442133,52,NA
"27","Bryson City",2018-01-27,1,2018,"Swain",35.434767,-83.442133,58,NA
"28","Bryson City",2018-01-28,1,2018,"Swain",35.434767,-83.442133,28,NA
"29","Bryson City",2018-01-29,1,2018,"Swain",35.434767,-83.442133,12,NA
"30","Bryson City",2018-01-30,1,2018,"Swain",35.434767,-83.442133,19,NA
"31","Bryson City",2018-01-31,1,2018,"Swain",35.434767,-83.442133,40,NA
"32","Bryson City",2018-02-01,2,2018,"Swain",35.434767,-83.442133,55,NA
"33","Bryson City",2018-02-02,2,2018,"Swain",35.434767,-83.442133,15,NA
"34","Bryson City",2018-02-03,2,2018,"Swain",35.434767,-83.442133,28,NA
"35","Bryson City",2018-02-04,2,2018,"Swain",35.434767,-83.442133,38,NA
"36","Bryson City",2018-02-05,2,2018,"Swain",35.434767,-83.442133,25,NA
"37","Bryson City",2018-02-06,2,2018,"Swain",35.434767,-83.442133,58,NA
"38","Bryson City",2018-02-07,2,2018,"Swain",35.434767,-83.442133,29,NA
"39","Bryson City",2018-02-08,2,2018,"Swain",35.434767,-83.442133,23,NA
"40","Bryson City",2018-02-09,2,2018,"Swain",35.434767,-83.442133,33,NA
"41","Bryson City",2018-02-10,2,2018,"Swain",35.434767,-83.442133,38,NA
"42","Bryson City",2018-02-11,2,2018,"Swain",35.434767,-83.442133,20,NA
"43","Bryson City",2018-02-12,2,2018,"Swain",35.434767,-83.442133,4,NA
"44","Bryson City",2018-02-13,2,2018,"Swain",35.434767,-83.442133,13,NA
"45","Bryson City",2018-02-14,2,2018,"Swain",35.434767,-83.442133,28,NA
"46","Bryson City",2018-02-15,2,2018,"Swain",35.434767,-83.442133,17,NA
"47","Bryson City",2018-02-16,2,2018,"Swain",35.434767,-83.442133,15,NA
"48","Bryson City",2018-02-17,2,2018,"Swain",35.434767,-83.442133,15,NA
"49","Bryson City",2018-02-18,2,2018,"Swain",35.434767,-83.442133,7,NA
"50","Bryson City",2018-02-19,2,2018,"Swain",35.434767,-83.442133,25,NA
"51","Bryson City",2018-02-20,2,2018,"Swain",35.434767,-83.442133,34,NA
"52","Bryson City",2018-02-21,2,2018,"Swain",35.434767,-83.442133,24,NA
"53","Bryson City",2018-02-22,2,2018,"Swain",35.434767,-83.442133,35,NA
"54","Bryson City",2018-02-23,2,2018,"Swain",35.434767,-83.442133,48,NA
"55","Bryson City",2018-02-24,2,2018,"Swain",35.434767,-83.442133,45,NA
"56","Bryson City",2018-02-25,2,2018,"Swain",35.434767,-83.442133,21,NA
"57","Bryson City",2018-02-26,2,2018,"Swain",35.434767,-83.442133,13,NA
"58","Bryson City",2018-02-27,2,2018,"Swain",35.434767,-83.442133,23,NA
"59","Bryson City",2018-02-28,2,2018,"Swain",35.434767,-83.442133,33,NA
"60","Bryson City",2018-03-01,3,2018,"Swain",35.434767,-83.442133,16,42
"61","Bryson City",2018-03-02,3,2018,"Swain",35.434767,-83.442133,18,44
"62","Bryson City",2018-03-03,3,2018,"Swain",35.434767,-83.442133,23,44
"63","Bryson City",2018-03-04,3,2018,"Swain",35.434767,-83.442133,26,42
"64","Bryson City",2018-03-05,3,2018,"Swain",35.434767,-83.442133,57,44
"65","Bryson City",2018-03-06,3,2018,"Swain",35.434767,-83.442133,63,38
"66","Bryson City",2018-03-07,3,2018,"Swain",35.434767,-83.442133,23,38
"67","Bryson City",2018-03-08,3,2018,"Swain",35.434767,-83.442133,24,39
"68","Bryson City",2018-03-09,3,2018,"Swain",35.434767,-83.442133,35,44
"69","Bryson City",2018-03-10,3,2018,"Swain",35.434767,-83.442133,62,31
"70","Bryson City",2018-03-11,3,2018,"Swain",35.434767,-83.442133,54,33
"71","Bryson City",2018-03-12,3,2018,"Swain",35.434767,-83.442133,15,44
"72","Bryson City",2018-03-13,3,2018,"Swain",35.434767,-83.442133,35,43
"73","Bryson City",2018-03-14,3,2018,"Swain",35.434767,-83.442133,22,44
"74","Bryson City",2018-03-15,3,2018,"Swain",35.434767,-83.442133,46,61
"75","Bryson City",2018-03-16,3,2018,"Swain",35.434767,-83.442133,66,64
"76","Bryson City",2018-03-17,3,2018,"Swain",35.434767,-83.442133,62,44
"77","Bryson City",2018-03-18,3,2018,"Swain",35.434767,-83.442133,37,41
"78","Bryson City",2018-03-19,3,2018,"Swain",35.434767,-83.442133,36,37
"79","Bryson City",2018-03-20,3,2018,"Swain",35.434767,-83.442133,15,36
"80","Bryson City",2018-03-21,3,2018,"Swain",35.434767,-83.442133,19,35
"81","Bryson City",2018-03-22,3,2018,"Swain",35.434767,-83.442133,29,44
"82","Bryson City",2018-03-23,3,2018,"Swain",35.434767,-83.442133,31,43
"83","Bryson City",2018-03-24,3,2018,"Swain",35.434767,-83.442133,46,31
"84","Bryson City",2018-03-25,3,2018,"Swain",35.434767,-83.442133,40,42
"85","Bryson City",2018-03-26,3,2018,"Swain",35.434767,-83.442133,24,44
"86","Bryson City",2018-03-27,3,2018,"Swain",35.434767,-83.442133,33,35
"87","Bryson City",2018-03-28,3,2018,"Swain",35.434767,-83.442133,49,35
"88","Bryson City",2018-03-29,3,2018,"Swain",35.434767,-83.442133,38,44
"89","Bryson City",2018-03-30,3,2018,"Swain",35.434767,-83.442133,13,39
"90","Bryson City",2018-03-31,3,2018,"Swain",35.434767,-83.442133,20,44
"91","Bryson City",2018-04-01,4,2018,"Swain",35.434767,-83.442133,30,44
"92","Bryson City",2018-04-02,4,2018,"Swain",35.434767,-83.442133,43,44
"93","Bryson City",2018-04-03,4,2018,"Swain",35.434767,-83.442133,50,40
"94","Bryson City",2018-04-04,4,2018,"Swain",35.434767,-83.442133,18,43
"95","Bryson City",2018-04-05,4,2018,"Swain",35.434767,-83.442133,28,46
"96","Bryson City",2018-04-06,4,2018,"Swain",35.434767,-83.442133,37,33
"97","Bryson City",2018-04-07,4,2018,"Swain",35.434767,-83.442133,20,33
"98","Bryson City",2018-04-08,4,2018,"Swain",35.434767,-83.442133,10,42
"99","Bryson City",2018-04-09,4,2018,"Swain",35.434767,-83.442133,19,34
"100","Bryson City",2018-04-10,4,2018,"Swain",35.434767,-83.442133,32,44
"101","Bryson City",2018-04-11,4,2018,"Swain",35.434767,-83.442133,27,41
"102","Bryson City",2018-04-12,4,2018,"Swain",35.434767,-83.442133,50,54
"103","Bryson City",2018-04-13,4,2018,"Swain",35.434767,-83.442133,68,64
"104","Bryson City",2018-04-14,4,2018,"Swain",35.434767,-83.442133,48,44
"105","Bryson City",2018-04-15,4,2018,"Swain",35.434767,-83.442133,25,36
"106","Bryson City",2018-04-16,4,2018,"Swain",35.434767,-83.442133,13,40
"107","Bryson City",2018-04-17,4,2018,"Swain",35.434767,-83.442133,26,51
"108","Bryson City",2018-04-18,4,2018,"Swain",35.434767,-83.442133,35,54
"109","Bryson City",2018-04-19,4,2018,"Swain",35.434767,-83.442133,28,41
"110","Bryson City",2018-04-20,4,2018,"Swain",35.434767,-83.442133,17,50
"111","Bryson City",2018-04-21,4,2018,"Swain",35.434767,-83.442133,36,67
"112","Bryson City",2018-04-22,4,2018,"Swain",35.434767,-83.442133,40,44
"113","Bryson City",2018-04-23,4,2018,"Swain",35.434767,-83.442133,15,43
"114","Bryson City",2018-04-24,4,2018,"Swain",35.434767,-83.442133,9,33
"115","Bryson City",2018-04-25,4,2018,"Swain",35.434767,-83.442133,6,37
"116","Bryson City",2018-04-26,4,2018,"Swain",35.434767,-83.442133,14,25
"117","Bryson City",2018-04-27,4,2018,"Swain",35.434767,-83.442133,24,51
"118","Bryson City",2018-04-28,4,2018,"Swain",35.434767,-83.442133,35,64
"119","Bryson City",2018-04-29,4,2018,"Swain",35.434767,-83.442133,20,49
"120","Bryson City",2018-04-30,4,2018,"Swain",35.434767,-83.442133,22,45
"121","Bryson City",2018-05-01,5,2018,"Swain",35.434767,-83.442133,30,71
"122","Bryson City",2018-05-02,5,2018,"Swain",35.434767,-83.442133,46,50
"123","Bryson City",2018-05-03,5,2018,"Swain",35.434767,-83.442133,51,49
"124","Bryson City",2018-05-04,5,2018,"Swain",35.434767,-83.442133,48,42
"125","Bryson City",2018-05-05,5,2018,"Swain",35.434767,-83.442133,57,28
"126","Bryson City",2018-05-06,5,2018,"Swain",35.434767,-83.442133,25,51
"127","Bryson City",2018-05-07,5,2018,"Swain",35.434767,-83.442133,33,NA
"128","Bryson City",2018-05-08,5,2018,"Swain",35.434767,-83.442133,29,46
"129","Bryson City",2018-05-09,5,2018,"Swain",35.434767,-83.442133,30,47
"130","Bryson City",2018-05-10,5,2018,"Swain",35.434767,-83.442133,43,46
"131","Bryson City",2018-05-11,5,2018,"Swain",35.434767,-83.442133,42,49
"132","Bryson City",2018-05-12,5,2018,"Swain",35.434767,-83.442133,51,48
"133","Bryson City",2018-05-13,5,2018,"Swain",35.434767,-83.442133,49,44
"134","Bryson City",2018-05-14,5,2018,"Swain",35.434767,-83.442133,52,39
"135","Bryson City",2018-05-15,5,2018,"Swain",35.434767,-83.442133,54,26
"136","Bryson City",2018-05-16,5,2018,"Swain",35.434767,-83.442133,27,23
"137","Bryson City",2018-05-17,5,2018,"Swain",35.434767,-83.442133,23,22
"138","Bryson City",2018-05-18,5,2018,"Swain",35.434767,-83.442133,25,31
"139","Bryson City",2018-05-19,5,2018,"Swain",35.434767,-83.442133,36,37
"140","Bryson City",2018-05-20,5,2018,"Swain",35.434767,-83.442133,38,32
"141","Bryson City",2018-05-21,5,2018,"Swain",35.434767,-83.442133,25,29
"142","Bryson City",2018-05-22,5,2018,"Swain",35.434767,-83.442133,22,25
"143","Bryson City",2018-05-23,5,2018,"Swain",35.434767,-83.442133,15,36
"144","Bryson City",2018-05-24,5,2018,"Swain",35.434767,-83.442133,33,37
"145","Bryson City",2018-05-25,5,2018,"Swain",35.434767,-83.442133,15,26
"146","Bryson City",2018-05-26,5,2018,"Swain",35.434767,-83.442133,10,29
"147","Bryson City",2018-05-27,5,2018,"Swain",35.434767,-83.442133,NA,23
"148","Bryson City",2018-05-28,5,2018,"Swain",35.434767,-83.442133,NA,13
"149","Bryson City",2018-05-29,5,2018,"Swain",35.434767,-83.442133,NA,19
"150","Bryson City",2018-05-30,5,2018,"Swain",35.434767,-83.442133,8,29
"151","Bryson City",2018-05-31,5,2018,"Swain",35.434767,-83.442133,20,31
"152","Bryson City",2018-06-01,6,2018,"Swain",35.434767,-83.442133,18,44
"153","Bryson City",2018-06-02,6,2018,"Swain",35.434767,-83.442133,27,39
"154","Bryson City",2018-06-03,6,2018,"Swain",35.434767,-83.442133,32,42
"155","Bryson City",2018-06-04,6,2018,"Swain",35.434767,-83.442133,23,58
"156","Bryson City",2018-06-05,6,2018,"Swain",35.434767,-83.442133,26,46
"157","Bryson City",2018-06-06,6,2018,"Swain",35.434767,-83.442133,33,58
"158","Bryson City",2018-06-07,6,2018,"Swain",35.434767,-83.442133,41,61
"159","Bryson City",2018-06-08,6,2018,"Swain",35.434767,-83.442133,NA,43
"160","Bryson City",2018-06-09,6,2018,"Swain",35.434767,-83.442133,NA,38
"161","Bryson City",2018-06-10,6,2018,"Swain",35.434767,-83.442133,NA,41
"162","Bryson City",2018-06-11,6,2018,"Swain",35.434767,-83.442133,NA,38
"163","Bryson City",2018-06-12,6,2018,"Swain",35.434767,-83.442133,NA,37
"164","Bryson City",2018-06-13,6,2018,"Swain",35.434767,-83.442133,NA,29
"165","Bryson City",2018-06-14,6,2018,"Swain",35.434767,-83.442133,NA,43
"166","Bryson City",2018-06-15,6,2018,"Swain",35.434767,-83.442133,NA,45
"167","Bryson City",2018-06-16,6,2018,"Swain",35.434767,-83.442133,NA,40
"168","Bryson City",2018-06-17,6,2018,"Swain",35.434767,-83.442133,NA,35
"169","Bryson City",2018-06-18,6,2018,"Swain",35.434767,-83.442133,NA,32
"170","Bryson City",2018-06-19,6,2018,"Swain",35.434767,-83.442133,NA,39
"171","Bryson City",2018-06-20,6,2018,"Swain",35.434767,-83.442133,NA,27
"172","Bryson City",2018-06-21,6,2018,"Swain",35.434767,-83.442133,NA,19
"173","Bryson City",2018-06-22,6,2018,"Swain",35.434767,-83.442133,23,38
"174","Bryson City",2018-06-23,6,2018,"Swain",35.434767,-83.442133,23,37
"175","Bryson City",2018-06-24,6,2018,"Swain",35.434767,-83.442133,25,24
"176","Bryson City",2018-06-25,6,2018,"Swain",35.434767,-83.442133,21,25
"177","Bryson City",2018-06-26,6,2018,"Swain",35.434767,-83.442133,15,22
"178","Bryson City",2018-06-27,6,2018,"Swain",35.434767,-83.442133,19,30
"179","Bryson City",2018-06-28,6,2018,"Swain",35.434767,-83.442133,NA,31
"180","Bryson City",2018-06-29,6,2018,"Swain",35.434767,-83.442133,NA,34
"181","Bryson City",2018-06-30,6,2018,"Swain",35.434767,-83.442133,NA,39
"182","Bryson City",2018-07-01,7,2018,"Swain",35.434767,-83.442133,NA,27
"183","Bryson City",2018-07-02,7,2018,"Swain",35.434767,-83.442133,NA,29
"184","Bryson City",2018-07-03,7,2018,"Swain",35.434767,-83.442133,24,31
"185","Bryson City",2018-07-04,7,2018,"Swain",35.434767,-83.442133,51,40
"186","Bryson City",2018-07-05,7,2018,"Swain",35.434767,-83.442133,38,29
"187","Bryson City",2018-07-06,7,2018,"Swain",35.434767,-83.442133,32,26
"188","Bryson City",2018-07-07,7,2018,"Swain",35.434767,-83.442133,29,28
"189","Bryson City",2018-07-08,7,2018,"Swain",35.434767,-83.442133,33,32
"190","Bryson City",2018-07-09,7,2018,"Swain",35.434767,-83.442133,34,37
"191","Bryson City",2018-07-10,7,2018,"Swain",35.434767,-83.442133,36,38
"192","Bryson City",2018-07-11,7,2018,"Swain",35.434767,-83.442133,38,37
"193","Bryson City",2018-07-12,7,2018,"Swain",35.434767,-83.442133,47,38
"194","Bryson City",2018-07-13,7,2018,"Swain",35.434767,-83.442133,43,37
"195","Bryson City",2018-07-14,7,2018,"Swain",35.434767,-83.442133,46,39
"196","Bryson City",2018-07-15,7,2018,"Swain",35.434767,-83.442133,36,33
"197","Bryson City",2018-07-16,7,2018,"Swain",35.434767,-83.442133,30,30
"198","Bryson City",2018-07-17,7,2018,"Swain",35.434767,-83.442133,26,5
"199","Bryson City",2018-07-18,7,2018,"Swain",35.434767,-83.442133,32,43
"200","Bryson City",2018-07-19,7,2018,"Swain",35.434767,-83.442133,36,37
"201","Bryson City",2018-07-20,7,2018,"Swain",35.434767,-83.442133,44,40
"202","Bryson City",2018-07-21,7,2018,"Swain",35.434767,-83.442133,22,44
"203","Bryson City",2018-07-22,7,2018,"Swain",35.434767,-83.442133,26,37
"204","Bryson City",2018-07-23,7,2018,"Swain",35.434767,-83.442133,20,36
"205","Bryson City",2018-07-24,7,2018,"Swain",35.434767,-83.442133,21,31
"206","Bryson City",2018-07-25,7,2018,"Swain",35.434767,-83.442133,25,35
"207","Bryson City",2018-07-26,7,2018,"Swain",35.434767,-83.442133,38,40
"208","Bryson City",2018-07-27,7,2018,"Swain",35.434767,-83.442133,44,42
"209","Bryson City",2018-07-28,7,2018,"Swain",35.434767,-83.442133,40,40
"210","Bryson City",2018-07-29,7,2018,"Swain",35.434767,-83.442133,36,40
"211","Bryson City",2018-07-30,7,2018,"Swain",35.434767,-83.442133,40,41
"212","Bryson City",2018-07-31,7,2018,"Swain",35.434767,-83.442133,27,31
"213","Bryson City",2018-08-01,8,2018,"Swain",35.434767,-83.442133,25,31
"214","Bryson City",2018-08-02,8,2018,"Swain",35.434767,-83.442133,7,23
"215","Bryson City",2018-08-03,8,2018,"Swain",35.434767,-83.442133,10,25
"216","Bryson City",2018-08-04,8,2018,"Swain",35.434767,-83.442133,15,27
"217","Bryson City",2018-08-05,8,2018,"Swain",35.434767,-83.442133,25,29
"218","Bryson City",2018-08-06,8,2018,"Swain",35.434767,-83.442133,27,24
"219","Bryson City",2018-08-07,8,2018,"Swain",35.434767,-83.442133,27,26
"220","Bryson City",2018-08-08,8,2018,"Swain",35.434767,-83.442133,27,26
"221","Bryson City",2018-08-09,8,2018,"Swain",35.434767,-83.442133,18,32
"222","Bryson City",2018-08-10,8,2018,"Swain",35.434767,-83.442133,19,28
"223","Bryson City",2018-08-11,8,2018,"Swain",35.434767,-83.442133,24,31
"224","Bryson City",2018-08-12,8,2018,"Swain",35.434767,-83.442133,41,36
"225","Bryson City",2018-08-13,8,2018,"Swain",35.434767,-83.442133,45,31
"226","Bryson City",2018-08-14,8,2018,"Swain",35.434767,-83.442133,47,34
"227","Bryson City",2018-08-15,8,2018,"Swain",35.434767,-83.442133,54,28
"228","Bryson City",2018-08-16,8,2018,"Swain",35.434767,-83.442133,59,37
"229","Bryson City",2018-08-17,8,2018,"Swain",35.434767,-83.442133,54,28
"230","Bryson City",2018-08-18,8,2018,"Swain",35.434767,-83.442133,31,27
"231","Bryson City",2018-08-19,8,2018,"Swain",35.434767,-83.442133,24,30
"232","Bryson City",2018-08-20,8,2018,"Swain",35.434767,-83.442133,29,31
"233","Bryson City",2018-08-21,8,2018,"Swain",35.434767,-83.442133,52,31
"234","Bryson City",2018-08-22,8,2018,"Swain",35.434767,-83.442133,37,34
"235","Bryson City",2018-08-23,8,2018,"Swain",35.434767,-83.442133,53,40
"236","Bryson City",2018-08-24,8,2018,"Swain",35.434767,-83.442133,39,36
"237","Bryson City",2018-08-25,8,2018,"Swain",35.434767,-83.442133,NA,36
"238","Bryson City",2018-08-26,8,2018,"Swain",35.434767,-83.442133,NA,33
"239","Bryson City",2018-08-27,8,2018,"Swain",35.434767,-83.442133,NA,30
"240","Bryson City",2018-08-28,8,2018,"Swain",35.434767,-83.442133,NA,36
"241","Bryson City",2018-08-29,8,2018,"Swain",35.434767,-83.442133,43,39
"242","Bryson City",2018-08-30,8,2018,"Swain",35.434767,-83.442133,30,29
"243","Bryson City",2018-08-31,8,2018,"Swain",35.434767,-83.442133,21,27
"244","Bryson City",2018-09-01,9,2018,"Swain",35.434767,-83.442133,29,29
"245","Bryson City",2018-09-02,9,2018,"Swain",35.434767,-83.442133,28,24
"246","Bryson City",2018-09-03,9,2018,"Swain",35.434767,-83.442133,18,25
"247","Bryson City",2018-09-04,9,2018,"Swain",35.434767,-83.442133,22,28
"248","Bryson City",2018-09-05,9,2018,"Swain",35.434767,-83.442133,31,25
"249","Bryson City",2018-09-06,9,2018,"Swain",35.434767,-83.442133,30,26
"250","Bryson City",2018-09-07,9,2018,"Swain",35.434767,-83.442133,26,30
"251","Bryson City",2018-09-08,9,2018,"Swain",35.434767,-83.442133,28,28
"252","Bryson City",2018-09-09,9,2018,"Swain",35.434767,-83.442133,21,24
"253","Bryson City",2018-09-10,9,2018,"Swain",35.434767,-83.442133,18,17
"254","Bryson City",2018-09-11,9,2018,"Swain",35.434767,-83.442133,10,24
"255","Bryson City",2018-09-12,9,2018,"Swain",35.434767,-83.442133,20,24
"256","Bryson City",2018-09-13,9,2018,"Swain",35.434767,-83.442133,22,24
"257","Bryson City",2018-09-14,9,2018,"Swain",35.434767,-83.442133,14,23
"258","Bryson City",2018-09-15,9,2018,"Swain",35.434767,-83.442133,13,21
"259","Bryson City",2018-09-16,9,2018,"Swain",35.434767,-83.442133,9,12
"260","Bryson City",2018-09-17,9,2018,"Swain",35.434767,-83.442133,10,21
"261","Bryson City",2018-09-18,9,2018,"Swain",35.434767,-83.442133,22,27
"262","Bryson City",2018-09-19,9,2018,"Swain",35.434767,-83.442133,32,34
"263","Bryson City",2018-09-20,9,2018,"Swain",35.434767,-83.442133,44,35
"264","Bryson City",2018-09-21,9,2018,"Swain",35.434767,-83.442133,48,36
"265","Bryson City",2018-09-22,9,2018,"Swain",35.434767,-83.442133,43,34
"266","Bryson City",2018-09-23,9,2018,"Swain",35.434767,-83.442133,43,31
"267","Bryson City",2018-09-24,9,2018,"Swain",35.434767,-83.442133,30,24
"268","Bryson City",2018-09-25,9,2018,"Swain",35.434767,-83.442133,27,22
"269","Bryson City",2018-09-26,9,2018,"Swain",35.434767,-83.442133,23,16
"270","Bryson City",2018-09-27,9,2018,"Swain",35.434767,-83.442133,20,13
"271","Bryson City",2018-09-28,9,2018,"Swain",35.434767,-83.442133,22,27
"272","Bryson City",2018-09-29,9,2018,"Swain",35.434767,-83.442133,24,29
"273","Bryson City",2018-09-30,9,2018,"Swain",35.434767,-83.442133,25,29
"274","Bryson City",2018-10-01,10,2018,"Swain",35.434767,-83.442133,35,28
"275","Bryson City",2018-10-02,10,2018,"Swain",35.434767,-83.442133,36,32
"276","Bryson City",2018-10-03,10,2018,"Swain",35.434767,-83.442133,37,28
"277","Bryson City",2018-10-04,10,2018,"Swain",35.434767,-83.442133,30,31
"278","Bryson City",2018-10-05,10,2018,"Swain",35.434767,-83.442133,32,27
"279","Bryson City",2018-10-06,10,2018,"Swain",35.434767,-83.442133,37,32
"280","Bryson City",2018-10-07,10,2018,"Swain",35.434767,-83.442133,46,29
"281","Bryson City",2018-10-08,10,2018,"Swain",35.434767,-83.442133,36,32
"282","Bryson City",2018-10-09,10,2018,"Swain",35.434767,-83.442133,21,37
"283","Bryson City",2018-10-10,10,2018,"Swain",35.434767,-83.442133,17,19
"284","Bryson City",2018-10-11,10,2018,"Swain",35.434767,-83.442133,25,34
"285","Bryson City",2018-10-12,10,2018,"Swain",35.434767,-83.442133,22,34
"286","Bryson City",2018-10-13,10,2018,"Swain",35.434767,-83.442133,27,33
"287","Bryson City",2018-10-14,10,2018,"Swain",35.434767,-83.442133,36,29
"288","Bryson City",2018-10-15,10,2018,"Swain",35.434767,-83.442133,40,30
"289","Bryson City",2018-10-16,10,2018,"Swain",35.434767,-83.442133,30,21
"290","Bryson City",2018-10-17,10,2018,"Swain",35.434767,-83.442133,24,30
"291","Bryson City",2018-10-18,10,2018,"Swain",35.434767,-83.442133,25,32
"292","Bryson City",2018-10-19,10,2018,"Swain",35.434767,-83.442133,38,32
"293","Bryson City",2018-10-20,10,2018,"Swain",35.434767,-83.442133,33,36
"294","Bryson City",2018-10-21,10,2018,"Swain",35.434767,-83.442133,22,32
"295","Bryson City",2018-10-22,10,2018,"Swain",35.434767,-83.442133,23,26
"296","Bryson City",2018-10-23,10,2018,"Swain",35.434767,-83.442133,36,33
"297","Bryson City",2018-10-24,10,2018,"Swain",35.434767,-83.442133,35,31
"298","Bryson City",2018-10-25,10,2018,"Swain",35.434767,-83.442133,43,31
"299","Bryson City",2018-10-26,10,2018,"Swain",35.434767,-83.442133,32,28
"300","Bryson City",2018-10-27,10,2018,"Swain",35.434767,-83.442133,30,31
"301","Bryson City",2018-10-28,10,2018,"Swain",35.434767,-83.442133,33,39
"302","Bryson City",2018-10-29,10,2018,"Swain",35.434767,-83.442133,21,38
"303","Bryson City",2018-10-30,10,2018,"Swain",35.434767,-83.442133,26,31
"304","Bryson City",2018-10-31,10,2018,"Swain",35.434767,-83.442133,43,35
"305","Bryson City",2018-11-01,11,2018,"Swain",35.434767,-83.442133,43,NA
"306","Bryson City",2018-11-02,11,2018,"Swain",35.434767,-83.442133,17,NA
"307","Bryson City",2018-11-03,11,2018,"Swain",35.434767,-83.442133,29,NA
"308","Bryson City",2018-11-04,11,2018,"Swain",35.434767,-83.442133,34,NA
"309","Bryson City",2018-11-05,11,2018,"Swain",35.434767,-83.442133,25,NA
"310","Bryson City",2018-11-06,11,2018,"Swain",35.434767,-83.442133,17,NA
"311","Bryson City",2018-11-07,11,2018,"Swain",35.434767,-83.442133,24,NA
"312","Bryson City",2018-11-08,11,2018,"Swain",35.434767,-83.442133,40,NA
"313","Bryson City",2018-11-09,11,2018,"Swain",35.434767,-83.442133,23,NA
"314","Bryson City",2018-11-10,11,2018,"Swain",35.434767,-83.442133,32,NA
"315","Bryson City",2018-11-11,11,2018,"Swain",35.434767,-83.442133,49,NA
"316","Bryson City",2018-11-12,11,2018,"Swain",35.434767,-83.442133,36,NA
"317","Bryson City",2018-11-13,11,2018,"Swain",35.434767,-83.442133,16,NA
"318","Bryson City",2018-11-14,11,2018,"Swain",35.434767,-83.442133,17,NA
"319","Bryson City",2018-11-15,11,2018,"Swain",35.434767,-83.442133,14,NA
"320","Bryson City",2018-11-16,11,2018,"Swain",35.434767,-83.442133,26,NA
"321","Bryson City",2018-11-17,11,2018,"Swain",35.434767,-83.442133,43,NA
"322","Bryson City",2018-11-18,11,2018,"Swain",35.434767,-83.442133,52,NA
"323","Bryson City",2018-11-19,11,2018,"Swain",35.434767,-83.442133,52,NA
"324","Bryson City",2018-11-20,11,2018,"Swain",35.434767,-83.442133,29,NA
"325","Bryson City",2018-11-21,11,2018,"Swain",35.434767,-83.442133,33,NA
"326","Bryson City",2018-11-22,11,2018,"Swain",35.434767,-83.442133,47,NA
"327","Bryson City",2018-11-23,11,2018,"Swain",35.434767,-83.442133,55,NA
"328","Bryson City",2018-11-24,11,2018,"Swain",35.434767,-83.442133,26,NA
"329","Bryson City",2018-11-25,11,2018,"Swain",35.434767,-83.442133,28,NA
"330","Bryson City",2018-11-26,11,2018,"Swain",35.434767,-83.442133,20,NA
"331","Bryson City",2018-11-27,11,2018,"Swain",35.434767,-83.442133,25,NA
"332","Bryson City",2018-11-28,11,2018,"Swain",35.434767,-83.442133,28,NA
"333","Bryson City",2018-11-29,11,2018,"Swain",35.434767,-83.442133,56,NA
"334","Bryson City",2018-11-30,11,2018,"Swain",35.434767,-83.442133,59,NA
"335","Bryson City",2018-12-01,12,2018,"Swain",35.434767,-83.442133,35,NA
"336","Bryson City",2018-12-02,12,2018,"Swain",35.434767,-83.442133,28,NA
"337","Bryson City",2018-12-03,12,2018,"Swain",35.434767,-83.442133,28,NA
"338","Bryson City",2018-12-04,12,2018,"Swain",35.434767,-83.442133,20,NA
"339","Bryson City",2018-12-05,12,2018,"Swain",35.434767,-83.442133,20,NA
"340","Bryson City",2018-12-06,12,2018,"Swain",35.434767,-83.442133,42,NA
"341","Bryson City",2018-12-07,12,2018,"Swain",35.434767,-83.442133,32,NA
"342","Bryson City",2018-12-08,12,2018,"Swain",35.434767,-83.442133,33,NA
"343","Bryson City",2018-12-09,12,2018,"Swain",35.434767,-83.442133,20,NA
"344","Bryson City",2018-12-10,12,2018,"Swain",35.434767,-83.442133,25,NA
"345","Bryson City",2018-12-11,12,2018,"Swain",35.434767,-83.442133,24,NA
"346","Bryson City",2018-12-14,12,2018,"Swain",35.434767,-83.442133,18,NA
"347","Bryson City",2018-12-15,12,2018,"Swain",35.434767,-83.442133,18,NA
"348","Bryson City",2018-12-16,12,2018,"Swain",35.434767,-83.442133,17,NA
"349","Bryson City",2018-12-17,12,2018,"Swain",35.434767,-83.442133,17,NA
"350","Bryson City",2018-12-18,12,2018,"Swain",35.434767,-83.442133,33,NA
"351","Bryson City",2018-12-19,12,2018,"Swain",35.434767,-83.442133,52,NA
"352","Bryson City",2018-12-20,12,2018,"Swain",35.434767,-83.442133,51,NA
"353","Bryson City",2018-12-21,12,2018,"Swain",35.434767,-83.442133,19,NA
"354","Bryson City",2018-12-22,12,2018,"Swain",35.434767,-83.442133,24,NA
"355","Bryson City",2018-12-23,12,2018,"Swain",35.434767,-83.442133,39,NA
"356","Bryson City",2018-12-24,12,2018,"Swain",35.434767,-83.442133,20,NA
"357","Bryson City",2018-12-25,12,2018,"Swain",35.434767,-83.442133,47,NA
"358","Bryson City",2018-12-26,12,2018,"Swain",35.434767,-83.442133,59,NA
"359","Bryson City",2018-12-27,12,2018,"Swain",35.434767,-83.442133,34,NA
"360","Bryson City",2018-12-28,12,2018,"Swain",35.434767,-83.442133,22,NA
"361","Bryson City",2018-12-29,12,2018,"Swain",35.434767,-83.442133,23,NA
"362","Bryson City",2018-12-30,12,2018,"Swain",35.434767,-83.442133,42,NA
"363","Bryson City",2018-12-31,12,2018,"Swain",35.434767,-83.442133,42,NA
"364","Bryson City",2019-01-01,1,2019,"Swain",35.434767,-83.442133,24,NA
"365","Bryson City",2019-01-02,1,2019,"Swain",35.434767,-83.442133,27,NA
"366","Bryson City",2019-01-03,1,2019,"Swain",35.434767,-83.442133,18,NA
"367","Bryson City",2019-01-04,1,2019,"Swain",35.434767,-83.442133,15,NA
"368","Bryson City",2019-01-05,1,2019,"Swain",35.434767,-83.442133,13,NA
"369","Bryson City",2019-01-06,1,2019,"Swain",35.434767,-83.442133,31,NA
"370","Bryson City",2019-01-07,1,2019,"Swain",35.434767,-83.442133,36,NA
"371","Bryson City",2019-01-08,1,2019,"Swain",35.434767,-83.442133,33,NA
"372","Bryson City",2019-01-09,1,2019,"Swain",35.434767,-83.442133,13,NA
"373","Bryson City",2019-01-10,1,2019,"Swain",35.434767,-83.442133,20,NA
"374","Bryson City",2019-01-11,1,2019,"Swain",35.434767,-83.442133,39,NA
"375","Bryson City",2019-01-12,1,2019,"Swain",35.434767,-83.442133,47,NA
"376","Bryson City",2019-01-13,1,2019,"Swain",35.434767,-83.442133,16,NA
"377","Bryson City",2019-01-14,1,2019,"Swain",35.434767,-83.442133,8,NA
"378","Bryson City",2019-01-15,1,2019,"Swain",35.434767,-83.442133,13,NA
"379","Bryson City",2019-01-16,1,2019,"Swain",35.434767,-83.442133,27,NA
"380","Bryson City",2019-01-17,1,2019,"Swain",35.434767,-83.442133,51,NA
"381","Bryson City",2019-01-18,1,2019,"Swain",35.434767,-83.442133,31,NA
"382","Bryson City",2019-01-19,1,2019,"Swain",35.434767,-83.442133,30,NA
"383","Bryson City",2019-01-20,1,2019,"Swain",35.434767,-83.442133,15,NA
"384","Bryson City",2019-01-21,1,2019,"Swain",35.434767,-83.442133,29,NA
"385","Bryson City",2019-01-22,1,2019,"Swain",35.434767,-83.442133,40,NA
"386","Bryson City",2019-01-23,1,2019,"Swain",35.434767,-83.442133,19,NA
"387","Bryson City",2019-01-24,1,2019,"Swain",35.434767,-83.442133,21,NA
"388","Bryson City",2019-01-25,1,2019,"Swain",35.434767,-83.442133,30,NA
"389","Bryson City",2019-01-26,1,2019,"Swain",35.434767,-83.442133,43,NA
"390","Bryson City",2019-01-27,1,2019,"Swain",35.434767,-83.442133,50,NA
"391","Bryson City",2019-01-28,1,2019,"Swain",35.434767,-83.442133,52,NA
"392","Bryson City",2019-01-29,1,2019,"Swain",35.434767,-83.442133,50,NA
"393","Bryson City",2019-01-30,1,2019,"Swain",35.434767,-83.442133,44,NA
"394","Bryson City",2019-01-31,1,2019,"Swain",35.434767,-83.442133,38,NA
"395","Bryson City",2019-02-01,2,2019,"Swain",35.434767,-83.442133,57,NA
"396","Bryson City",2019-02-02,2,2019,"Swain",35.434767,-83.442133,45,NA
"397","Bryson City",2019-02-03,2,2019,"Swain",35.434767,-83.442133,52,NA
"398","Bryson City",2019-02-04,2,2019,"Swain",35.434767,-83.442133,53,NA
"399","Bryson City",2019-02-05,2,2019,"Swain",35.434767,-83.442133,56,NA
"400","Bryson City",2019-02-06,2,2019,"Swain",35.434767,-83.442133,63,NA
"401","Bryson City",2019-02-07,2,2019,"Swain",35.434767,-83.442133,33,NA
"402","Bryson City",2019-02-08,2,2019,"Swain",35.434767,-83.442133,22,NA
"403","Bryson City",2019-02-09,2,2019,"Swain",35.434767,-83.442133,25,NA
"404","Bryson City",2019-02-10,2,2019,"Swain",35.434767,-83.442133,35,NA
"405","Bryson City",2019-02-11,2,2019,"Swain",35.434767,-83.442133,30,NA
"406","Bryson City",2019-02-12,2,2019,"Swain",35.434767,-83.442133,19,NA
"407","Bryson City",2019-02-13,2,2019,"Swain",35.434767,-83.442133,19,40
"408","Bryson City",2019-02-14,2,2019,"Swain",35.434767,-83.442133,31,35
"409","Bryson City",2019-02-15,2,2019,"Swain",35.434767,-83.442133,53,23
"410","Bryson City",2019-02-16,2,2019,"Swain",35.434767,-83.442133,21,34
"411","Bryson City",2019-02-17,2,2019,"Swain",35.434767,-83.442133,24,23
"412","Bryson City",2019-02-18,2,2019,"Swain",35.434767,-83.442133,15,34
"413","Bryson City",2019-02-19,2,2019,"Swain",35.434767,-83.442133,31,38
"414","Bryson City",2019-02-20,2,2019,"Swain",35.434767,-83.442133,13,37
"415","Bryson City",2019-02-21,2,2019,"Swain",35.434767,-83.442133,24,15
"416","Bryson City",2019-02-22,2,2019,"Swain",35.434767,-83.442133,15,31
"417","Bryson City",2019-02-23,2,2019,"Swain",35.434767,-83.442133,20,28
"418","Bryson City",2019-02-24,2,2019,"Swain",35.434767,-83.442133,19,43
"419","Bryson City",2019-02-25,2,2019,"Swain",35.434767,-83.442133,17,42
"420","Bryson City",2019-02-26,2,2019,"Swain",35.434767,-83.442133,35,NA
"421","Bryson City",2019-02-27,2,2019,"Swain",35.434767,-83.442133,43,42
"422","Bryson City",2019-02-28,2,2019,"Swain",35.434767,-83.442133,55,21
"423","Bryson City",2019-03-01,3,2019,"Swain",35.434767,-83.442133,54,19
"424","Bryson City",2019-03-02,3,2019,"Swain",35.434767,-83.442133,21,31
"425","Bryson City",2019-03-03,3,2019,"Swain",35.434767,-83.442133,33,21
"426","Bryson City",2019-03-04,3,2019,"Swain",35.434767,-83.442133,24,37
"427","Bryson City",2019-03-05,3,2019,"Swain",35.434767,-83.442133,25,42
"428","Bryson City",2019-03-06,3,2019,"Swain",35.434767,-83.442133,26,43
"429","Bryson City",2019-03-07,3,2019,"Swain",35.434767,-83.442133,32,44
"430","Bryson City",2019-03-08,3,2019,"Swain",35.434767,-83.442133,44,31
"431","Bryson City",2019-03-09,3,2019,"Swain",35.434767,-83.442133,38,33
"432","Bryson City",2019-03-10,3,2019,"Swain",35.434767,-83.442133,28,44
"433","Bryson City",2019-03-11,3,2019,"Swain",35.434767,-83.442133,23,27
"434","Bryson City",2019-03-12,3,2019,"Swain",35.434767,-83.442133,31,42
"435","Bryson City",2019-03-13,3,2019,"Swain",35.434767,-83.442133,40,47
"436","Bryson City",2019-03-14,3,2019,"Swain",35.434767,-83.442133,30,40
"437","Bryson City",2019-03-15,3,2019,"Swain",35.434767,-83.442133,22,44
"438","Bryson City",2019-03-16,3,2019,"Swain",35.434767,-83.442133,20,44
"439","Bryson City",2019-03-17,3,2019,"Swain",35.434767,-83.442133,26,46
"440","Bryson City",2019-03-18,3,2019,"Swain",35.434767,-83.442133,33,47
"441","Bryson City",2019-03-19,3,2019,"Swain",35.434767,-83.442133,42,48
"442","Bryson City",2019-03-20,3,2019,"Swain",35.434767,-83.442133,35,51
"443","Bryson City",2019-03-21,3,2019,"Swain",35.434767,-83.442133,51,47
"444","Bryson City",2019-03-22,3,2019,"Swain",35.434767,-83.442133,NA,48
"445","Bryson City",2019-03-23,3,2019,"Swain",35.434767,-83.442133,NA,51
"446","Bryson City",2019-03-24,3,2019,"Swain",35.434767,-83.442133,NA,80
"447","Bryson City",2019-03-25,3,2019,"Swain",35.434767,-83.442133,NA,31
"448","Bryson City",2019-03-26,3,2019,"Swain",35.434767,-83.442133,NA,41
"449","Bryson City",2019-03-27,3,2019,"Swain",35.434767,-83.442133,23,43
"450","Bryson City",2019-03-28,3,2019,"Swain",35.434767,-83.442133,29,48
"451","Bryson City",2019-03-29,3,2019,"Swain",35.434767,-83.442133,43,51
"452","Bryson City",2019-03-30,3,2019,"Swain",35.434767,-83.442133,50,54
"453","Bryson City",2019-03-31,3,2019,"Swain",35.434767,-83.442133,21,43
"454","Bryson City",2019-04-01,4,2019,"Swain",35.434767,-83.442133,15,47
"455","Bryson City",2019-04-02,4,2019,"Swain",35.434767,-83.442133,30,45
"456","Bryson City",2019-04-03,4,2019,"Swain",35.434767,-83.442133,39,49
"457","Bryson City",2019-04-04,4,2019,"Swain",35.434767,-83.442133,45,58
"458","Bryson City",2019-04-05,4,2019,"Swain",35.434767,-83.442133,25,42
"459","Bryson City",2019-04-06,4,2019,"Swain",35.434767,-83.442133,23,42
"460","Bryson City",2019-04-07,4,2019,"Swain",35.434767,-83.442133,28,40
"461","Bryson City",2019-04-08,4,2019,"Swain",35.434767,-83.442133,22,22
"462","Bryson City",2019-04-09,4,2019,"Swain",35.434767,-83.442133,14,40
"463","Bryson City",2019-04-10,4,2019,"Swain",35.434767,-83.442133,18,45
"464","Bryson City",2019-04-11,4,2019,"Swain",35.434767,-83.442133,29,49
"465","Bryson City",2019-04-12,4,2019,"Swain",35.434767,-83.442133,28,44
"466","Bryson City",2019-04-13,4,2019,"Swain",35.434767,-83.442133,32,37
"467","Bryson City",2019-04-14,4,2019,"Swain",35.434767,-83.442133,29,42
"468","Bryson City",2019-04-15,4,2019,"Swain",35.434767,-83.442133,19,46
"469","Bryson City",2019-04-16,4,2019,"Swain",35.434767,-83.442133,22,47
"470","Bryson City",2019-04-17,4,2019,"Swain",35.434767,-83.442133,27,54
"471","Bryson City",2019-04-18,4,2019,"Swain",35.434767,-83.442133,40,51
"472","Bryson City",2019-04-19,4,2019,"Swain",35.434767,-83.442133,17,38
"473","Bryson City",2019-04-20,4,2019,"Swain",35.434767,-83.442133,8,31
"474","Bryson City",2019-04-21,4,2019,"Swain",35.434767,-83.442133,11,49
"475","Bryson City",2019-04-22,4,2019,"Swain",35.434767,-83.442133,14,40
"476","Bryson City",2019-04-23,4,2019,"Swain",35.434767,-83.442133,27,45
"477","Bryson City",2019-04-24,4,2019,"Swain",35.434767,-83.442133,35,45
"478","Bryson City",2019-04-25,4,2019,"Swain",35.434767,-83.442133,38,42
"479","Bryson City",2019-04-26,4,2019,"Swain",35.434767,-83.442133,21,54
"480","Bryson City",2019-04-27,4,2019,"Swain",35.434767,-83.442133,23,61
"481","Bryson City",2019-04-28,4,2019,"Swain",35.434767,-83.442133,31,58
"482","Bryson City",2019-04-29,4,2019,"Swain",35.434767,-83.442133,43,49
"483","Bryson City",2019-04-30,4,2019,"Swain",35.434767,-83.442133,49,50
"484","Bryson City",2019-05-01,5,2019,"Swain",35.434767,-83.442133,40,38
"485","Bryson City",2019-05-02,5,2019,"Swain",35.434767,-83.442133,33,38
"486","Bryson City",2019-05-03,5,2019,"Swain",35.434767,-83.442133,30,26
"487","Bryson City",2019-05-04,5,2019,"Swain",35.434767,-83.442133,27,25
"488","Bryson City",2019-05-05,5,2019,"Swain",35.434767,-83.442133,12,37
"489","Bryson City",2019-05-06,5,2019,"Swain",35.434767,-83.442133,14,41
"490","Bryson City",2019-05-07,5,2019,"Swain",35.434767,-83.442133,26,42
"491","Bryson City",2019-05-09,5,2019,"Swain",35.434767,-83.442133,34,37
"492","Bryson City",2019-05-10,5,2019,"Swain",35.434767,-83.442133,30,35
"493","Bryson City",2019-05-11,5,2019,"Swain",35.434767,-83.442133,16,20
"494","Bryson City",2019-05-12,5,2019,"Swain",35.434767,-83.442133,8,32
"495","Bryson City",2019-05-13,5,2019,"Swain",35.434767,-83.442133,15,38
"496","Bryson City",2019-05-14,5,2019,"Swain",35.434767,-83.442133,20,46
"497","Bryson City",2019-05-15,5,2019,"Swain",35.434767,-83.442133,25,39
"498","Bryson City",2019-05-16,5,2019,"Swain",35.434767,-83.442133,28,49
"499","Bryson City",2019-05-17,5,2019,"Swain",35.434767,-83.442133,41,44
"500","Bryson City",2019-05-18,5,2019,"Swain",35.434767,-83.442133,51,44
"501","Bryson City",2019-05-19,5,2019,"Swain",35.434767,-83.442133,53,49
"502","Bryson City",2019-05-20,5,2019,"Swain",35.434767,-83.442133,43,45
"503","Bryson City",2019-05-21,5,2019,"Swain",35.434767,-83.442133,28,44
"504","Bryson City",2019-05-22,5,2019,"Swain",35.434767,-83.442133,43,45
"505","Bryson City",2019-05-23,5,2019,"Swain",35.434767,-83.442133,52,38
"506","Bryson City",2019-05-24,5,2019,"Swain",35.434767,-83.442133,NA,41
"507","Bryson City",2019-05-25,5,2019,"Swain",35.434767,-83.442133,NA,40
"508","Bryson City",2019-05-26,5,2019,"Swain",35.434767,-83.442133,NA,43
"509","Bryson City",2019-05-27,5,2019,"Swain",35.434767,-83.442133,NA,42
"510","Bryson City",2019-05-28,5,2019,"Swain",35.434767,-83.442133,30,36
"511","Bryson City",2019-05-29,5,2019,"Swain",35.434767,-83.442133,48,42
"512","Bryson City",2019-05-30,5,2019,"Swain",35.434767,-83.442133,48,45
"513","Bryson City",2019-05-31,5,2019,"Swain",35.434767,-83.442133,32,47
"514","Bryson City",2019-06-01,6,2019,"Swain",35.434767,-83.442133,45,50
"515","Bryson City",2019-06-02,6,2019,"Swain",35.434767,-83.442133,50,51
"516","Bryson City",2019-06-03,6,2019,"Swain",35.434767,-83.442133,54,7
"517","Bryson City",2019-06-04,6,2019,"Swain",35.434767,-83.442133,58,50
"518","Bryson City",2019-06-05,6,2019,"Swain",35.434767,-83.442133,60,31
"519","Bryson City",2019-06-06,6,2019,"Swain",35.434767,-83.442133,36,24
"520","Bryson City",2019-06-07,6,2019,"Swain",35.434767,-83.442133,13,24
"521","Bryson City",2019-06-08,6,2019,"Swain",35.434767,-83.442133,19,29
"522","Bryson City",2019-06-09,6,2019,"Swain",35.434767,-83.442133,10,28
"523","Bryson City",2019-06-10,6,2019,"Swain",35.434767,-83.442133,18,26
"524","Bryson City",2019-06-11,6,2019,"Swain",35.434767,-83.442133,22,41
"525","Bryson City",2019-06-12,6,2019,"Swain",35.434767,-83.442133,31,32
"526","Bryson City",2019-06-13,6,2019,"Swain",35.434767,-83.442133,27,44
"527","Bryson City",2019-06-14,6,2019,"Swain",35.434767,-83.442133,27,38
"528","Bryson City",2019-06-15,6,2019,"Swain",35.434767,-83.442133,43,45
"529","Bryson City",2019-06-16,6,2019,"Swain",35.434767,-83.442133,50,36
"530","Bryson City",2019-06-17,6,2019,"Swain",35.434767,-83.442133,28,33
"531","Bryson City",2019-06-18,6,2019,"Swain",35.434767,-83.442133,8,23
"532","Bryson City",2019-06-19,6,2019,"Swain",35.434767,-83.442133,12,24
"533","Bryson City",2019-06-20,6,2019,"Swain",35.434767,-83.442133,NA,42
"534","Bryson City",2019-06-21,6,2019,"Swain",35.434767,-83.442133,NA,39
"535","Bryson City",2019-06-22,6,2019,"Swain",35.434767,-83.442133,20,24
"536","Bryson City",2019-06-23,6,2019,"Swain",35.434767,-83.442133,24,26
"537","Bryson City",2019-06-24,6,2019,"Swain",35.434767,-83.442133,41,23
"538","Bryson City",2019-06-25,6,2019,"Swain",35.434767,-83.442133,22,40
"539","Bryson City",2019-06-26,6,2019,"Swain",35.434767,-83.442133,31,33
"540","Bryson City",2019-06-27,6,2019,"Swain",35.434767,-83.442133,27,37
"541","Bryson City",2019-06-28,6,2019,"Swain",35.434767,-83.442133,NA,38
"542","Bryson City",2019-06-29,6,2019,"Swain",35.434767,-83.442133,NA,42
"543","Bryson City",2019-06-30,6,2019,"Swain",35.434767,-83.442133,NA,39
"544","Bryson City",2019-07-01,7,2019,"Swain",35.434767,-83.442133,45,42
"545","Bryson City",2019-07-02,7,2019,"Swain",35.434767,-83.442133,32,39
"546","Bryson City",2019-07-03,7,2019,"Swain",35.434767,-83.442133,30,34
"547","Bryson City",2019-07-04,7,2019,"Swain",35.434767,-83.442133,35,33
"548","Bryson City",2019-07-05,7,2019,"Swain",35.434767,-83.442133,38,27
"549","Bryson City",2019-07-06,7,2019,"Swain",35.434767,-83.442133,28,28
"550","Bryson City",2019-07-07,7,2019,"Swain",35.434767,-83.442133,41,26
"551","Bryson City",2019-07-08,7,2019,"Swain",35.434767,-83.442133,28,30
"552","Bryson City",2019-07-09,7,2019,"Swain",35.434767,-83.442133,33,35
"553","Bryson City",2019-07-10,7,2019,"Swain",35.434767,-83.442133,36,34
"554","Bryson City",2019-07-11,7,2019,"Swain",35.434767,-83.442133,27,30
"555","Bryson City",2019-07-12,7,2019,"Swain",35.434767,-83.442133,23,24
"556","Bryson City",2019-07-13,7,2019,"Swain",35.434767,-83.442133,14,19
"557","Bryson City",2019-07-14,7,2019,"Swain",35.434767,-83.442133,13,22
"558","Bryson City",2019-07-15,7,2019,"Swain",35.434767,-83.442133,25,22
"559","Bryson City",2019-07-16,7,2019,"Swain",35.434767,-83.442133,47,21
"560","Bryson City",2019-07-17,7,2019,"Swain",35.434767,-83.442133,35,18
"561","Bryson City",2019-07-18,7,2019,"Swain",35.434767,-83.442133,26,27
"562","Bryson City",2019-07-19,7,2019,"Swain",35.434767,-83.442133,28,28
"563","Bryson City",2019-07-20,7,2019,"Swain",35.434767,-83.442133,22,26
"564","Bryson City",2019-07-21,7,2019,"Swain",35.434767,-83.442133,32,24
"565","Bryson City",2019-07-22,7,2019,"Swain",35.434767,-83.442133,25,23
"566","Bryson City",2019-07-23,7,2019,"Swain",35.434767,-83.442133,17,32
"567","Bryson City",2019-07-24,7,2019,"Swain",35.434767,-83.442133,33,38
"568","Bryson City",2019-07-25,7,2019,"Swain",35.434767,-83.442133,38,38
"569","Bryson City",2019-07-26,7,2019,"Swain",35.434767,-83.442133,48,42
"570","Bryson City",2019-07-27,7,2019,"Swain",35.434767,-83.442133,54,40
"571","Bryson City",2019-07-28,7,2019,"Swain",35.434767,-83.442133,47,36
"572","Bryson City",2019-07-29,7,2019,"Swain",35.434767,-83.442133,44,36
"573","Bryson City",2019-07-30,7,2019,"Swain",35.434767,-83.442133,52,34
"574","Bryson City",2019-07-31,7,2019,"Swain",35.434767,-83.442133,47,35
"575","Bryson City",2019-08-01,8,2019,"Swain",35.434767,-83.442133,35,34
"576","Bryson City",2019-08-02,8,2019,"Swain",35.434767,-83.442133,NA,31
"577","Bryson City",2019-08-03,8,2019,"Swain",35.434767,-83.442133,NA,31
"578","Bryson City",2019-08-04,8,2019,"Swain",35.434767,-83.442133,NA,28
"579","Bryson City",2019-08-05,8,2019,"Swain",35.434767,-83.442133,NA,31
"580","Bryson City",2019-08-06,8,2019,"Swain",35.434767,-83.442133,38,35
"581","Bryson City",2019-08-07,8,2019,"Swain",35.434767,-83.442133,43,42
"582","Bryson City",2019-08-08,8,2019,"Swain",35.434767,-83.442133,39,36
"583","Bryson City",2019-08-09,8,2019,"Swain",35.434767,-83.442133,41,39
"584","Bryson City",2019-08-10,8,2019,"Swain",35.434767,-83.442133,41,32
"585","Bryson City",2019-08-11,8,2019,"Swain",35.434767,-83.442133,NA,33
"586","Bryson City",2019-08-12,8,2019,"Swain",35.434767,-83.442133,NA,36
"587","Bryson City",2019-08-13,8,2019,"Swain",35.434767,-83.442133,NA,36
"588","Bryson City",2019-08-14,8,2019,"Swain",35.434767,-83.442133,26,32
"589","Bryson City",2019-08-15,8,2019,"Swain",35.434767,-83.442133,35,42
"590","Bryson City",2019-08-16,8,2019,"Swain",35.434767,-83.442133,34,39
"591","Bryson City",2019-08-17,8,2019,"Swain",35.434767,-83.442133,34,35
"592","Bryson City",2019-08-18,8,2019,"Swain",35.434767,-83.442133,39,36
"593","Bryson City",2019-08-19,8,2019,"Swain",35.434767,-83.442133,40,33
"594","Bryson City",2019-08-20,8,2019,"Swain",35.434767,-83.442133,37,31
"595","Bryson City",2019-08-21,8,2019,"Swain",35.434767,-83.442133,30,36
"596","Bryson City",2019-08-22,8,2019,"Swain",35.434767,-83.442133,38,28
"597","Bryson City",2019-08-23,8,2019,"Swain",35.434767,-83.442133,27,25
"598","Bryson City",2019-08-24,8,2019,"Swain",35.434767,-83.442133,27,26
"599","Bryson City",2019-08-25,8,2019,"Swain",35.434767,-83.442133,23,23
"600","Bryson City",2019-08-26,8,2019,"Swain",35.434767,-83.442133,28,22
"601","Bryson City",2019-08-27,8,2019,"Swain",35.434767,-83.442133,17,19
"602","Bryson City",2019-08-28,8,2019,"Swain",35.434767,-83.442133,23,39
"603","Bryson City",2019-08-29,8,2019,"Swain",35.434767,-83.442133,28,32
"604","Bryson City",2019-08-30,8,2019,"Swain",35.434767,-83.442133,23,30
"605","Bryson City",2019-08-31,8,2019,"Swain",35.434767,-83.442133,38,38
"606","Bryson City",2019-09-01,9,2019,"Swain",35.434767,-83.442133,NA,38
"607","Bryson City",2019-09-02,9,2019,"Swain",35.434767,-83.442133,NA,34
"608","Bryson City",2019-09-03,9,2019,"Swain",35.434767,-83.442133,NA,33
"609","Bryson City",2019-09-04,9,2019,"Swain",35.434767,-83.442133,43,31
"610","Bryson City",2019-09-05,9,2019,"Swain",35.434767,-83.442133,45,41
"611","Bryson City",2019-09-06,9,2019,"Swain",35.434767,-83.442133,39,37
"612","Bryson City",2019-09-07,9,2019,"Swain",35.434767,-83.442133,41,43
"613","Bryson City",2019-09-08,9,2019,"Swain",35.434767,-83.442133,38,36
"614","Bryson City",2019-09-09,9,2019,"Swain",35.434767,-83.442133,32,31
"615","Bryson City",2019-09-10,9,2019,"Swain",35.434767,-83.442133,43,46
"616","Bryson City",2019-09-11,9,2019,"Swain",35.434767,-83.442133,52,38
"617","Bryson City",2019-09-12,9,2019,"Swain",35.434767,-83.442133,51,32
"618","Bryson City",2019-09-13,9,2019,"Swain",35.434767,-83.442133,54,34
"619","Bryson City",2019-09-14,9,2019,"Swain",35.434767,-83.442133,45,34
"620","Bryson City",2019-09-15,9,2019,"Swain",35.434767,-83.442133,41,32
"621","Bryson City",2019-09-16,9,2019,"Swain",35.434767,-83.442133,27,39
"622","Bryson City",2019-09-17,9,2019,"Swain",35.434767,-83.442133,43,43
"623","Bryson City",2019-09-18,9,2019,"Swain",35.434767,-83.442133,47,35
"624","Bryson City",2019-09-19,9,2019,"Swain",35.434767,-83.442133,37,31
"625","Bryson City",2019-09-20,9,2019,"Swain",35.434767,-83.442133,41,37
"626","Bryson City",2019-09-21,9,2019,"Swain",35.434767,-83.442133,39,32
"627","Bryson City",2019-09-22,9,2019,"Swain",35.434767,-83.442133,45,36
"628","Bryson City",2019-09-23,9,2019,"Swain",35.434767,-83.442133,38,32
"629","Bryson City",2019-09-24,9,2019,"Swain",35.434767,-83.442133,33,41
"630","Bryson City",2019-09-25,9,2019,"Swain",35.434767,-83.442133,24,38
"631","Bryson City",2019-09-26,9,2019,"Swain",35.434767,-83.442133,25,36
"632","Bryson City",2019-09-27,9,2019,"Swain",35.434767,-83.442133,25,32
"633","Bryson City",2019-09-28,9,2019,"Swain",35.434767,-83.442133,36,32
"634","Bryson City",2019-09-29,9,2019,"Swain",35.434767,-83.442133,35,34
"635","Bryson City",2019-09-30,9,2019,"Swain",35.434767,-83.442133,34,25
"636","Bryson City",2019-10-01,10,2019,"Swain",35.434767,-83.442133,41,30
"637","Bryson City",2019-10-02,10,2019,"Swain",35.434767,-83.442133,42,41
"638","Bryson City",2019-10-03,10,2019,"Swain",35.434767,-83.442133,35,39
"639","Bryson City",2019-10-04,10,2019,"Swain",35.434767,-83.442133,31,41
"640","Bryson City",2019-10-05,10,2019,"Swain",35.434767,-83.442133,21,30
"641","Bryson City",2019-10-06,10,2019,"Swain",35.434767,-83.442133,13,23
"642","Bryson City",2019-10-07,10,2019,"Swain",35.434767,-83.442133,14,30
"643","Bryson City",2019-10-08,10,2019,"Swain",35.434767,-83.442133,8,22
"644","Bryson City",2019-10-09,10,2019,"Swain",35.434767,-83.442133,11,31
"645","Bryson City",2019-10-10,10,2019,"Swain",35.434767,-83.442133,20,34
"646","Bryson City",2019-10-11,10,2019,"Swain",35.434767,-83.442133,23,37
"647","Bryson City",2019-10-12,10,2019,"Swain",35.434767,-83.442133,27,30
"648","Bryson City",2019-10-13,10,2019,"Swain",35.434767,-83.442133,NA,29
"649","Bryson City",2019-10-14,10,2019,"Swain",35.434767,-83.442133,NA,34
"650","Bryson City",2019-10-15,10,2019,"Swain",35.434767,-83.442133,NA,27
"651","Bryson City",2019-10-16,10,2019,"Swain",35.434767,-83.442133,26,34
"652","Bryson City",2019-10-17,10,2019,"Swain",35.434767,-83.442133,19,NA
"653","Bryson City",2019-10-18,10,2019,"Swain",35.434767,-83.442133,17,31
"654","Bryson City",2019-10-19,10,2019,"Swain",35.434767,-83.442133,28,25
"655","Bryson City",2019-10-20,10,2019,"Swain",35.434767,-83.442133,15,26
"656","Bryson City",2019-10-21,10,2019,"Swain",35.434767,-83.442133,16,25
"657","Bryson City",2019-10-22,10,2019,"Swain",35.434767,-83.442133,19,35
"658","Bryson City",2019-10-23,10,2019,"Swain",35.434767,-83.442133,NA,31
"659","Bryson City",2019-10-24,10,2019,"Swain",35.434767,-83.442133,NA,35
"660","Bryson City",2019-10-25,10,2019,"Swain",35.434767,-83.442133,32,17
"661","Bryson City",2019-10-26,10,2019,"Swain",35.434767,-83.442133,25,24
"662","Bryson City",2019-10-27,10,2019,"Swain",35.434767,-83.442133,8,29
"663","Bryson City",2019-10-28,10,2019,"Swain",35.434767,-83.442133,9,32
"664","Bryson City",2019-10-29,10,2019,"Swain",35.434767,-83.442133,20,28
"665","Bryson City",2019-10-30,10,2019,"Swain",35.434767,-83.442133,15,17
"666","Bryson City",2019-10-31,10,2019,"Swain",35.434767,-83.442133,0,19
"667","Bryson City",2019-11-01,11,2019,"Swain",35.434767,-83.442133,15,NA
"668","Bryson City",2019-11-02,11,2019,"Swain",35.434767,-83.442133,19,NA
"669","Bryson City",2019-11-03,11,2019,"Swain",35.434767,-83.442133,26,NA
"670","Bryson City",2019-11-04,11,2019,"Swain",35.434767,-83.442133,34,NA
"671","Bryson City",2019-11-05,11,2019,"Swain",35.434767,-83.442133,30,NA
"672","Bryson City",2019-11-06,11,2019,"Swain",35.434767,-83.442133,26,NA
"673","Bryson City",2019-11-07,11,2019,"Swain",35.434767,-83.442133,38,NA
"674","Bryson City",2019-11-08,11,2019,"Swain",35.434767,-83.442133,11,NA
"675","Bryson City",2019-11-09,11,2019,"Swain",35.434767,-83.442133,30,NA
"676","Bryson City",2019-11-10,11,2019,"Swain",35.434767,-83.442133,40,NA
"677","Bryson City",2019-11-11,11,2019,"Swain",35.434767,-83.442133,26,NA
"678","Bryson City",2019-11-12,11,2019,"Swain",35.434767,-83.442133,11,NA
"679","Bryson City",2019-11-13,11,2019,"Swain",35.434767,-83.442133,23,NA
"680","Bryson City",2019-11-14,11,2019,"Swain",35.434767,-83.442133,37,NA
"681","Bryson City",2019-11-15,11,2019,"Swain",35.434767,-83.442133,31,NA
"682","Bryson City",2019-11-16,11,2019,"Swain",35.434767,-83.442133,21,NA
"683","Bryson City",2019-11-17,11,2019,"Swain",35.434767,-83.442133,30,NA
"684","Bryson City",2019-11-18,11,2019,"Swain",35.434767,-83.442133,32,NA
"685","Bryson City",2019-11-19,11,2019,"Swain",35.434767,-83.442133,28,NA
"686","Bryson City",2019-11-20,11,2019,"Swain",35.434767,-83.442133,19,NA
"687","Bryson City",2019-11-21,11,2019,"Swain",35.434767,-83.442133,23,NA
"688","Bryson City",2019-11-22,11,2019,"Swain",35.434767,-83.442133,47,NA
"689","Bryson City",2019-11-23,11,2019,"Swain",35.434767,-83.442133,26,NA
"690","Bryson City",2019-11-24,11,2019,"Swain",35.434767,-83.442133,7,NA
"691","Bryson City",2019-11-25,11,2019,"Swain",35.434767,-83.442133,20,NA
"692","Bryson City",2019-11-26,11,2019,"Swain",35.434767,-83.442133,38,NA
"693","Bryson City",2019-11-27,11,2019,"Swain",35.434767,-83.442133,22,NA
"694","Bryson City",2019-11-28,11,2019,"Swain",35.434767,-83.442133,4,NA
"695","Bryson City",2019-11-29,11,2019,"Swain",35.434767,-83.442133,20,NA
"696","Bryson City",2019-11-30,11,2019,"Swain",35.434767,-83.442133,20,NA
"697","Bryson City",2019-12-01,12,2019,"Swain",35.434767,-83.442133,9,NA
"698","Bryson City",2019-12-02,12,2019,"Swain",35.434767,-83.442133,3,NA
"699","Bryson City",2019-12-03,12,2019,"Swain",35.434767,-83.442133,5,NA
"700","Bryson City",2019-12-04,12,2019,"Swain",35.434767,-83.442133,13,NA
"701","Bryson City",2019-12-05,12,2019,"Swain",35.434767,-83.442133,7,NA
"702","Bryson City",2019-12-06,12,2019,"Swain",35.434767,-83.442133,39,NA
"703","Bryson City",2019-12-07,12,2019,"Swain",35.434767,-83.442133,43,NA
"704","Bryson City",2019-12-08,12,2019,"Swain",35.434767,-83.442133,52,NA
"705","Bryson City",2019-12-09,12,2019,"Swain",35.434767,-83.442133,27,NA
"706","Bryson City",2019-12-10,12,2019,"Swain",35.434767,-83.442133,11,NA
"707","Bryson City",2019-12-11,12,2019,"Swain",35.434767,-83.442133,10,NA
"708","Bryson City",2019-12-12,12,2019,"Swain",35.434767,-83.442133,21,NA
"709","Bryson City",2019-12-13,12,2019,"Swain",35.434767,-83.442133,20,NA
"710","Bryson City",2019-12-14,12,2019,"Swain",35.434767,-83.442133,4,NA
"711","Bryson City",2019-12-15,12,2019,"Swain",35.434767,-83.442133,19,NA
"712","Bryson City",2019-12-16,12,2019,"Swain",35.434767,-83.442133,41,NA
"713","Bryson City",2019-12-17,12,2019,"Swain",35.434767,-83.442133,0,NA
"714","Bryson City",2019-12-18,12,2019,"Swain",35.434767,-83.442133,10,NA
"715","Bryson City",2019-12-19,12,2019,"Swain",35.434767,-83.442133,23,NA
"716","Bryson City",2019-12-20,12,2019,"Swain",35.434767,-83.442133,43,NA
"717","Bryson City",2019-12-21,12,2019,"Swain",35.434767,-83.442133,45,NA
"718","Bryson City",2019-12-22,12,2019,"Swain",35.434767,-83.442133,36,NA
"719","Bryson City",2019-12-23,12,2019,"Swain",35.434767,-83.442133,14,NA
"720","Bryson City",2019-12-24,12,2019,"Swain",35.434767,-83.442133,6,NA
"721","Bryson City",2019-12-25,12,2019,"Swain",35.434767,-83.442133,23,NA
"722","Bryson City",2019-12-26,12,2019,"Swain",35.434767,-83.442133,25,NA
"723","Bryson City",2019-12-27,12,2019,"Swain",35.434767,-83.442133,43,NA
"724","Bryson City",2019-12-31,12,2019,"Swain",35.434767,-83.442133,0,NA
"725","Castle Hayne",2018-01-01,1,2018,"New Hanover",34.364167,-77.838611,13,NA
"726","Castle Hayne",2018-01-02,1,2018,"New Hanover",34.364167,-77.838611,15,NA
"727","Castle Hayne",2018-01-03,1,2018,"New Hanover",34.364167,-77.838611,18,NA
"728","Castle Hayne",2018-01-04,1,2018,"New Hanover",34.364167,-77.838611,19,NA
"729","Castle Hayne",2018-01-05,1,2018,"New Hanover",34.364167,-77.838611,15,NA
"730","Castle Hayne",2018-01-06,1,2018,"New Hanover",34.364167,-77.838611,21,NA
"731","Castle Hayne",2018-01-07,1,2018,"New Hanover",34.364167,-77.838611,9,NA
"732","Castle Hayne",2018-01-08,1,2018,"New Hanover",34.364167,-77.838611,11,NA
"733","Castle Hayne",2018-01-09,1,2018,"New Hanover",34.364167,-77.838611,20,NA
"734","Castle Hayne",2018-01-10,1,2018,"New Hanover",34.364167,-77.838611,14,NA
"735","Castle Hayne",2018-01-11,1,2018,"New Hanover",34.364167,-77.838611,12,NA
"736","Castle Hayne",2018-01-12,1,2018,"New Hanover",34.364167,-77.838611,0,NA
"737","Castle Hayne",2018-01-13,1,2018,"New Hanover",34.364167,-77.838611,10,NA
"738","Castle Hayne",2018-01-14,1,2018,"New Hanover",34.364167,-77.838611,10,NA
"739","Castle Hayne",2018-01-15,1,2018,"New Hanover",34.364167,-77.838611,21,NA
"740","Castle Hayne",2018-01-16,1,2018,"New Hanover",34.364167,-77.838611,20,NA
"741","Castle Hayne",2018-01-17,1,2018,"New Hanover",34.364167,-77.838611,24,NA
"742","Castle Hayne",2018-01-18,1,2018,"New Hanover",34.364167,-77.838611,30,NA
"743","Castle Hayne",2018-01-20,1,2018,"New Hanover",34.364167,-77.838611,21,NA
"744","Castle Hayne",2018-01-22,1,2018,"New Hanover",34.364167,-77.838611,25,NA
"745","Castle Hayne",2018-01-23,1,2018,"New Hanover",34.364167,-77.838611,8,NA
"746","Castle Hayne",2018-01-24,1,2018,"New Hanover",34.364167,-77.838611,7,NA
"747","Castle Hayne",2018-01-25,1,2018,"New Hanover",34.364167,-77.838611,13,NA
"748","Castle Hayne",2018-01-26,1,2018,"New Hanover",34.364167,-77.838611,6,NA
"749","Castle Hayne",2018-01-27,1,2018,"New Hanover",34.364167,-77.838611,3,NA
"750","Castle Hayne",2018-01-28,1,2018,"New Hanover",34.364167,-77.838611,0,NA
"751","Castle Hayne",2018-01-29,1,2018,"New Hanover",34.364167,-77.838611,0,NA
"752","Castle Hayne",2018-01-30,1,2018,"New Hanover",34.364167,-77.838611,5,NA
"753","Castle Hayne",2018-01-31,1,2018,"New Hanover",34.364167,-77.838611,8,NA
"754","Castle Hayne",2018-02-01,2,2018,"New Hanover",34.364167,-77.838611,15,NA
"755","Castle Hayne",2018-02-02,2,2018,"New Hanover",34.364167,-77.838611,10,NA
"756","Castle Hayne",2018-02-03,2,2018,"New Hanover",34.364167,-77.838611,8,NA
"757","Castle Hayne",2018-02-04,2,2018,"New Hanover",34.364167,-77.838611,9,NA
"758","Castle Hayne",2018-02-05,2,2018,"New Hanover",34.364167,-77.838611,20,NA
"759","Castle Hayne",2018-02-06,2,2018,"New Hanover",34.364167,-77.838611,8,NA
"760","Castle Hayne",2018-02-07,2,2018,"New Hanover",34.364167,-77.838611,6,NA
"761","Castle Hayne",2018-02-08,2,2018,"New Hanover",34.364167,-77.838611,15,NA
"762","Castle Hayne",2018-02-09,2,2018,"New Hanover",34.364167,-77.838611,21,NA
"763","Castle Hayne",2018-02-10,2,2018,"New Hanover",34.364167,-77.838611,0,NA
"764","Castle Hayne",2018-02-11,2,2018,"New Hanover",34.364167,-77.838611,10,NA
"765","Castle Hayne",2018-02-12,2,2018,"New Hanover",34.364167,-77.838611,2,NA
"766","Castle Hayne",2018-02-13,2,2018,"New Hanover",34.364167,-77.838611,20,NA
"767","Castle Hayne",2018-02-14,2,2018,"New Hanover",34.364167,-77.838611,15,NA
"768","Castle Hayne",2018-02-15,2,2018,"New Hanover",34.364167,-77.838611,15,NA
"769","Castle Hayne",2018-02-16,2,2018,"New Hanover",34.364167,-77.838611,25,NA
"770","Castle Hayne",2018-02-17,2,2018,"New Hanover",34.364167,-77.838611,11,NA
"771","Castle Hayne",2018-02-18,2,2018,"New Hanover",34.364167,-77.838611,13,NA
"772","Castle Hayne",2018-02-19,2,2018,"New Hanover",34.364167,-77.838611,10,NA
"773","Castle Hayne",2018-02-21,2,2018,"New Hanover",34.364167,-77.838611,4,NA
"774","Castle Hayne",2018-02-22,2,2018,"New Hanover",34.364167,-77.838611,6,NA
"775","Castle Hayne",2018-02-23,2,2018,"New Hanover",34.364167,-77.838611,2,NA
"776","Castle Hayne",2018-02-24,2,2018,"New Hanover",34.364167,-77.838611,1,NA
"777","Castle Hayne",2018-02-25,2,2018,"New Hanover",34.364167,-77.838611,0,NA
"778","Castle Hayne",2018-02-26,2,2018,"New Hanover",34.364167,-77.838611,6,NA
"779","Castle Hayne",2018-02-27,2,2018,"New Hanover",34.364167,-77.838611,3,NA
"780","Castle Hayne",2018-02-28,2,2018,"New Hanover",34.364167,-77.838611,6,NA
"781","Castle Hayne",2018-03-01,3,2018,"New Hanover",34.364167,-77.838611,9,32
"782","Castle Hayne",2018-03-02,3,2018,"New Hanover",34.364167,-77.838611,3,44
"783","Castle Hayne",2018-03-03,3,2018,"New Hanover",34.364167,-77.838611,0,44
"784","Castle Hayne",2018-03-04,3,2018,"New Hanover",34.364167,-77.838611,0,41
"785","Castle Hayne",2018-03-05,3,2018,"New Hanover",34.364167,-77.838611,5,44
"786","Castle Hayne",2018-03-06,3,2018,"New Hanover",34.364167,-77.838611,15,44
"787","Castle Hayne",2018-03-07,3,2018,"New Hanover",34.364167,-77.838611,22,36
"788","Castle Hayne",2018-03-08,3,2018,"New Hanover",34.364167,-77.838611,10,38
"789","Castle Hayne",2018-03-09,3,2018,"New Hanover",34.364167,-77.838611,17,44
"790","Castle Hayne",2018-03-10,3,2018,"New Hanover",34.364167,-77.838611,55,NA
"791","Castle Hayne",2018-03-11,3,2018,"New Hanover",34.364167,-77.838611,28,NA
"792","Castle Hayne",2018-03-12,3,2018,"New Hanover",34.364167,-77.838611,18,34
"793","Castle Hayne",2018-03-13,3,2018,"New Hanover",34.364167,-77.838611,20,43
"794","Castle Hayne",2018-03-14,3,2018,"New Hanover",34.364167,-77.838611,20,43
"795","Castle Hayne",2018-03-15,3,2018,"New Hanover",34.364167,-77.838611,19,48
"796","Castle Hayne",2018-03-16,3,2018,"New Hanover",34.364167,-77.838611,56,71
"797","Castle Hayne",2018-03-17,3,2018,"New Hanover",34.364167,-77.838611,38,48
"798","Castle Hayne",2018-03-18,3,2018,"New Hanover",34.364167,-77.838611,36,44
"799","Castle Hayne",2018-03-19,3,2018,"New Hanover",34.364167,-77.838611,9,44
"800","Castle Hayne",2018-03-20,3,2018,"New Hanover",34.364167,-77.838611,8,34
"801","Castle Hayne",2018-03-21,3,2018,"New Hanover",34.364167,-77.838611,7,27
"802","Castle Hayne",2018-03-22,3,2018,"New Hanover",34.364167,-77.838611,13,44
"803","Castle Hayne",2018-03-23,3,2018,"New Hanover",34.364167,-77.838611,18,48
"804","Castle Hayne",2018-03-24,3,2018,"New Hanover",34.364167,-77.838611,23,44
"805","Castle Hayne",2018-03-25,3,2018,"New Hanover",34.364167,-77.838611,7,44
"806","Castle Hayne",2018-03-26,3,2018,"New Hanover",34.364167,-77.838611,13,43
"807","Castle Hayne",2018-03-27,3,2018,"New Hanover",34.364167,-77.838611,21,31
"808","Castle Hayne",2018-03-28,3,2018,"New Hanover",34.364167,-77.838611,26,43
"809","Castle Hayne",2018-03-29,3,2018,"New Hanover",34.364167,-77.838611,1,44
"810","Castle Hayne",2018-03-30,3,2018,"New Hanover",34.364167,-77.838611,22,39
"811","Castle Hayne",2018-03-31,3,2018,"New Hanover",34.364167,-77.838611,8,44
"812","Castle Hayne",2018-04-01,4,2018,"New Hanover",34.364167,-77.838611,14,46
"813","Castle Hayne",2018-04-02,4,2018,"New Hanover",34.364167,-77.838611,19,47
"814","Castle Hayne",2018-04-03,4,2018,"New Hanover",34.364167,-77.838611,28,31
"815","Castle Hayne",2018-04-04,4,2018,"New Hanover",34.364167,-77.838611,14,43
"816","Castle Hayne",2018-04-05,4,2018,"New Hanover",34.364167,-77.838611,9,48
"817","Castle Hayne",2018-04-06,4,2018,"New Hanover",34.364167,-77.838611,16,64
"818","Castle Hayne",2018-04-07,4,2018,"New Hanover",34.364167,-77.838611,23,41
"819","Castle Hayne",2018-04-08,4,2018,"New Hanover",34.364167,-77.838611,9,44
"820","Castle Hayne",2018-04-09,4,2018,"New Hanover",34.364167,-77.838611,13,38
"821","Castle Hayne",2018-04-10,4,2018,"New Hanover",34.364167,-77.838611,15,36
"822","Castle Hayne",2018-04-11,4,2018,"New Hanover",34.364167,-77.838611,28,48
"823","Castle Hayne",2018-04-12,4,2018,"New Hanover",34.364167,-77.838611,18,51
"824","Castle Hayne",2018-04-13,4,2018,"New Hanover",34.364167,-77.838611,20,47
"825","Castle Hayne",2018-04-14,4,2018,"New Hanover",34.364167,-77.838611,16,43
"826","Castle Hayne",2018-04-15,4,2018,"New Hanover",34.364167,-77.838611,18,31
"827","Castle Hayne",2018-04-16,4,2018,"New Hanover",34.364167,-77.838611,5,36
"828","Castle Hayne",2018-04-17,4,2018,"New Hanover",34.364167,-77.838611,4,46
"829","Castle Hayne",2018-04-18,4,2018,"New Hanover",34.364167,-77.838611,33,71
"830","Castle Hayne",2018-04-19,4,2018,"New Hanover",34.364167,-77.838611,32,74
"831","Castle Hayne",2018-04-20,4,2018,"New Hanover",34.364167,-77.838611,6,54
"832","Castle Hayne",2018-04-21,4,2018,"New Hanover",34.364167,-77.838611,7,71
"833","Castle Hayne",2018-04-22,4,2018,"New Hanover",34.364167,-77.838611,5,67
"834","Castle Hayne",2018-04-23,4,2018,"New Hanover",34.364167,-77.838611,2,45
"835","Castle Hayne",2018-04-24,4,2018,"New Hanover",34.364167,-77.838611,2,54
"836","Castle Hayne",2018-04-26,4,2018,"New Hanover",34.364167,-77.838611,13,47
"837","Castle Hayne",2018-04-27,4,2018,"New Hanover",34.364167,-77.838611,21,45
"838","Castle Hayne",2018-04-28,4,2018,"New Hanover",34.364167,-77.838611,18,50
"839","Castle Hayne",2018-04-29,4,2018,"New Hanover",34.364167,-77.838611,13,45
"840","Castle Hayne",2018-04-30,4,2018,"New Hanover",34.364167,-77.838611,11,50
"841","Castle Hayne",2018-05-01,5,2018,"New Hanover",34.364167,-77.838611,16,67
"842","Castle Hayne",2018-05-02,5,2018,"New Hanover",34.364167,-77.838611,9,64
"843","Castle Hayne",2018-05-03,5,2018,"New Hanover",34.364167,-77.838611,17,46
"844","Castle Hayne",2018-05-04,5,2018,"New Hanover",34.364167,-77.838611,8,46
"845","Castle Hayne",2018-05-05,5,2018,"New Hanover",34.364167,-77.838611,8,42
"846","Castle Hayne",2018-05-06,5,2018,"New Hanover",34.364167,-77.838611,3,25
"847","Castle Hayne",2018-05-07,5,2018,"New Hanover",34.364167,-77.838611,23,33
"848","Castle Hayne",2018-05-08,5,2018,"New Hanover",34.364167,-77.838611,22,35
"849","Castle Hayne",2018-05-09,5,2018,"New Hanover",34.364167,-77.838611,8,30
"850","Castle Hayne",2018-05-10,5,2018,"New Hanover",34.364167,-77.838611,21,50
"851","Castle Hayne",2018-05-11,5,2018,"New Hanover",34.364167,-77.838611,28,71
"852","Castle Hayne",2018-05-12,5,2018,"New Hanover",34.364167,-77.838611,35,71
"853","Castle Hayne",2018-05-13,5,2018,"New Hanover",34.364167,-77.838611,18,47
"854","Castle Hayne",2018-05-14,5,2018,"New Hanover",34.364167,-77.838611,0,31
"855","Castle Hayne",2018-05-15,5,2018,"New Hanover",34.364167,-77.838611,4,22
"856","Castle Hayne",2018-05-16,5,2018,"New Hanover",34.364167,-77.838611,0,35
"857","Castle Hayne",2018-05-17,5,2018,"New Hanover",34.364167,-77.838611,6,32
"858","Castle Hayne",2018-05-18,5,2018,"New Hanover",34.364167,-77.838611,0,27
"859","Castle Hayne",2018-05-19,5,2018,"New Hanover",34.364167,-77.838611,15,22
"860","Castle Hayne",2018-05-20,5,2018,"New Hanover",34.364167,-77.838611,0,29
"861","Castle Hayne",2018-05-23,5,2018,"New Hanover",34.364167,-77.838611,NA,29
"862","Castle Hayne",2018-05-24,5,2018,"New Hanover",34.364167,-77.838611,NA,43
"863","Castle Hayne",2018-05-25,5,2018,"New Hanover",34.364167,-77.838611,NA,42
"864","Castle Hayne",2018-05-26,5,2018,"New Hanover",34.364167,-77.838611,NA,19
"865","Castle Hayne",2018-05-27,5,2018,"New Hanover",34.364167,-77.838611,NA,24
"866","Castle Hayne",2018-05-28,5,2018,"New Hanover",34.364167,-77.838611,NA,27
"867","Castle Hayne",2018-05-29,5,2018,"New Hanover",34.364167,-77.838611,NA,23
"868","Castle Hayne",2018-05-30,5,2018,"New Hanover",34.364167,-77.838611,NA,28
"869","Castle Hayne",2018-05-31,5,2018,"New Hanover",34.364167,-77.838611,NA,24
"870","Castle Hayne",2018-06-01,6,2018,"New Hanover",34.364167,-77.838611,NA,46
"871","Castle Hayne",2018-06-02,6,2018,"New Hanover",34.364167,-77.838611,19,45
"872","Castle Hayne",2018-06-03,6,2018,"New Hanover",34.364167,-77.838611,28,44
"873","Castle Hayne",2018-06-04,6,2018,"New Hanover",34.364167,-77.838611,29,44
"874","Castle Hayne",2018-06-05,6,2018,"New Hanover",34.364167,-77.838611,28,47
"875","Castle Hayne",2018-06-06,6,2018,"New Hanover",34.364167,-77.838611,33,74
"876","Castle Hayne",2018-06-07,6,2018,"New Hanover",34.364167,-77.838611,40,58
"877","Castle Hayne",2018-06-08,6,2018,"New Hanover",34.364167,-77.838611,21,48
"878","Castle Hayne",2018-06-09,6,2018,"New Hanover",34.364167,-77.838611,8,31
"879","Castle Hayne",2018-06-10,6,2018,"New Hanover",34.364167,-77.838611,9,33
"880","Castle Hayne",2018-06-11,6,2018,"New Hanover",34.364167,-77.838611,38,44
"881","Castle Hayne",2018-06-12,6,2018,"New Hanover",34.364167,-77.838611,23,31
"882","Castle Hayne",2018-06-13,6,2018,"New Hanover",34.364167,-77.838611,34,35
"883","Castle Hayne",2018-06-14,6,2018,"New Hanover",34.364167,-77.838611,25,35
"884","Castle Hayne",2018-06-15,6,2018,"New Hanover",34.364167,-77.838611,22,44
"885","Castle Hayne",2018-06-16,6,2018,"New Hanover",34.364167,-77.838611,14,51
"886","Castle Hayne",2018-06-17,6,2018,"New Hanover",34.364167,-77.838611,18,38
"887","Castle Hayne",2018-06-18,6,2018,"New Hanover",34.364167,-77.838611,29,32
"888","Castle Hayne",2018-06-19,6,2018,"New Hanover",34.364167,-77.838611,36,41
"889","Castle Hayne",2018-06-20,6,2018,"New Hanover",34.364167,-77.838611,47,39
"890","Castle Hayne",2018-06-21,6,2018,"New Hanover",34.364167,-77.838611,50,39
"891","Castle Hayne",2018-06-22,6,2018,"New Hanover",34.364167,-77.838611,54,33
"892","Castle Hayne",2018-06-23,6,2018,"New Hanover",34.364167,-77.838611,58,30
"893","Castle Hayne",2018-06-24,6,2018,"New Hanover",34.364167,-77.838611,38,36
"894","Castle Hayne",2018-06-25,6,2018,"New Hanover",34.364167,-77.838611,35,42
"895","Castle Hayne",2018-06-26,6,2018,"New Hanover",34.364167,-77.838611,12,37
"896","Castle Hayne",2018-06-27,6,2018,"New Hanover",34.364167,-77.838611,16,36
"897","Castle Hayne",2018-06-28,6,2018,"New Hanover",34.364167,-77.838611,27,39
"898","Castle Hayne",2018-06-29,6,2018,"New Hanover",34.364167,-77.838611,27,43
"899","Castle Hayne",2018-06-30,6,2018,"New Hanover",34.364167,-77.838611,24,31
"900","Castle Hayne",2018-07-01,7,2018,"New Hanover",34.364167,-77.838611,17,26
"901","Castle Hayne",2018-07-02,7,2018,"New Hanover",34.364167,-77.838611,13,28
"902","Castle Hayne",2018-07-03,7,2018,"New Hanover",34.364167,-77.838611,20,42
"903","Castle Hayne",2018-07-04,7,2018,"New Hanover",34.364167,-77.838611,14,23
"904","Castle Hayne",2018-07-05,7,2018,"New Hanover",34.364167,-77.838611,8,23
"905","Castle Hayne",2018-07-06,7,2018,"New Hanover",34.364167,-77.838611,0,19
"906","Castle Hayne",2018-07-07,7,2018,"New Hanover",34.364167,-77.838611,23,28
"907","Castle Hayne",2018-07-08,7,2018,"New Hanover",34.364167,-77.838611,10,28
"908","Castle Hayne",2018-07-09,7,2018,"New Hanover",34.364167,-77.838611,12,35
"909","Castle Hayne",2018-07-10,7,2018,"New Hanover",34.364167,-77.838611,26,77
"910","Castle Hayne",2018-07-11,7,2018,"New Hanover",34.364167,-77.838611,51,74
"911","Castle Hayne",2018-07-12,7,2018,"New Hanover",34.364167,-77.838611,36,47
"912","Castle Hayne",2018-07-13,7,2018,"New Hanover",34.364167,-77.838611,22,44
"913","Castle Hayne",2018-07-14,7,2018,"New Hanover",34.364167,-77.838611,13,33
"914","Castle Hayne",2018-07-15,7,2018,"New Hanover",34.364167,-77.838611,7,35
"915","Castle Hayne",2018-07-16,7,2018,"New Hanover",34.364167,-77.838611,10,31
"916","Castle Hayne",2018-07-17,7,2018,"New Hanover",34.364167,-77.838611,22,34
"917","Castle Hayne",2018-07-18,7,2018,"New Hanover",34.364167,-77.838611,19,31
"918","Castle Hayne",2018-07-19,7,2018,"New Hanover",34.364167,-77.838611,21,46
"919","Castle Hayne",2018-07-20,7,2018,"New Hanover",34.364167,-77.838611,12,33
"920","Castle Hayne",2018-07-21,7,2018,"New Hanover",34.364167,-77.838611,5,30
"921","Castle Hayne",2018-07-22,7,2018,"New Hanover",34.364167,-77.838611,30,43
"922","Castle Hayne",2018-07-23,7,2018,"New Hanover",34.364167,-77.838611,9,46
"923","Castle Hayne",2018-07-24,7,2018,"New Hanover",34.364167,-77.838611,5,48
"924","Castle Hayne",2018-07-25,7,2018,"New Hanover",34.364167,-77.838611,0,40
"925","Castle Hayne",2018-07-26,7,2018,"New Hanover",34.364167,-77.838611,18,35
"926","Castle Hayne",2018-07-27,7,2018,"New Hanover",34.364167,-77.838611,13,35
"927","Castle Hayne",2018-07-28,7,2018,"New Hanover",34.364167,-77.838611,12,36
"928","Castle Hayne",2018-07-29,7,2018,"New Hanover",34.364167,-77.838611,11,31
"929","Castle Hayne",2018-07-30,7,2018,"New Hanover",34.364167,-77.838611,12,20
"930","Castle Hayne",2018-07-31,7,2018,"New Hanover",34.364167,-77.838611,10,30
"931","Castle Hayne",2018-08-01,8,2018,"New Hanover",34.364167,-77.838611,11,17
"932","Castle Hayne",2018-08-02,8,2018,"New Hanover",34.364167,-77.838611,21,16
"933","Castle Hayne",2018-08-03,8,2018,"New Hanover",34.364167,-77.838611,0,20
"934","Castle Hayne",2018-08-04,8,2018,"New Hanover",34.364167,-77.838611,0,19
"935","Castle Hayne",2018-08-05,8,2018,"New Hanover",34.364167,-77.838611,0,25
"936","Castle Hayne",2018-08-06,8,2018,"New Hanover",34.364167,-77.838611,15,31
"937","Castle Hayne",2018-08-07,8,2018,"New Hanover",34.364167,-77.838611,15,33
"938","Castle Hayne",2018-08-08,8,2018,"New Hanover",34.364167,-77.838611,18,39
"939","Castle Hayne",2018-08-09,8,2018,"New Hanover",34.364167,-77.838611,15,36
"940","Castle Hayne",2018-08-10,8,2018,"New Hanover",34.364167,-77.838611,32,48
"941","Castle Hayne",2018-08-11,8,2018,"New Hanover",34.364167,-77.838611,21,33
"942","Castle Hayne",2018-08-12,8,2018,"New Hanover",34.364167,-77.838611,23,36
"943","Castle Hayne",2018-08-13,8,2018,"New Hanover",34.364167,-77.838611,15,35
"944","Castle Hayne",2018-08-14,8,2018,"New Hanover",34.364167,-77.838611,47,40
"945","Castle Hayne",2018-08-15,8,2018,"New Hanover",34.364167,-77.838611,28,41
"946","Castle Hayne",2018-08-16,8,2018,"New Hanover",34.364167,-77.838611,27,34
"947","Castle Hayne",2018-08-17,8,2018,"New Hanover",34.364167,-77.838611,15,30
"948","Castle Hayne",2018-08-18,8,2018,"New Hanover",34.364167,-77.838611,11,28
"949","Castle Hayne",2018-08-19,8,2018,"New Hanover",34.364167,-77.838611,10,22
"950","Castle Hayne",2018-08-20,8,2018,"New Hanover",34.364167,-77.838611,11,33
"951","Castle Hayne",2018-08-21,8,2018,"New Hanover",34.364167,-77.838611,13,28
"952","Castle Hayne",2018-08-22,8,2018,"New Hanover",34.364167,-77.838611,22,34
"953","Castle Hayne",2018-08-23,8,2018,"New Hanover",34.364167,-77.838611,38,40
"954","Castle Hayne",2018-08-24,8,2018,"New Hanover",34.364167,-77.838611,28,44
"955","Castle Hayne",2018-08-25,8,2018,"New Hanover",34.364167,-77.838611,16,35
"956","Castle Hayne",2018-08-26,8,2018,"New Hanover",34.364167,-77.838611,20,38
"957","Castle Hayne",2018-08-27,8,2018,"New Hanover",34.364167,-77.838611,9,34
"958","Castle Hayne",2018-08-28,8,2018,"New Hanover",34.364167,-77.838611,1,21
"959","Castle Hayne",2018-08-29,8,2018,"New Hanover",34.364167,-77.838611,0,27
"960","Castle Hayne",2018-08-30,8,2018,"New Hanover",34.364167,-77.838611,1,31
"961","Castle Hayne",2018-08-31,8,2018,"New Hanover",34.364167,-77.838611,5,30
"962","Castle Hayne",2018-09-01,9,2018,"New Hanover",34.364167,-77.838611,3,19
"963","Castle Hayne",2018-09-02,9,2018,"New Hanover",34.364167,-77.838611,0,16
"964","Castle Hayne",2018-09-03,9,2018,"New Hanover",34.364167,-77.838611,0,22
"965","Castle Hayne",2018-09-04,9,2018,"New Hanover",34.364167,-77.838611,0,30
"966","Castle Hayne",2018-09-05,9,2018,"New Hanover",34.364167,-77.838611,4,29
"967","Castle Hayne",2018-09-06,9,2018,"New Hanover",34.364167,-77.838611,0,29
"968","Castle Hayne",2018-09-07,9,2018,"New Hanover",34.364167,-77.838611,8,28
"969","Castle Hayne",2018-09-08,9,2018,"New Hanover",34.364167,-77.838611,1,25
"970","Castle Hayne",2018-09-09,9,2018,"New Hanover",34.364167,-77.838611,0,20
"971","Castle Hayne",2018-09-10,9,2018,"New Hanover",34.364167,-77.838611,NA,22
"972","Castle Hayne",2018-10-06,10,2018,"New Hanover",34.364167,-77.838611,46,NA
"973","Castle Hayne",2018-10-07,10,2018,"New Hanover",34.364167,-77.838611,21,NA
"974","Castle Hayne",2018-10-08,10,2018,"New Hanover",34.364167,-77.838611,14,35
"975","Castle Hayne",2018-10-09,10,2018,"New Hanover",34.364167,-77.838611,7,36
"976","Castle Hayne",2018-10-15,10,2018,"New Hanover",34.364167,-77.838611,NA,42
"977","Castle Hayne",2018-10-16,10,2018,"New Hanover",34.364167,-77.838611,16,31
"978","Castle Hayne",2018-10-17,10,2018,"New Hanover",34.364167,-77.838611,11,26
"979","Castle Hayne",2018-10-18,10,2018,"New Hanover",34.364167,-77.838611,14,38
"980","Castle Hayne",2018-10-19,10,2018,"New Hanover",34.364167,-77.838611,2,43
"981","Castle Hayne",2018-10-20,10,2018,"New Hanover",34.364167,-77.838611,10,28
"982","Castle Hayne",2018-10-21,10,2018,"New Hanover",34.364167,-77.838611,8,31
"983","Castle Hayne",2018-10-22,10,2018,"New Hanover",34.364167,-77.838611,4,33
"984","Castle Hayne",2018-10-23,10,2018,"New Hanover",34.364167,-77.838611,16,34
"985","Castle Hayne",2018-10-24,10,2018,"New Hanover",34.364167,-77.838611,16,37
"986","Castle Hayne",2018-10-25,10,2018,"New Hanover",34.364167,-77.838611,15,31
"987","Castle Hayne",2018-10-26,10,2018,"New Hanover",34.364167,-77.838611,1,28
"988","Castle Hayne",2018-10-27,10,2018,"New Hanover",34.364167,-77.838611,8,22
"989","Castle Hayne",2018-10-28,10,2018,"New Hanover",34.364167,-77.838611,NA,35
"990","Castle Hayne",2018-10-29,10,2018,"New Hanover",34.364167,-77.838611,13,37
"991","Castle Hayne",2018-10-30,10,2018,"New Hanover",34.364167,-77.838611,9,34
"992","Castle Hayne",2018-10-31,10,2018,"New Hanover",34.364167,-77.838611,13,42
"993","Castle Hayne",2018-11-01,11,2018,"New Hanover",34.364167,-77.838611,4,NA
"994","Castle Hayne",2018-11-02,11,2018,"New Hanover",34.364167,-77.838611,12,NA
"995","Castle Hayne",2018-11-03,11,2018,"New Hanover",34.364167,-77.838611,6,NA
"996","Castle Hayne",2018-11-04,11,2018,"New Hanover",34.364167,-77.838611,6,NA
"997","Castle Hayne",2018-11-05,11,2018,"New Hanover",34.364167,-77.838611,0,NA
"998","Castle Hayne",2018-11-06,11,2018,"New Hanover",34.364167,-77.838611,5,NA
"999","Castle Hayne",2018-11-07,11,2018,"New Hanover",34.364167,-77.838611,9,NA
"1000","Castle Hayne",2018-11-08,11,2018,"New Hanover",34.364167,-77.838611,7,NA
"1001","Castle Hayne",2018-11-09,11,2018,"New Hanover",34.364167,-77.838611,18,NA
"1002","Castle Hayne",2018-11-10,11,2018,"New Hanover",34.364167,-77.838611,10,NA
"1003","Castle Hayne",2018-11-11,11,2018,"New Hanover",34.364167,-77.838611,18,NA
"1004","Castle Hayne",2018-11-12,11,2018,"New Hanover",34.364167,-77.838611,10,NA
"1005","Castle Hayne",2018-11-13,11,2018,"New Hanover",34.364167,-77.838611,6,NA
"1006","Castle Hayne",2018-11-14,11,2018,"New Hanover",34.364167,-77.838611,15,NA
"1007","Castle Hayne",2018-11-15,11,2018,"New Hanover",34.364167,-77.838611,0,NA
"1008","Castle Hayne",2018-11-16,11,2018,"New Hanover",34.364167,-77.838611,5,NA
"1009","Castle Hayne",2018-11-17,11,2018,"New Hanover",34.364167,-77.838611,20,NA
"1010","Castle Hayne",2018-11-18,11,2018,"New Hanover",34.364167,-77.838611,18,NA
"1011","Castle Hayne",2018-11-19,11,2018,"New Hanover",34.364167,-77.838611,20,NA
"1012","Castle Hayne",2018-11-20,11,2018,"New Hanover",34.364167,-77.838611,30,NA
"1013","Castle Hayne",2018-11-21,11,2018,"New Hanover",34.364167,-77.838611,10,NA
"1014","Castle Hayne",2018-11-22,11,2018,"New Hanover",34.364167,-77.838611,23,NA
"1015","Castle Hayne",2018-11-23,11,2018,"New Hanover",34.364167,-77.838611,5,NA
"1016","Castle Hayne",2018-11-24,11,2018,"New Hanover",34.364167,-77.838611,0,NA
"1017","Castle Hayne",2018-11-25,11,2018,"New Hanover",34.364167,-77.838611,13,NA
"1018","Castle Hayne",2018-11-26,11,2018,"New Hanover",34.364167,-77.838611,6,NA
"1019","Castle Hayne",2018-11-27,11,2018,"New Hanover",34.364167,-77.838611,2,NA
"1020","Castle Hayne",2018-11-28,11,2018,"New Hanover",34.364167,-77.838611,16,NA
"1021","Castle Hayne",2018-11-29,11,2018,"New Hanover",34.364167,-77.838611,28,NA
"1022","Castle Hayne",2018-11-30,11,2018,"New Hanover",34.364167,-77.838611,37,NA
"1023","Castle Hayne",2018-12-01,12,2018,"New Hanover",34.364167,-77.838611,8,NA
"1024","Castle Hayne",2018-12-02,12,2018,"New Hanover",34.364167,-77.838611,0,NA
"1025","Castle Hayne",2018-12-03,12,2018,"New Hanover",34.364167,-77.838611,25,NA
"1026","Castle Hayne",2018-12-04,12,2018,"New Hanover",34.364167,-77.838611,14,NA
"1027","Castle Hayne",2018-12-05,12,2018,"New Hanover",34.364167,-77.838611,9,NA
"1028","Castle Hayne",2018-12-06,12,2018,"New Hanover",34.364167,-77.838611,13,NA
"1029","Castle Hayne",2018-12-07,12,2018,"New Hanover",34.364167,-77.838611,24,NA
"1030","Castle Hayne",2018-12-08,12,2018,"New Hanover",34.364167,-77.838611,20,NA
"1031","Castle Hayne",2018-12-09,12,2018,"New Hanover",34.364167,-77.838611,0,NA
"1032","Castle Hayne",2018-12-10,12,2018,"New Hanover",34.364167,-77.838611,8,NA
"1033","Castle Hayne",2018-12-11,12,2018,"New Hanover",34.364167,-77.838611,38,NA
"1034","Castle Hayne",2018-12-12,12,2018,"New Hanover",34.364167,-77.838611,18,NA
"1035","Castle Hayne",2018-12-13,12,2018,"New Hanover",34.364167,-77.838611,25,NA
"1036","Castle Hayne",2018-12-14,12,2018,"New Hanover",34.364167,-77.838611,4,NA
"1037","Castle Hayne",2018-12-15,12,2018,"New Hanover",34.364167,-77.838611,0,NA
"1038","Castle Hayne",2018-12-16,12,2018,"New Hanover",34.364167,-77.838611,5,NA
"1039","Castle Hayne",2018-12-17,12,2018,"New Hanover",34.364167,-77.838611,0,NA
"1040","Castle Hayne",2018-12-18,12,2018,"New Hanover",34.364167,-77.838611,21,NA
"1041","Castle Hayne",2018-12-19,12,2018,"New Hanover",34.364167,-77.838611,19,NA
"1042","Castle Hayne",2018-12-20,12,2018,"New Hanover",34.364167,-77.838611,7,NA
"1043","Castle Hayne",2018-12-21,12,2018,"New Hanover",34.364167,-77.838611,17,NA
"1044","Castle Hayne",2018-12-22,12,2018,"New Hanover",34.364167,-77.838611,0,NA
"1045","Castle Hayne",2018-12-23,12,2018,"New Hanover",34.364167,-77.838611,15,NA
"1046","Castle Hayne",2018-12-24,12,2018,"New Hanover",34.364167,-77.838611,8,NA
"1047","Castle Hayne",2018-12-25,12,2018,"New Hanover",34.364167,-77.838611,10,NA
"1048","Castle Hayne",2018-12-26,12,2018,"New Hanover",34.364167,-77.838611,15,NA
"1049","Castle Hayne",2018-12-27,12,2018,"New Hanover",34.364167,-77.838611,10,NA
"1050","Castle Hayne",2018-12-28,12,2018,"New Hanover",34.364167,-77.838611,8,NA
"1051","Castle Hayne",2018-12-29,12,2018,"New Hanover",34.364167,-77.838611,5,NA
"1052","Castle Hayne",2018-12-30,12,2018,"New Hanover",34.364167,-77.838611,14,NA
"1053","Castle Hayne",2018-12-31,12,2018,"New Hanover",34.364167,-77.838611,10,NA
"1054","Castle Hayne",2019-01-01,1,2019,"New Hanover",34.364167,-77.838611,14,NA
"1055","Castle Hayne",2019-01-02,1,2019,"New Hanover",34.364167,-77.838611,11,NA
"1056","Castle Hayne",2019-01-05,1,2019,"New Hanover",34.364167,-77.838611,5,NA
"1057","Castle Hayne",2019-01-06,1,2019,"New Hanover",34.364167,-77.838611,5,NA
"1058","Castle Hayne",2019-01-07,1,2019,"New Hanover",34.364167,-77.838611,13,NA
"1059","Castle Hayne",2019-01-08,1,2019,"New Hanover",34.364167,-77.838611,8,NA
"1060","Castle Hayne",2019-01-09,1,2019,"New Hanover",34.364167,-77.838611,11,NA
"1061","Castle Hayne",2019-01-10,1,2019,"New Hanover",34.364167,-77.838611,9,NA
"1062","Castle Hayne",2019-01-11,1,2019,"New Hanover",34.364167,-77.838611,16,NA
"1063","Castle Hayne",2019-01-12,1,2019,"New Hanover",34.364167,-77.838611,18,NA
"1064","Castle Hayne",2019-01-13,1,2019,"New Hanover",34.364167,-77.838611,3,NA
"1065","Castle Hayne",2019-01-14,1,2019,"New Hanover",34.364167,-77.838611,16,NA
"1066","Castle Hayne",2019-01-15,1,2019,"New Hanover",34.364167,-77.838611,29,NA
"1067","Castle Hayne",2019-01-16,1,2019,"New Hanover",34.364167,-77.838611,29,NA
"1068","Castle Hayne",2019-01-17,1,2019,"New Hanover",34.364167,-77.838611,30,NA
"1069","Castle Hayne",2019-01-18,1,2019,"New Hanover",34.364167,-77.838611,28,NA
"1070","Castle Hayne",2019-01-19,1,2019,"New Hanover",34.364167,-77.838611,19,NA
"1071","Castle Hayne",2019-01-20,1,2019,"New Hanover",34.364167,-77.838611,8,NA
"1072","Castle Hayne",2019-01-21,1,2019,"New Hanover",34.364167,-77.838611,6,NA
"1073","Castle Hayne",2019-01-22,1,2019,"New Hanover",34.364167,-77.838611,5,NA
"1074","Castle Hayne",2019-01-23,1,2019,"New Hanover",34.364167,-77.838611,8,NA
"1075","Castle Hayne",2019-01-24,1,2019,"New Hanover",34.364167,-77.838611,10,NA
"1076","Castle Hayne",2019-01-25,1,2019,"New Hanover",34.364167,-77.838611,6,NA
"1077","Castle Hayne",2019-01-26,1,2019,"New Hanover",34.364167,-77.838611,21,NA
"1078","Castle Hayne",2019-01-27,1,2019,"New Hanover",34.364167,-77.838611,33,NA
"1079","Castle Hayne",2019-01-28,1,2019,"New Hanover",34.364167,-77.838611,24,NA
"1080","Castle Hayne",2019-01-29,1,2019,"New Hanover",34.364167,-77.838611,19,NA
"1081","Castle Hayne",2019-01-30,1,2019,"New Hanover",34.364167,-77.838611,8,NA
"1082","Castle Hayne",2019-01-31,1,2019,"New Hanover",34.364167,-77.838611,9,NA
"1083","Castle Hayne",2019-02-01,2,2019,"New Hanover",34.364167,-77.838611,13,NA
"1084","Castle Hayne",2019-02-02,2,2019,"New Hanover",34.364167,-77.838611,30,NA
"1085","Castle Hayne",2019-02-03,2,2019,"New Hanover",34.364167,-77.838611,8,NA
"1086","Castle Hayne",2019-02-04,2,2019,"New Hanover",34.364167,-77.838611,15,NA
"1087","Castle Hayne",2019-02-05,2,2019,"New Hanover",34.364167,-77.838611,33,NA
"1088","Castle Hayne",2019-02-06,2,2019,"New Hanover",34.364167,-77.838611,49,NA
"1089","Castle Hayne",2019-02-07,2,2019,"New Hanover",34.364167,-77.838611,27,NA
"1090","Castle Hayne",2019-02-08,2,2019,"New Hanover",34.364167,-77.838611,18,39
"1091","Castle Hayne",2019-02-09,2,2019,"New Hanover",34.364167,-77.838611,5,36
"1092","Castle Hayne",2019-02-10,2,2019,"New Hanover",34.364167,-77.838611,13,38
"1093","Castle Hayne",2019-02-11,2,2019,"New Hanover",34.364167,-77.838611,16,21
"1094","Castle Hayne",2019-02-12,2,2019,"New Hanover",34.364167,-77.838611,0,31
"1095","Castle Hayne",2019-02-13,2,2019,"New Hanover",34.364167,-77.838611,1,41
"1096","Castle Hayne",2019-02-14,2,2019,"New Hanover",34.364167,-77.838611,7,44
"1097","Castle Hayne",2019-02-15,2,2019,"New Hanover",34.364167,-77.838611,18,47
"1098","Castle Hayne",2019-02-16,2,2019,"New Hanover",34.364167,-77.838611,22,34
"1099","Castle Hayne",2019-02-17,2,2019,"New Hanover",34.364167,-77.838611,21,27
"1100","Castle Hayne",2019-02-18,2,2019,"New Hanover",34.364167,-77.838611,15,30
"1101","Castle Hayne",2019-02-19,2,2019,"New Hanover",34.364167,-77.838611,9,35
"1102","Castle Hayne",2019-02-20,2,2019,"New Hanover",34.364167,-77.838611,4,35
"1103","Castle Hayne",2019-02-21,2,2019,"New Hanover",34.364167,-77.838611,22,22
"1104","Castle Hayne",2019-02-22,2,2019,"New Hanover",34.364167,-77.838611,16,35
"1105","Castle Hayne",2019-02-23,2,2019,"New Hanover",34.364167,-77.838611,7,35
"1106","Castle Hayne",2019-02-24,2,2019,"New Hanover",34.364167,-77.838611,10,41
"1107","Castle Hayne",2019-02-25,2,2019,"New Hanover",34.364167,-77.838611,8,NA
"1108","Castle Hayne",2019-02-26,2,2019,"New Hanover",34.364167,-77.838611,13,44
"1109","Castle Hayne",2019-02-27,2,2019,"New Hanover",34.364167,-77.838611,5,41
"1110","Castle Hayne",2019-02-28,2,2019,"New Hanover",34.364167,-77.838611,33,39
"1111","Castle Hayne",2019-03-01,3,2019,"New Hanover",34.364167,-77.838611,23,36
"1112","Castle Hayne",2019-03-02,3,2019,"New Hanover",34.364167,-77.838611,13,26
"1113","Castle Hayne",2019-03-03,3,2019,"New Hanover",34.364167,-77.838611,16,35
"1114","Castle Hayne",2019-03-04,3,2019,"New Hanover",34.364167,-77.838611,18,28
"1115","Castle Hayne",2019-03-05,3,2019,"New Hanover",34.364167,-77.838611,22,31
"1116","Castle Hayne",2019-03-06,3,2019,"New Hanover",34.364167,-77.838611,16,40
"1117","Castle Hayne",2019-03-07,3,2019,"New Hanover",34.364167,-77.838611,27,48
"1118","Castle Hayne",2019-03-08,3,2019,"New Hanover",34.364167,-77.838611,26,48
"1119","Castle Hayne",2019-03-09,3,2019,"New Hanover",34.364167,-77.838611,26,44
"1120","Castle Hayne",2019-03-10,3,2019,"New Hanover",34.364167,-77.838611,19,37
"1121","Castle Hayne",2019-03-11,3,2019,"New Hanover",34.364167,-77.838611,21,41
"1122","Castle Hayne",2019-03-12,3,2019,"New Hanover",34.364167,-77.838611,31,47
"1123","Castle Hayne",2019-03-13,3,2019,"New Hanover",34.364167,-77.838611,10,51
"1124","Castle Hayne",2019-03-14,3,2019,"New Hanover",34.364167,-77.838611,9,51
"1125","Castle Hayne",2019-03-15,3,2019,"New Hanover",34.364167,-77.838611,15,43
"1126","Castle Hayne",2019-03-16,3,2019,"New Hanover",34.364167,-77.838611,13,41
"1127","Castle Hayne",2019-03-17,3,2019,"New Hanover",34.364167,-77.838611,19,38
"1128","Castle Hayne",2019-03-18,3,2019,"New Hanover",34.364167,-77.838611,NA,48
"1129","Castle Hayne",2019-03-19,3,2019,"New Hanover",34.364167,-77.838611,NA,45
"1130","Castle Hayne",2019-03-20,3,2019,"New Hanover",34.364167,-77.838611,NA,39
"1131","Castle Hayne",2019-03-21,3,2019,"New Hanover",34.364167,-77.838611,NA,46
"1132","Castle Hayne",2019-03-22,3,2019,"New Hanover",34.364167,-77.838611,NA,44
"1133","Castle Hayne",2019-03-23,3,2019,"New Hanover",34.364167,-77.838611,NA,47
"1134","Castle Hayne",2019-03-24,3,2019,"New Hanover",34.364167,-77.838611,NA,61
"1135","Castle Hayne",2019-03-25,3,2019,"New Hanover",34.364167,-77.838611,NA,54
"1136","Castle Hayne",2019-03-26,3,2019,"New Hanover",34.364167,-77.838611,NA,44
"1137","Castle Hayne",2019-03-27,3,2019,"New Hanover",34.364167,-77.838611,11,45
"1138","Castle Hayne",2019-03-28,3,2019,"New Hanover",34.364167,-77.838611,9,45
"1139","Castle Hayne",2019-03-29,3,2019,"New Hanover",34.364167,-77.838611,11,49
"1140","Castle Hayne",2019-03-30,3,2019,"New Hanover",34.364167,-77.838611,6,49
"1141","Castle Hayne",2019-03-31,3,2019,"New Hanover",34.364167,-77.838611,12,42
"1142","Castle Hayne",2019-04-01,4,2019,"New Hanover",34.364167,-77.838611,0,42
"1143","Castle Hayne",2019-04-02,4,2019,"New Hanover",34.364167,-77.838611,6,35
"1144","Castle Hayne",2019-04-03,4,2019,"New Hanover",34.364167,-77.838611,20,49
"1145","Castle Hayne",2019-04-04,4,2019,"New Hanover",34.364167,-77.838611,19,71
"1146","Castle Hayne",2019-04-05,4,2019,"New Hanover",34.364167,-77.838611,6,46
"1147","Castle Hayne",2019-04-06,4,2019,"New Hanover",34.364167,-77.838611,0,33
"1148","Castle Hayne",2019-04-07,4,2019,"New Hanover",34.364167,-77.838611,0,40
"1149","Castle Hayne",2019-04-08,4,2019,"New Hanover",34.364167,-77.838611,8,31
"1150","Castle Hayne",2019-04-09,4,2019,"New Hanover",34.364167,-77.838611,8,31
"1151","Castle Hayne",2019-04-10,4,2019,"New Hanover",34.364167,-77.838611,8,49
"1152","Castle Hayne",2019-04-11,4,2019,"New Hanover",34.364167,-77.838611,7,49
"1153","Castle Hayne",2019-04-12,4,2019,"New Hanover",34.364167,-77.838611,46,44
"1154","Castle Hayne",2019-04-13,4,2019,"New Hanover",34.364167,-77.838611,0,31
"1155","Castle Hayne",2019-04-14,4,2019,"New Hanover",34.364167,-77.838611,8,29
"1156","Castle Hayne",2019-04-15,4,2019,"New Hanover",34.364167,-77.838611,10,47
"1157","Castle Hayne",2019-04-16,4,2019,"New Hanover",34.364167,-77.838611,2,46
"1158","Castle Hayne",2019-04-17,4,2019,"New Hanover",34.364167,-77.838611,25,61
"1159","Castle Hayne",2019-04-18,4,2019,"New Hanover",34.364167,-77.838611,18,45
"1160","Castle Hayne",2019-04-19,4,2019,"New Hanover",34.364167,-77.838611,48,39
"1161","Castle Hayne",2019-04-20,4,2019,"New Hanover",34.364167,-77.838611,4,41
"1162","Castle Hayne",2019-04-21,4,2019,"New Hanover",34.364167,-77.838611,5,32
"1163","Castle Hayne",2019-04-22,4,2019,"New Hanover",34.364167,-77.838611,7,37
"1164","Castle Hayne",2019-04-23,4,2019,"New Hanover",34.364167,-77.838611,15,51
"1165","Castle Hayne",2019-04-24,4,2019,"New Hanover",34.364167,-77.838611,20,61
"1166","Castle Hayne",2019-04-25,4,2019,"New Hanover",34.364167,-77.838611,33,54
"1167","Castle Hayne",2019-04-26,4,2019,"New Hanover",34.364167,-77.838611,20,46
"1168","Castle Hayne",2019-04-27,4,2019,"New Hanover",34.364167,-77.838611,17,64
"1169","Castle Hayne",2019-04-28,4,2019,"New Hanover",34.364167,-77.838611,22,61
"1170","Castle Hayne",2019-04-29,4,2019,"New Hanover",34.364167,-77.838611,31,43
"1171","Castle Hayne",2019-04-30,4,2019,"New Hanover",34.364167,-77.838611,17,46
"1172","Castle Hayne",2019-05-01,5,2019,"New Hanover",34.364167,-77.838611,2,32
"1173","Castle Hayne",2019-05-02,5,2019,"New Hanover",34.364167,-77.838611,13,41
"1174","Castle Hayne",2019-05-03,5,2019,"New Hanover",34.364167,-77.838611,0,22
"1175","Castle Hayne",2019-05-04,5,2019,"New Hanover",34.364167,-77.838611,5,31
"1176","Castle Hayne",2019-05-05,5,2019,"New Hanover",34.364167,-77.838611,22,31
"1177","Castle Hayne",2019-05-06,5,2019,"New Hanover",34.364167,-77.838611,0,37
"1178","Castle Hayne",2019-05-07,5,2019,"New Hanover",34.364167,-77.838611,0,45
"1179","Castle Hayne",2019-05-08,5,2019,"New Hanover",34.364167,-77.838611,0,44
"1180","Castle Hayne",2019-05-09,5,2019,"New Hanover",34.364167,-77.838611,0,44
"1181","Castle Hayne",2019-05-10,5,2019,"New Hanover",34.364167,-77.838611,0,40
"1182","Castle Hayne",2019-05-11,5,2019,"New Hanover",34.364167,-77.838611,0,35
"1183","Castle Hayne",2019-05-12,5,2019,"New Hanover",34.364167,-77.838611,0,33
"1184","Castle Hayne",2019-05-13,5,2019,"New Hanover",34.364167,-77.838611,3,35
"1185","Castle Hayne",2019-05-14,5,2019,"New Hanover",34.364167,-77.838611,0,41
"1186","Castle Hayne",2019-05-15,5,2019,"New Hanover",34.364167,-77.838611,10,44
"1187","Castle Hayne",2019-05-16,5,2019,"New Hanover",34.364167,-77.838611,11,50
"1188","Castle Hayne",2019-05-17,5,2019,"New Hanover",34.364167,-77.838611,37,54
"1189","Castle Hayne",2019-05-18,5,2019,"New Hanover",34.364167,-77.838611,40,54
"1190","Castle Hayne",2019-05-19,5,2019,"New Hanover",34.364167,-77.838611,19,36
"1191","Castle Hayne",2019-05-20,5,2019,"New Hanover",34.364167,-77.838611,3,36
"1192","Castle Hayne",2019-05-21,5,2019,"New Hanover",34.364167,-77.838611,23,44
"1193","Castle Hayne",2019-05-22,5,2019,"New Hanover",34.364167,-77.838611,15,47
"1194","Castle Hayne",2019-05-23,5,2019,"New Hanover",34.364167,-77.838611,6,45
"1195","Castle Hayne",2019-05-24,5,2019,"New Hanover",34.364167,-77.838611,22,47
"1196","Castle Hayne",2019-05-25,5,2019,"New Hanover",34.364167,-77.838611,15,64
"1197","Castle Hayne",2019-05-26,5,2019,"New Hanover",34.364167,-77.838611,45,44
"1198","Castle Hayne",2019-05-27,5,2019,"New Hanover",34.364167,-77.838611,24,45
"1199","Castle Hayne",2019-05-28,5,2019,"New Hanover",34.364167,-77.838611,52,51
"1200","Castle Hayne",2019-05-29,5,2019,"New Hanover",34.364167,-77.838611,49,64
"1201","Castle Hayne",2019-05-30,5,2019,"New Hanover",34.364167,-77.838611,52,48
"1202","Castle Hayne",2019-05-31,5,2019,"New Hanover",34.364167,-77.838611,43,43
"1203","Castle Hayne",2019-06-01,6,2019,"New Hanover",34.364167,-77.838611,14,49
"1204","Castle Hayne",2019-06-02,6,2019,"New Hanover",34.364167,-77.838611,26,61
"1205","Castle Hayne",2019-06-03,6,2019,"New Hanover",34.364167,-77.838611,40,54
"1206","Castle Hayne",2019-06-04,6,2019,"New Hanover",34.364167,-77.838611,16,50
"1207","Castle Hayne",2019-06-05,6,2019,"New Hanover",34.364167,-77.838611,23,45
"1208","Castle Hayne",2019-06-06,6,2019,"New Hanover",34.364167,-77.838611,15,40
"1209","Castle Hayne",2019-06-07,6,2019,"New Hanover",34.364167,-77.838611,NA,35
"1210","Castle Hayne",2019-06-08,6,2019,"New Hanover",34.364167,-77.838611,0,31
"1211","Castle Hayne",2019-06-09,6,2019,"New Hanover",34.364167,-77.838611,0,31
"1212","Castle Hayne",2019-06-10,6,2019,"New Hanover",34.364167,-77.838611,0,33
"1213","Castle Hayne",2019-06-11,6,2019,"New Hanover",34.364167,-77.838611,7,29
"1214","Castle Hayne",2019-06-12,6,2019,"New Hanover",34.364167,-77.838611,0,34
"1215","Castle Hayne",2019-06-13,6,2019,"New Hanover",34.364167,-77.838611,9,40
"1216","Castle Hayne",2019-06-14,6,2019,"New Hanover",34.364167,-77.838611,18,58
"1217","Castle Hayne",2019-06-15,6,2019,"New Hanover",34.364167,-77.838611,4,58
"1218","Castle Hayne",2019-06-16,6,2019,"New Hanover",34.364167,-77.838611,10,37
"1219","Castle Hayne",2019-06-17,6,2019,"New Hanover",34.364167,-77.838611,0,32
"1220","Castle Hayne",2019-06-18,6,2019,"New Hanover",34.364167,-77.838611,0,26
"1221","Castle Hayne",2019-06-19,6,2019,"New Hanover",34.364167,-77.838611,4,29
"1222","Castle Hayne",2019-06-20,6,2019,"New Hanover",34.364167,-77.838611,18,41
"1223","Castle Hayne",2019-06-21,6,2019,"New Hanover",34.364167,-77.838611,10,48
"1224","Castle Hayne",2019-06-22,6,2019,"New Hanover",34.364167,-77.838611,17,50
"1225","Castle Hayne",2019-06-23,6,2019,"New Hanover",34.364167,-77.838611,10,43
"1226","Castle Hayne",2019-06-24,6,2019,"New Hanover",34.364167,-77.838611,23,50
"1227","Castle Hayne",2019-06-25,6,2019,"New Hanover",34.364167,-77.838611,24,48
"1228","Castle Hayne",2019-06-26,6,2019,"New Hanover",34.364167,-77.838611,28,48
"1229","Castle Hayne",2019-06-27,6,2019,"New Hanover",34.364167,-77.838611,21,64
"1230","Castle Hayne",2019-06-28,6,2019,"New Hanover",34.364167,-77.838611,20,80
"1231","Castle Hayne",2019-06-29,6,2019,"New Hanover",34.364167,-77.838611,9,50
"1232","Castle Hayne",2019-06-30,6,2019,"New Hanover",34.364167,-77.838611,15,47
"1233","Castle Hayne",2019-07-01,7,2019,"New Hanover",34.364167,-77.838611,33,54
"1234","Castle Hayne",2019-07-02,7,2019,"New Hanover",34.364167,-77.838611,29,51
"1235","Castle Hayne",2019-07-03,7,2019,"New Hanover",34.364167,-77.838611,51,44
"1236","Castle Hayne",2019-07-04,7,2019,"New Hanover",34.364167,-77.838611,NA,47
"1237","Castle Hayne",2019-07-05,7,2019,"New Hanover",34.364167,-77.838611,NA,34
"1238","Castle Hayne",2019-07-06,7,2019,"New Hanover",34.364167,-77.838611,NA,34
"1239","Castle Hayne",2019-07-07,7,2019,"New Hanover",34.364167,-77.838611,NA,37
"1240","Castle Hayne",2019-07-08,7,2019,"New Hanover",34.364167,-77.838611,NA,34
"1241","Castle Hayne",2019-07-09,7,2019,"New Hanover",34.364167,-77.838611,15,27
"1242","Castle Hayne",2019-07-10,7,2019,"New Hanover",34.364167,-77.838611,15,39
"1243","Castle Hayne",2019-07-11,7,2019,"New Hanover",34.364167,-77.838611,19,33
"1244","Castle Hayne",2019-07-12,7,2019,"New Hanover",34.364167,-77.838611,22,28
"1245","Castle Hayne",2019-07-13,7,2019,"New Hanover",34.364167,-77.838611,11,29
"1246","Castle Hayne",2019-07-14,7,2019,"New Hanover",34.364167,-77.838611,28,43
"1247","Castle Hayne",2019-07-15,7,2019,"New Hanover",34.364167,-77.838611,38,48
"1248","Castle Hayne",2019-07-16,7,2019,"New Hanover",34.364167,-77.838611,35,45
"1249","Castle Hayne",2019-07-17,7,2019,"New Hanover",34.364167,-77.838611,48,44
"1250","Castle Hayne",2019-07-18,7,2019,"New Hanover",34.364167,-77.838611,55,35
"1251","Castle Hayne",2019-07-19,7,2019,"New Hanover",34.364167,-77.838611,36,40
"1252","Castle Hayne",2019-07-20,7,2019,"New Hanover",34.364167,-77.838611,31,39
"1253","Castle Hayne",2019-07-21,7,2019,"New Hanover",34.364167,-77.838611,28,35
"1254","Castle Hayne",2019-07-22,7,2019,"New Hanover",34.364167,-77.838611,18,36
"1255","Castle Hayne",2019-07-23,7,2019,"New Hanover",34.364167,-77.838611,0,24
"1256","Castle Hayne",2019-07-24,7,2019,"New Hanover",34.364167,-77.838611,15,33
"1257","Castle Hayne",2019-07-25,7,2019,"New Hanover",34.364167,-77.838611,17,38
"1258","Castle Hayne",2019-07-26,7,2019,"New Hanover",34.364167,-77.838611,26,39
"1259","Castle Hayne",2019-07-27,7,2019,"New Hanover",34.364167,-77.838611,23,42
"1260","Castle Hayne",2019-07-28,7,2019,"New Hanover",34.364167,-77.838611,18,41
"1261","Castle Hayne",2019-07-29,7,2019,"New Hanover",34.364167,-77.838611,3,42
"1262","Castle Hayne",2019-07-30,7,2019,"New Hanover",34.364167,-77.838611,5,34
"1263","Castle Hayne",2019-07-31,7,2019,"New Hanover",34.364167,-77.838611,3,23
"1264","Castle Hayne",2019-08-01,8,2019,"New Hanover",34.364167,-77.838611,15,35
"1265","Castle Hayne",2019-08-05,8,2019,"New Hanover",34.364167,-77.838611,NA,26
"1266","Castle Hayne",2019-08-06,8,2019,"New Hanover",34.364167,-77.838611,25,44
"1267","Castle Hayne",2019-08-07,8,2019,"New Hanover",34.364167,-77.838611,22,37
"1268","Castle Hayne",2019-08-08,8,2019,"New Hanover",34.364167,-77.838611,36,44
"1269","Castle Hayne",2019-08-09,8,2019,"New Hanover",34.364167,-77.838611,55,50
"1270","Castle Hayne",2019-08-10,8,2019,"New Hanover",34.364167,-77.838611,52,44
"1271","Castle Hayne",2019-08-11,8,2019,"New Hanover",34.364167,-77.838611,23,45
"1272","Castle Hayne",2019-08-12,8,2019,"New Hanover",34.364167,-77.838611,12,39
"1273","Castle Hayne",2019-08-13,8,2019,"New Hanover",34.364167,-77.838611,21,40
"1274","Castle Hayne",2019-08-14,8,2019,"New Hanover",34.364167,-77.838611,31,39
"1275","Castle Hayne",2019-08-15,8,2019,"New Hanover",34.364167,-77.838611,28,33
"1276","Castle Hayne",2019-08-16,8,2019,"New Hanover",34.364167,-77.838611,3,31
"1277","Castle Hayne",2019-08-17,8,2019,"New Hanover",34.364167,-77.838611,3,24
"1278","Castle Hayne",2019-08-18,8,2019,"New Hanover",34.364167,-77.838611,18,27
"1279","Castle Hayne",2019-08-19,8,2019,"New Hanover",34.364167,-77.838611,22,32
"1280","Castle Hayne",2019-08-20,8,2019,"New Hanover",34.364167,-77.838611,40,28
"1281","Castle Hayne",2019-08-22,8,2019,"New Hanover",34.364167,-77.838611,NA,30
"1282","Castle Hayne",2019-08-23,8,2019,"New Hanover",34.364167,-77.838611,0,24
"1283","Castle Hayne",2019-08-24,8,2019,"New Hanover",34.364167,-77.838611,10,26
"1284","Castle Hayne",2019-08-25,8,2019,"New Hanover",34.364167,-77.838611,5,26
"1285","Castle Hayne",2019-08-26,8,2019,"New Hanover",34.364167,-77.838611,1,30
"1286","Castle Hayne",2019-08-27,8,2019,"New Hanover",34.364167,-77.838611,0,27
"1287","Castle Hayne",2019-08-28,8,2019,"New Hanover",34.364167,-77.838611,15,30
"1288","Castle Hayne",2019-08-29,8,2019,"New Hanover",34.364167,-77.838611,18,45
"1289","Castle Hayne",2019-08-30,8,2019,"New Hanover",34.364167,-77.838611,14,49
"1290","Castle Hayne",2019-08-31,8,2019,"New Hanover",34.364167,-77.838611,11,47
"1291","Castle Hayne",2019-09-01,9,2019,"New Hanover",34.364167,-77.838611,5,31
"1292","Castle Hayne",2019-09-02,9,2019,"New Hanover",34.364167,-77.838611,2,24
"1293","Castle Hayne",2019-09-10,9,2019,"New Hanover",34.364167,-77.838611,NA,33
"1294","Castle Hayne",2019-09-11,9,2019,"New Hanover",34.364167,-77.838611,2,37
"1295","Castle Hayne",2019-09-12,9,2019,"New Hanover",34.364167,-77.838611,11,42
"1296","Castle Hayne",2019-09-13,9,2019,"New Hanover",34.364167,-77.838611,7,34
"1297","Castle Hayne",2019-09-14,9,2019,"New Hanover",34.364167,-77.838611,17,31
"1298","Castle Hayne",2019-09-15,9,2019,"New Hanover",34.364167,-77.838611,0,27
"1299","Castle Hayne",2019-09-16,9,2019,"New Hanover",34.364167,-77.838611,2,29
"1300","Castle Hayne",2019-09-17,9,2019,"New Hanover",34.364167,-77.838611,11,40
"1301","Castle Hayne",2019-09-18,9,2019,"New Hanover",34.364167,-77.838611,8,34
"1302","Castle Hayne",2019-09-19,9,2019,"New Hanover",34.364167,-77.838611,3,35
"1303","Castle Hayne",2019-09-20,9,2019,"New Hanover",34.364167,-77.838611,0,32
"1304","Castle Hayne",2019-09-21,9,2019,"New Hanover",34.364167,-77.838611,4,41
"1305","Castle Hayne",2019-09-22,9,2019,"New Hanover",34.364167,-77.838611,4,40
"1306","Castle Hayne",2019-09-23,9,2019,"New Hanover",34.364167,-77.838611,6,41
"1307","Castle Hayne",2019-09-24,9,2019,"New Hanover",34.364167,-77.838611,20,38
"1308","Castle Hayne",2019-09-25,9,2019,"New Hanover",34.364167,-77.838611,14,44
"1309","Castle Hayne",2019-09-26,9,2019,"New Hanover",34.364167,-77.838611,13,41
"1310","Castle Hayne",2019-09-27,9,2019,"New Hanover",34.364167,-77.838611,16,39
"1311","Castle Hayne",2019-09-28,9,2019,"New Hanover",34.364167,-77.838611,13,39
"1312","Castle Hayne",2019-09-29,9,2019,"New Hanover",34.364167,-77.838611,31,39
"1313","Castle Hayne",2019-09-30,9,2019,"New Hanover",34.364167,-77.838611,30,43
"1314","Castle Hayne",2019-10-01,10,2019,"New Hanover",34.364167,-77.838611,18,34
"1315","Castle Hayne",2019-10-02,10,2019,"New Hanover",34.364167,-77.838611,20,43
"1316","Castle Hayne",2019-10-03,10,2019,"New Hanover",34.364167,-77.838611,49,51
"1317","Castle Hayne",2019-10-04,10,2019,"New Hanover",34.364167,-77.838611,46,48
"1318","Castle Hayne",2019-10-05,10,2019,"New Hanover",34.364167,-77.838611,3,34
"1319","Castle Hayne",2019-10-06,10,2019,"New Hanover",34.364167,-77.838611,5,38
"1320","Castle Hayne",2019-10-07,10,2019,"New Hanover",34.364167,-77.838611,8,33
"1321","Castle Hayne",2019-10-08,10,2019,"New Hanover",34.364167,-77.838611,0,27
"1322","Castle Hayne",2019-10-09,10,2019,"New Hanover",34.364167,-77.838611,9,30
"1323","Castle Hayne",2019-10-10,10,2019,"New Hanover",34.364167,-77.838611,2,25
"1324","Castle Hayne",2019-10-11,10,2019,"New Hanover",34.364167,-77.838611,8,43
"1325","Castle Hayne",2019-10-12,10,2019,"New Hanover",34.364167,-77.838611,20,44
"1326","Castle Hayne",2019-10-13,10,2019,"New Hanover",34.364167,-77.838611,2,42
"1327","Castle Hayne",2019-10-14,10,2019,"New Hanover",34.364167,-77.838611,6,32
"1328","Castle Hayne",2019-10-15,10,2019,"New Hanover",34.364167,-77.838611,14,37
"1329","Castle Hayne",2019-10-16,10,2019,"New Hanover",34.364167,-77.838611,0,30
"1330","Castle Hayne",2019-10-17,10,2019,"New Hanover",34.364167,-77.838611,6,32
"1331","Castle Hayne",2019-10-18,10,2019,"New Hanover",34.364167,-77.838611,11,35
"1332","Castle Hayne",2019-10-19,10,2019,"New Hanover",34.364167,-77.838611,3,38
"1333","Castle Hayne",2019-10-20,10,2019,"New Hanover",34.364167,-77.838611,0,34
"1334","Castle Hayne",2019-10-21,10,2019,"New Hanover",34.364167,-77.838611,0,30
"1335","Castle Hayne",2019-10-22,10,2019,"New Hanover",34.364167,-77.838611,12,29
"1336","Castle Hayne",2019-10-23,10,2019,"New Hanover",34.364167,-77.838611,8,37
"1337","Castle Hayne",2019-10-24,10,2019,"New Hanover",34.364167,-77.838611,11,41
"1338","Castle Hayne",2019-10-25,10,2019,"New Hanover",34.364167,-77.838611,9,42
"1339","Castle Hayne",2019-10-26,10,2019,"New Hanover",34.364167,-77.838611,6,40
"1340","Castle Hayne",2019-10-27,10,2019,"New Hanover",34.364167,-77.838611,34,24
"1341","Castle Hayne",2019-10-28,10,2019,"New Hanover",34.364167,-77.838611,19,34
"1342","Castle Hayne",2019-10-29,10,2019,"New Hanover",34.364167,-77.838611,13,20
"1343","Castle Hayne",2019-10-30,10,2019,"New Hanover",34.364167,-77.838611,8,33
"1344","Castle Hayne",2019-10-31,10,2019,"New Hanover",34.364167,-77.838611,17,32
"1345","Castle Hayne",2019-11-01,11,2019,"New Hanover",34.364167,-77.838611,6,NA
"1346","Castle Hayne",2019-11-02,11,2019,"New Hanover",34.364167,-77.838611,13,NA
"1347","Castle Hayne",2019-11-03,11,2019,"New Hanover",34.364167,-77.838611,23,NA
"1348","Castle Hayne",2019-11-04,11,2019,"New Hanover",34.364167,-77.838611,18,NA
"1349","Castle Hayne",2019-11-05,11,2019,"New Hanover",34.364167,-77.838611,11,NA
"1350","Castle Hayne",2019-11-06,11,2019,"New Hanover",34.364167,-77.838611,25,NA
"1351","Castle Hayne",2019-11-07,11,2019,"New Hanover",34.364167,-77.838611,22,NA
"1352","Castle Hayne",2019-11-08,11,2019,"New Hanover",34.364167,-77.838611,7,NA
"1353","Castle Hayne",2019-11-09,11,2019,"New Hanover",34.364167,-77.838611,19,NA
"1354","Castle Hayne",2019-11-10,11,2019,"New Hanover",34.364167,-77.838611,27,NA
"1355","Castle Hayne",2019-11-11,11,2019,"New Hanover",34.364167,-77.838611,40,NA
"1356","Castle Hayne",2019-11-12,11,2019,"New Hanover",34.364167,-77.838611,12,NA
"1357","Castle Hayne",2019-11-13,11,2019,"New Hanover",34.364167,-77.838611,10,NA
"1358","Castle Hayne",2019-11-14,11,2019,"New Hanover",34.364167,-77.838611,24,NA
"1359","Castle Hayne",2019-11-15,11,2019,"New Hanover",34.364167,-77.838611,22,NA
"1360","Castle Hayne",2019-11-16,11,2019,"New Hanover",34.364167,-77.838611,22,NA
"1361","Castle Hayne",2019-11-17,11,2019,"New Hanover",34.364167,-77.838611,15,NA
"1362","Castle Hayne",2019-11-18,11,2019,"New Hanover",34.364167,-77.838611,19,NA
"1363","Castle Hayne",2019-11-19,11,2019,"New Hanover",34.364167,-77.838611,18,NA
"1364","Castle Hayne",2019-11-20,11,2019,"New Hanover",34.364167,-77.838611,42,NA
"1365","Castle Hayne",2019-11-21,11,2019,"New Hanover",34.364167,-77.838611,45,NA
"1366","Castle Hayne",2019-11-26,11,2019,"New Hanover",34.364167,-77.838611,33,NA
"1367","Castle Hayne",2019-11-27,11,2019,"New Hanover",34.364167,-77.838611,30,NA
"1368","Castle Hayne",2019-11-28,11,2019,"New Hanover",34.364167,-77.838611,25,NA
"1369","Castle Hayne",2019-11-29,11,2019,"New Hanover",34.364167,-77.838611,13,NA
"1370","Castle Hayne",2019-11-30,11,2019,"New Hanover",34.364167,-77.838611,30,NA
"1371","Castle Hayne",2019-12-01,12,2019,"New Hanover",34.364167,-77.838611,15,NA
"1372","Castle Hayne",2019-12-02,12,2019,"New Hanover",34.364167,-77.838611,13,NA
"1373","Castle Hayne",2019-12-03,12,2019,"New Hanover",34.364167,-77.838611,10,NA
"1374","Castle Hayne",2019-12-04,12,2019,"New Hanover",34.364167,-77.838611,28,NA
"1375","Castle Hayne",2019-12-05,12,2019,"New Hanover",34.364167,-77.838611,19,NA
"1376","Castle Hayne",2019-12-06,12,2019,"New Hanover",34.364167,-77.838611,25,NA
"1377","Castle Hayne",2019-12-07,12,2019,"New Hanover",34.364167,-77.838611,36,NA
"1378","Castle Hayne",2019-12-08,12,2019,"New Hanover",34.364167,-77.838611,17,NA
"1379","Castle Hayne",2019-12-09,12,2019,"New Hanover",34.364167,-77.838611,16,NA
"1380","Castle Hayne",2019-12-10,12,2019,"New Hanover",34.364167,-77.838611,13,NA
"1381","Castle Hayne",2019-12-11,12,2019,"New Hanover",34.364167,-77.838611,8,NA
"1382","Castle Hayne",2019-12-12,12,2019,"New Hanover",34.364167,-77.838611,27,NA
"1383","Castle Hayne",2019-12-13,12,2019,"New Hanover",34.364167,-77.838611,17,NA
"1384","Castle Hayne",2019-12-14,12,2019,"New Hanover",34.364167,-77.838611,5,NA
"1385","Castle Hayne",2019-12-15,12,2019,"New Hanover",34.364167,-77.838611,19,NA
"1386","Castle Hayne",2019-12-16,12,2019,"New Hanover",34.364167,-77.838611,30,NA
"1387","Castle Hayne",2019-12-17,12,2019,"New Hanover",34.364167,-77.838611,6,NA
"1388","Castle Hayne",2019-12-18,12,2019,"New Hanover",34.364167,-77.838611,10,NA
"1389","Castle Hayne",2019-12-19,12,2019,"New Hanover",34.364167,-77.838611,27,NA
"1390","Castle Hayne",2019-12-20,12,2019,"New Hanover",34.364167,-77.838611,33,NA
"1391","Castle Hayne",2019-12-21,12,2019,"New Hanover",34.364167,-77.838611,36,NA
"1392","Castle Hayne",2019-12-22,12,2019,"New Hanover",34.364167,-77.838611,38,NA
"1393","Castle Hayne",2019-12-23,12,2019,"New Hanover",34.364167,-77.838611,15,NA
"1394","Castle Hayne",2019-12-24,12,2019,"New Hanover",34.364167,-77.838611,11,NA
"1395","Castle Hayne",2019-12-25,12,2019,"New Hanover",34.364167,-77.838611,28,NA
"1396","Castle Hayne",2019-12-26,12,2019,"New Hanover",34.364167,-77.838611,25,NA
"1397","Castle Hayne",2019-12-27,12,2019,"New Hanover",34.364167,-77.838611,21,NA
"1398","Castle Hayne",2019-12-28,12,2019,"New Hanover",34.364167,-77.838611,23,NA
"1399","Castle Hayne",2019-12-29,12,2019,"New Hanover",34.364167,-77.838611,8,NA
"1400","Castle Hayne",2019-12-30,12,2019,"New Hanover",34.364167,-77.838611,16,NA
"1401","Castle Hayne",2019-12-31,12,2019,"New Hanover",34.364167,-77.838611,15,NA
"1402","Clemmons Middle",2018-01-01,1,2018,"Forsyth",36.026,-80.342,24,NA
"1403","Clemmons Middle",2018-01-02,1,2018,"Forsyth",36.026,-80.342,40,NA
"1404","Clemmons Middle",2018-01-03,1,2018,"Forsyth",36.026,-80.342,68,NA
"1405","Clemmons Middle",2018-01-04,1,2018,"Forsyth",36.026,-80.342,42,NA
"1406","Clemmons Middle",2018-01-05,1,2018,"Forsyth",36.026,-80.342,37,NA
"1407","Clemmons Middle",2018-01-06,1,2018,"Forsyth",36.026,-80.342,35,NA
"1408","Clemmons Middle",2018-01-07,1,2018,"Forsyth",36.026,-80.342,49,NA
"1409","Clemmons Middle",2018-01-08,1,2018,"Forsyth",36.026,-80.342,52,NA
"1410","Clemmons Middle",2018-01-09,1,2018,"Forsyth",36.026,-80.342,60,NA
"1411","Clemmons Middle",2018-01-10,1,2018,"Forsyth",36.026,-80.342,39,NA
"1412","Clemmons Middle",2018-01-11,1,2018,"Forsyth",36.026,-80.342,59,NA
"1413","Clemmons Middle",2018-01-12,1,2018,"Forsyth",36.026,-80.342,23,NA
"1414","Clemmons Middle",2018-01-13,1,2018,"Forsyth",36.026,-80.342,10,NA
"1415","Clemmons Middle",2018-01-14,1,2018,"Forsyth",36.026,-80.342,25,NA
"1416","Clemmons Middle",2018-01-15,1,2018,"Forsyth",36.026,-80.342,30,NA
"1417","Clemmons Middle",2018-01-16,1,2018,"Forsyth",36.026,-80.342,69,NA
"1418","Clemmons Middle",2018-01-17,1,2018,"Forsyth",36.026,-80.342,55,NA
"1419","Clemmons Middle",2018-01-18,1,2018,"Forsyth",36.026,-80.342,40,NA
"1420","Clemmons Middle",2018-01-19,1,2018,"Forsyth",36.026,-80.342,54,NA
"1421","Clemmons Middle",2018-01-20,1,2018,"Forsyth",36.026,-80.342,63,NA
"1422","Clemmons Middle",2018-01-21,1,2018,"Forsyth",36.026,-80.342,48,NA
"1423","Clemmons Middle",2018-01-22,1,2018,"Forsyth",36.026,-80.342,58,NA
"1424","Clemmons Middle",2018-01-23,1,2018,"Forsyth",36.026,-80.342,25,NA
"1425","Clemmons Middle",2018-01-24,1,2018,"Forsyth",36.026,-80.342,16,NA
"1426","Clemmons Middle",2018-01-25,1,2018,"Forsyth",36.026,-80.342,34,NA
"1427","Clemmons Middle",2018-01-26,1,2018,"Forsyth",36.026,-80.342,58,NA
"1428","Clemmons Middle",2018-01-27,1,2018,"Forsyth",36.026,-80.342,61,NA
"1429","Clemmons Middle",2018-01-28,1,2018,"Forsyth",36.026,-80.342,56,NA
"1430","Clemmons Middle",2018-01-29,1,2018,"Forsyth",36.026,-80.342,18,NA
"1431","Clemmons Middle",2018-01-30,1,2018,"Forsyth",36.026,-80.342,22,NA
"1432","Clemmons Middle",2018-01-31,1,2018,"Forsyth",36.026,-80.342,35,NA
"1433","Clemmons Middle",2018-02-01,2,2018,"Forsyth",36.026,-80.342,51,NA
"1434","Clemmons Middle",2018-02-02,2,2018,"Forsyth",36.026,-80.342,16,NA
"1435","Clemmons Middle",2018-02-03,2,2018,"Forsyth",36.026,-80.342,40,NA
"1436","Clemmons Middle",2018-02-04,2,2018,"Forsyth",36.026,-80.342,40,NA
"1437","Clemmons Middle",2018-02-05,2,2018,"Forsyth",36.026,-80.342,26,NA
"1438","Clemmons Middle",2018-02-06,2,2018,"Forsyth",36.026,-80.342,43,NA
"1439","Clemmons Middle",2018-02-07,2,2018,"Forsyth",36.026,-80.342,33,NA
"1440","Clemmons Middle",2018-02-08,2,2018,"Forsyth",36.026,-80.342,33,NA
"1441","Clemmons Middle",2018-02-09,2,2018,"Forsyth",36.026,-80.342,60,NA
"1442","Clemmons Middle",2018-02-10,2,2018,"Forsyth",36.026,-80.342,57,NA
"1443","Clemmons Middle",2018-02-11,2,2018,"Forsyth",36.026,-80.342,24,NA
"1444","Clemmons Middle",2018-02-12,2,2018,"Forsyth",36.026,-80.342,17,NA
"1445","Clemmons Middle",2018-02-13,2,2018,"Forsyth",36.026,-80.342,30,NA
"1446","Clemmons Middle",2018-02-14,2,2018,"Forsyth",36.026,-80.342,50,NA
"1447","Clemmons Middle",2018-02-15,2,2018,"Forsyth",36.026,-80.342,34,NA
"1448","Clemmons Middle",2018-02-16,2,2018,"Forsyth",36.026,-80.342,25,NA
"1449","Clemmons Middle",2018-02-17,2,2018,"Forsyth",36.026,-80.342,26,NA
"1450","Clemmons Middle",2018-02-18,2,2018,"Forsyth",36.026,-80.342,22,NA
"1451","Clemmons Middle",2018-02-19,2,2018,"Forsyth",36.026,-80.342,38,NA
"1452","Clemmons Middle",2018-02-20,2,2018,"Forsyth",36.026,-80.342,54,NA
"1453","Clemmons Middle",2018-02-21,2,2018,"Forsyth",36.026,-80.342,38,NA
"1454","Clemmons Middle",2018-02-22,2,2018,"Forsyth",36.026,-80.342,42,NA
"1455","Clemmons Middle",2018-02-23,2,2018,"Forsyth",36.026,-80.342,58,NA
"1456","Clemmons Middle",2018-02-24,2,2018,"Forsyth",36.026,-80.342,52,NA
"1457","Clemmons Middle",2018-02-25,2,2018,"Forsyth",36.026,-80.342,38,NA
"1458","Clemmons Middle",2018-02-26,2,2018,"Forsyth",36.026,-80.342,19,NA
"1459","Clemmons Middle",2018-02-27,2,2018,"Forsyth",36.026,-80.342,32,NA
"1460","Clemmons Middle",2018-02-28,2,2018,"Forsyth",36.026,-80.342,53,NA
"1461","Clemmons Middle",2018-03-01,3,2018,"Forsyth",36.026,-80.342,38,41
"1462","Clemmons Middle",2018-03-02,3,2018,"Forsyth",36.026,-80.342,10,44
"1463","Clemmons Middle",2018-03-03,3,2018,"Forsyth",36.026,-80.342,13,44
"1464","Clemmons Middle",2018-03-04,3,2018,"Forsyth",36.026,-80.342,17,46
"1465","Clemmons Middle",2018-03-05,3,2018,"Forsyth",36.026,-80.342,24,44
"1466","Clemmons Middle",2018-03-06,3,2018,"Forsyth",36.026,-80.342,33,29
"1467","Clemmons Middle",2018-03-07,3,2018,"Forsyth",36.026,-80.342,37,35
"1468","Clemmons Middle",2018-03-08,3,2018,"Forsyth",36.026,-80.342,30,43
"1469","Clemmons Middle",2018-03-09,3,2018,"Forsyth",36.026,-80.342,31,44
"1470","Clemmons Middle",2018-03-10,3,2018,"Forsyth",36.026,-80.342,71,38
"1471","Clemmons Middle",2018-03-11,3,2018,"Forsyth",36.026,-80.342,70,31
"1472","Clemmons Middle",2018-03-12,3,2018,"Forsyth",36.026,-80.342,43,38
"1473","Clemmons Middle",2018-03-13,3,2018,"Forsyth",36.026,-80.342,32,44
"1474","Clemmons Middle",2018-03-14,3,2018,"Forsyth",36.026,-80.342,25,43
"1475","Clemmons Middle",2018-03-15,3,2018,"Forsyth",36.026,-80.342,43,61
"1476","Clemmons Middle",2018-03-16,3,2018,"Forsyth",36.026,-80.342,45,51
"1477","Clemmons Middle",2018-03-17,3,2018,"Forsyth",36.026,-80.342,44,51
"1478","Clemmons Middle",2018-03-18,3,2018,"Forsyth",36.026,-80.342,30,46
"1479","Clemmons Middle",2018-03-19,3,2018,"Forsyth",36.026,-80.342,42,45
"1480","Clemmons Middle",2018-03-20,3,2018,"Forsyth",36.026,-80.342,20,32
"1481","Clemmons Middle",2018-03-21,3,2018,"Forsyth",36.026,-80.342,21,35
"1482","Clemmons Middle",2018-03-22,3,2018,"Forsyth",36.026,-80.342,19,45
"1483","Clemmons Middle",2018-03-23,3,2018,"Forsyth",36.026,-80.342,25,50
"1484","Clemmons Middle",2018-03-24,3,2018,"Forsyth",36.026,-80.342,42,37
"1485","Clemmons Middle",2018-03-25,3,2018,"Forsyth",36.026,-80.342,25,48
"1486","Clemmons Middle",2018-03-26,3,2018,"Forsyth",36.026,-80.342,20,44
"1487","Clemmons Middle",2018-03-27,3,2018,"Forsyth",36.026,-80.342,32,39
"1488","Clemmons Middle",2018-03-28,3,2018,"Forsyth",36.026,-80.342,51,44
"1489","Clemmons Middle",2018-03-29,3,2018,"Forsyth",36.026,-80.342,56,48
"1490","Clemmons Middle",2018-03-30,3,2018,"Forsyth",36.026,-80.342,23,44
"1491","Clemmons Middle",2018-03-31,3,2018,"Forsyth",36.026,-80.342,17,50
"1492","Clemmons Middle",2018-04-01,4,2018,"Forsyth",36.026,-80.342,28,48
"1493","Clemmons Middle",2018-04-02,4,2018,"Forsyth",36.026,-80.342,32,58
"1494","Clemmons Middle",2018-04-03,4,2018,"Forsyth",36.026,-80.342,55,48
"1495","Clemmons Middle",2018-04-04,4,2018,"Forsyth",36.026,-80.342,38,46
"1496","Clemmons Middle",2018-04-05,4,2018,"Forsyth",36.026,-80.342,28,50
"1497","Clemmons Middle",2018-04-06,4,2018,"Forsyth",36.026,-80.342,43,54
"1498","Clemmons Middle",2018-04-07,4,2018,"Forsyth",36.026,-80.342,31,41
"1499","Clemmons Middle",2018-04-08,4,2018,"Forsyth",36.026,-80.342,22,45
"1500","Clemmons Middle",2018-04-09,4,2018,"Forsyth",36.026,-80.342,29,46
"1501","Clemmons Middle",2018-04-10,4,2018,"Forsyth",36.026,-80.342,40,45
"1502","Clemmons Middle",2018-04-11,4,2018,"Forsyth",36.026,-80.342,40,47
"1503","Clemmons Middle",2018-04-12,4,2018,"Forsyth",36.026,-80.342,62,71
"1504","Clemmons Middle",2018-04-13,4,2018,"Forsyth",36.026,-80.342,57,84
"1505","Clemmons Middle",2018-04-14,4,2018,"Forsyth",36.026,-80.342,48,49
"1506","Clemmons Middle",2018-04-15,4,2018,"Forsyth",36.026,-80.342,39,36
"1507","Clemmons Middle",2018-04-16,4,2018,"Forsyth",36.026,-80.342,11,36
"1508","Clemmons Middle",2018-04-17,4,2018,"Forsyth",36.026,-80.342,21,49
"1509","Clemmons Middle",2018-04-18,4,2018,"Forsyth",36.026,-80.342,32,80
"1510","Clemmons Middle",2018-04-19,4,2018,"Forsyth",36.026,-80.342,37,46
"1511","Clemmons Middle",2018-04-20,4,2018,"Forsyth",36.026,-80.342,20,64
"1512","Clemmons Middle",2018-04-21,4,2018,"Forsyth",36.026,-80.342,29,84
"1513","Clemmons Middle",2018-04-22,4,2018,"Forsyth",36.026,-80.342,39,54
"1514","Clemmons Middle",2018-04-23,4,2018,"Forsyth",36.026,-80.342,24,43
"1515","Clemmons Middle",2018-04-24,4,2018,"Forsyth",36.026,-80.342,15,35
"1516","Clemmons Middle",2018-04-25,4,2018,"Forsyth",36.026,-80.342,12,40
"1517","Clemmons Middle",2018-04-26,4,2018,"Forsyth",36.026,-80.342,18,44
"1518","Clemmons Middle",2018-04-27,4,2018,"Forsyth",36.026,-80.342,22,44
"1519","Clemmons Middle",2018-04-28,4,2018,"Forsyth",36.026,-80.342,33,67
"1520","Clemmons Middle",2018-04-29,4,2018,"Forsyth",36.026,-80.342,21,45
"1521","Clemmons Middle",2018-04-30,4,2018,"Forsyth",36.026,-80.342,24,54
"1522","Clemmons Middle",2018-05-01,5,2018,"Forsyth",36.026,-80.342,NA,71
"1523","Clemmons Middle",2018-05-02,5,2018,"Forsyth",36.026,-80.342,NA,90
"1524","Clemmons Middle",2018-05-03,5,2018,"Forsyth",36.026,-80.342,NA,74
"1525","Clemmons Middle",2018-05-04,5,2018,"Forsyth",36.026,-80.342,NA,74
"1526","Clemmons Middle",2018-05-05,5,2018,"Forsyth",36.026,-80.342,NA,43
"1527","Clemmons Middle",2018-05-06,5,2018,"Forsyth",36.026,-80.342,NA,41
"1528","Clemmons Middle",2018-05-07,5,2018,"Forsyth",36.026,-80.342,NA,54
"1529","Clemmons Middle",2018-05-08,5,2018,"Forsyth",36.026,-80.342,NA,71
"1530","Clemmons Middle",2018-05-09,5,2018,"Forsyth",36.026,-80.342,NA,67
"1531","Clemmons Middle",2018-05-10,5,2018,"Forsyth",36.026,-80.342,54,67
"1532","Clemmons Middle",2018-05-11,5,2018,"Forsyth",36.026,-80.342,52,64
"1533","Clemmons Middle",2018-05-12,5,2018,"Forsyth",36.026,-80.342,55,80
"1534","Clemmons Middle",2018-05-13,5,2018,"Forsyth",36.026,-80.342,63,61
"1535","Clemmons Middle",2018-05-14,5,2018,"Forsyth",36.026,-80.342,65,61
"1536","Clemmons Middle",2018-05-15,5,2018,"Forsyth",36.026,-80.342,30,34
"1537","Clemmons Middle",2018-05-16,5,2018,"Forsyth",36.026,-80.342,21,30
"1538","Clemmons Middle",2018-05-17,5,2018,"Forsyth",36.026,-80.342,29,30
"1539","Clemmons Middle",2018-05-18,5,2018,"Forsyth",36.026,-80.342,26,26
"1540","Clemmons Middle",2018-05-19,5,2018,"Forsyth",36.026,-80.342,26,34
"1541","Clemmons Middle",2018-05-20,5,2018,"Forsyth",36.026,-80.342,36,42
"1542","Clemmons Middle",2018-05-21,5,2018,"Forsyth",36.026,-80.342,38,42
"1543","Clemmons Middle",2018-05-22,5,2018,"Forsyth",36.026,-80.342,33,37
"1544","Clemmons Middle",2018-05-23,5,2018,"Forsyth",36.026,-80.342,28,40
"1545","Clemmons Middle",2018-05-24,5,2018,"Forsyth",36.026,-80.342,38,51
"1546","Clemmons Middle",2018-05-25,5,2018,"Forsyth",36.026,-80.342,37,32
"1547","Clemmons Middle",2018-05-26,5,2018,"Forsyth",36.026,-80.342,24,28
"1548","Clemmons Middle",2018-05-27,5,2018,"Forsyth",36.026,-80.342,31,25
"1549","Clemmons Middle",2018-05-28,5,2018,"Forsyth",36.026,-80.342,21,22
"1550","Clemmons Middle",2018-05-29,5,2018,"Forsyth",36.026,-80.342,20,24
"1551","Clemmons Middle",2018-05-30,5,2018,"Forsyth",36.026,-80.342,31,28
"1552","Clemmons Middle",2018-05-31,5,2018,"Forsyth",36.026,-80.342,31,40
"1553","Clemmons Middle",2018-06-01,6,2018,"Forsyth",36.026,-80.342,29,44
"1554","Clemmons Middle",2018-06-02,6,2018,"Forsyth",36.026,-80.342,30,46
"1555","Clemmons Middle",2018-06-03,6,2018,"Forsyth",36.026,-80.342,40,44
"1556","Clemmons Middle",2018-06-04,6,2018,"Forsyth",36.026,-80.342,28,58
"1557","Clemmons Middle",2018-06-05,6,2018,"Forsyth",36.026,-80.342,25,54
"1558","Clemmons Middle",2018-06-06,6,2018,"Forsyth",36.026,-80.342,38,67
"1559","Clemmons Middle",2018-06-07,6,2018,"Forsyth",36.026,-80.342,47,84
"1560","Clemmons Middle",2018-06-08,6,2018,"Forsyth",36.026,-80.342,62,90
"1561","Clemmons Middle",2018-06-09,6,2018,"Forsyth",36.026,-80.342,60,64
"1562","Clemmons Middle",2018-06-10,6,2018,"Forsyth",36.026,-80.342,60,64
"1563","Clemmons Middle",2018-06-11,6,2018,"Forsyth",36.026,-80.342,46,45
"1564","Clemmons Middle",2018-06-12,6,2018,"Forsyth",36.026,-80.342,41,31
"1565","Clemmons Middle",2018-06-13,6,2018,"Forsyth",36.026,-80.342,49,50
"1566","Clemmons Middle",2018-06-14,6,2018,"Forsyth",36.026,-80.342,39,48
"1567","Clemmons Middle",2018-06-15,6,2018,"Forsyth",36.026,-80.342,38,101
"1568","Clemmons Middle",2018-06-16,6,2018,"Forsyth",36.026,-80.342,57,61
"1569","Clemmons Middle",2018-06-17,6,2018,"Forsyth",36.026,-80.342,56,58
"1570","Clemmons Middle",2018-06-18,6,2018,"Forsyth",36.026,-80.342,55,45
"1571","Clemmons Middle",2018-06-19,6,2018,"Forsyth",36.026,-80.342,57,48
"1572","Clemmons Middle",2018-06-20,6,2018,"Forsyth",36.026,-80.342,57,39
"1573","Clemmons Middle",2018-06-21,6,2018,"Forsyth",36.026,-80.342,41,35
"1574","Clemmons Middle",2018-06-22,6,2018,"Forsyth",36.026,-80.342,32,47
"1575","Clemmons Middle",2018-06-23,6,2018,"Forsyth",36.026,-80.342,37,44
"1576","Clemmons Middle",2018-06-24,6,2018,"Forsyth",36.026,-80.342,34,42
"1577","Clemmons Middle",2018-06-25,6,2018,"Forsyth",36.026,-80.342,35,38
"1578","Clemmons Middle",2018-06-26,6,2018,"Forsyth",36.026,-80.342,24,33
"1579","Clemmons Middle",2018-06-27,6,2018,"Forsyth",36.026,-80.342,33,41
"1580","Clemmons Middle",2018-06-28,6,2018,"Forsyth",36.026,-80.342,30,43
"1581","Clemmons Middle",2018-06-29,6,2018,"Forsyth",36.026,-80.342,47,74
"1582","Clemmons Middle",2018-06-30,6,2018,"Forsyth",36.026,-80.342,55,67
"1583","Clemmons Middle",2018-07-01,7,2018,"Forsyth",36.026,-80.342,35,42
"1584","Clemmons Middle",2018-07-02,7,2018,"Forsyth",36.026,-80.342,32,40
"1585","Clemmons Middle",2018-07-03,7,2018,"Forsyth",36.026,-80.342,54,54
"1586","Clemmons Middle",2018-07-04,7,2018,"Forsyth",36.026,-80.342,57,43
"1587","Clemmons Middle",2018-07-05,7,2018,"Forsyth",36.026,-80.342,31,29
"1588","Clemmons Middle",2018-07-06,7,2018,"Forsyth",36.026,-80.342,34,32
"1589","Clemmons Middle",2018-07-07,7,2018,"Forsyth",36.026,-80.342,33,36
"1590","Clemmons Middle",2018-07-08,7,2018,"Forsyth",36.026,-80.342,21,51
"1591","Clemmons Middle",2018-07-09,7,2018,"Forsyth",36.026,-80.342,23,46
"1592","Clemmons Middle",2018-07-10,7,2018,"Forsyth",36.026,-80.342,47,54
"1593","Clemmons Middle",2018-07-11,7,2018,"Forsyth",36.026,-80.342,52,51
"1594","Clemmons Middle",2018-07-12,7,2018,"Forsyth",36.026,-80.342,48,97
"1595","Clemmons Middle",2018-07-13,7,2018,"Forsyth",36.026,-80.342,44,93
"1596","Clemmons Middle",2018-07-14,7,2018,"Forsyth",36.026,-80.342,37,58
"1597","Clemmons Middle",2018-07-15,7,2018,"Forsyth",36.026,-80.342,38,64
"1598","Clemmons Middle",2018-07-16,7,2018,"Forsyth",36.026,-80.342,32,54
"1599","Clemmons Middle",2018-07-17,7,2018,"Forsyth",36.026,-80.342,29,43
"1600","Clemmons Middle",2018-07-18,7,2018,"Forsyth",36.026,-80.342,NA,51
"1601","Clemmons Middle",2018-07-19,7,2018,"Forsyth",36.026,-80.342,NA,64
"1602","Clemmons Middle",2018-07-20,7,2018,"Forsyth",36.026,-80.342,47,67
"1603","Clemmons Middle",2018-07-21,7,2018,"Forsyth",36.026,-80.342,40,61
"1604","Clemmons Middle",2018-07-22,7,2018,"Forsyth",36.026,-80.342,31,41
"1605","Clemmons Middle",2018-07-23,7,2018,"Forsyth",36.026,-80.342,38,40
"1606","Clemmons Middle",2018-07-24,7,2018,"Forsyth",36.026,-80.342,26,45
"1607","Clemmons Middle",2018-07-25,7,2018,"Forsyth",36.026,-80.342,28,38
"1608","Clemmons Middle",2018-07-26,7,2018,"Forsyth",36.026,-80.342,33,45
"1609","Clemmons Middle",2018-07-27,7,2018,"Forsyth",36.026,-80.342,50,71
"1610","Clemmons Middle",2018-07-28,7,2018,"Forsyth",36.026,-80.342,43,44
"1611","Clemmons Middle",2018-07-29,7,2018,"Forsyth",36.026,-80.342,42,44
"1612","Clemmons Middle",2018-07-30,7,2018,"Forsyth",36.026,-80.342,26,44
"1613","Clemmons Middle",2018-07-31,7,2018,"Forsyth",36.026,-80.342,31,31
"1614","Clemmons Middle",2018-08-01,8,2018,"Forsyth",36.026,-80.342,23,35
"1615","Clemmons Middle",2018-08-02,8,2018,"Forsyth",36.026,-80.342,18,31
"1616","Clemmons Middle",2018-08-03,8,2018,"Forsyth",36.026,-80.342,17,25
"1617","Clemmons Middle",2018-08-04,8,2018,"Forsyth",36.026,-80.342,22,29
"1618","Clemmons Middle",2018-08-05,8,2018,"Forsyth",36.026,-80.342,29,41
"1619","Clemmons Middle",2018-08-06,8,2018,"Forsyth",36.026,-80.342,37,39
"1620","Clemmons Middle",2018-08-07,8,2018,"Forsyth",36.026,-80.342,32,40
"1621","Clemmons Middle",2018-08-08,8,2018,"Forsyth",36.026,-80.342,25,32
"1622","Clemmons Middle",2018-08-09,8,2018,"Forsyth",36.026,-80.342,40,43
"1623","Clemmons Middle",2018-08-10,8,2018,"Forsyth",36.026,-80.342,52,58
"1624","Clemmons Middle",2018-08-11,8,2018,"Forsyth",36.026,-80.342,34,35
"1625","Clemmons Middle",2018-08-12,8,2018,"Forsyth",36.026,-80.342,41,33
"1626","Clemmons Middle",2018-08-13,8,2018,"Forsyth",36.026,-80.342,42,40
"1627","Clemmons Middle",2018-08-14,8,2018,"Forsyth",36.026,-80.342,52,41
"1628","Clemmons Middle",2018-08-15,8,2018,"Forsyth",36.026,-80.342,54,45
"1629","Clemmons Middle",2018-08-16,8,2018,"Forsyth",36.026,-80.342,63,54
"1630","Clemmons Middle",2018-08-17,8,2018,"Forsyth",36.026,-80.342,52,41
"1631","Clemmons Middle",2018-08-18,8,2018,"Forsyth",36.026,-80.342,30,31
"1632","Clemmons Middle",2018-08-19,8,2018,"Forsyth",36.026,-80.342,28,35
"1633","Clemmons Middle",2018-08-20,8,2018,"Forsyth",36.026,-80.342,35,39
"1634","Clemmons Middle",2018-08-21,8,2018,"Forsyth",36.026,-80.342,33,25
"1635","Clemmons Middle",2018-08-22,8,2018,"Forsyth",36.026,-80.342,32,34
"1636","Clemmons Middle",2018-08-23,8,2018,"Forsyth",36.026,-80.342,55,42
"1637","Clemmons Middle",2018-08-24,8,2018,"Forsyth",36.026,-80.342,34,58
"1638","Clemmons Middle",2018-08-25,8,2018,"Forsyth",36.026,-80.342,43,44
"1639","Clemmons Middle",2018-08-26,8,2018,"Forsyth",36.026,-80.342,52,46
"1640","Clemmons Middle",2018-08-27,8,2018,"Forsyth",36.026,-80.342,58,46
"1641","Clemmons Middle",2018-08-28,8,2018,"Forsyth",36.026,-80.342,60,49
"1642","Clemmons Middle",2018-08-29,8,2018,"Forsyth",36.026,-80.342,53,48
"1643","Clemmons Middle",2018-08-30,8,2018,"Forsyth",36.026,-80.342,54,49
"1644","Clemmons Middle",2018-08-31,8,2018,"Forsyth",36.026,-80.342,29,46
"1645","Clemmons Middle",2018-09-01,9,2018,"Forsyth",36.026,-80.342,31,42
"1646","Clemmons Middle",2018-09-02,9,2018,"Forsyth",36.026,-80.342,33,31
"1647","Clemmons Middle",2018-09-03,9,2018,"Forsyth",36.026,-80.342,33,39
"1648","Clemmons Middle",2018-09-04,9,2018,"Forsyth",36.026,-80.342,38,45
"1649","Clemmons Middle",2018-09-05,9,2018,"Forsyth",36.026,-80.342,47,45
"1650","Clemmons Middle",2018-09-06,9,2018,"Forsyth",36.026,-80.342,42,38
"1651","Clemmons Middle",2018-09-07,9,2018,"Forsyth",36.026,-80.342,46,51
"1652","Clemmons Middle",2018-09-08,9,2018,"Forsyth",36.026,-80.342,51,45
"1653","Clemmons Middle",2018-09-09,9,2018,"Forsyth",36.026,-80.342,20,17
"1654","Clemmons Middle",2018-09-10,9,2018,"Forsyth",36.026,-80.342,26,16
"1655","Clemmons Middle",2018-09-11,9,2018,"Forsyth",36.026,-80.342,33,39
"1656","Clemmons Middle",2018-09-12,9,2018,"Forsyth",36.026,-80.342,23,30
"1657","Clemmons Middle",2018-09-13,9,2018,"Forsyth",36.026,-80.342,23,19
"1658","Clemmons Middle",2018-09-14,9,2018,"Forsyth",36.026,-80.342,16,17
"1659","Clemmons Middle",2018-09-15,9,2018,"Forsyth",36.026,-80.342,18,15
"1660","Clemmons Middle",2018-09-16,9,2018,"Forsyth",36.026,-80.342,13,18
"1661","Clemmons Middle",2018-09-17,9,2018,"Forsyth",36.026,-80.342,18,30
"1662","Clemmons Middle",2018-09-18,9,2018,"Forsyth",36.026,-80.342,23,28
"1663","Clemmons Middle",2018-09-19,9,2018,"Forsyth",36.026,-80.342,42,44
"1664","Clemmons Middle",2018-09-20,9,2018,"Forsyth",36.026,-80.342,56,51
"1665","Clemmons Middle",2018-09-21,9,2018,"Forsyth",36.026,-80.342,59,51
"1666","Clemmons Middle",2018-09-22,9,2018,"Forsyth",36.026,-80.342,57,47
"1667","Clemmons Middle",2018-09-23,9,2018,"Forsyth",36.026,-80.342,37,23
"1668","Clemmons Middle",2018-09-24,9,2018,"Forsyth",36.026,-80.342,22,18
"1669","Clemmons Middle",2018-09-25,9,2018,"Forsyth",36.026,-80.342,33,30
"1670","Clemmons Middle",2018-09-26,9,2018,"Forsyth",36.026,-80.342,31,34
"1671","Clemmons Middle",2018-09-27,9,2018,"Forsyth",36.026,-80.342,32,30
"1672","Clemmons Middle",2018-09-28,9,2018,"Forsyth",36.026,-80.342,23,29
"1673","Clemmons Middle",2018-09-29,9,2018,"Forsyth",36.026,-80.342,29,41
"1674","Clemmons Middle",2018-09-30,9,2018,"Forsyth",36.026,-80.342,34,35
"1675","Clemmons Middle",2018-10-01,10,2018,"Forsyth",36.026,-80.342,37,44
"1676","Clemmons Middle",2018-10-02,10,2018,"Forsyth",36.026,-80.342,45,45
"1677","Clemmons Middle",2018-10-03,10,2018,"Forsyth",36.026,-80.342,40,36
"1678","Clemmons Middle",2018-10-04,10,2018,"Forsyth",36.026,-80.342,38,38
"1679","Clemmons Middle",2018-10-05,10,2018,"Forsyth",36.026,-80.342,43,39
"1680","Clemmons Middle",2018-10-06,10,2018,"Forsyth",36.026,-80.342,50,36
"1681","Clemmons Middle",2018-10-07,10,2018,"Forsyth",36.026,-80.342,51,42
"1682","Clemmons Middle",2018-10-08,10,2018,"Forsyth",36.026,-80.342,40,34
"1683","Clemmons Middle",2018-10-09,10,2018,"Forsyth",36.026,-80.342,28,34
"1684","Clemmons Middle",2018-10-10,10,2018,"Forsyth",36.026,-80.342,31,18
"1685","Clemmons Middle",2018-10-11,10,2018,"Forsyth",36.026,-80.342,21,26
"1686","Clemmons Middle",2018-10-12,10,2018,"Forsyth",36.026,-80.342,20,36
"1687","Clemmons Middle",2018-10-13,10,2018,"Forsyth",36.026,-80.342,20,32
"1688","Clemmons Middle",2018-10-14,10,2018,"Forsyth",36.026,-80.342,34,19
"1689","Clemmons Middle",2018-10-15,10,2018,"Forsyth",36.026,-80.342,41,36
"1690","Clemmons Middle",2018-10-16,10,2018,"Forsyth",36.026,-80.342,34,21
"1691","Clemmons Middle",2018-10-17,10,2018,"Forsyth",36.026,-80.342,23,33
"1692","Clemmons Middle",2018-10-18,10,2018,"Forsyth",36.026,-80.342,25,37
"1693","Clemmons Middle",2018-10-19,10,2018,"Forsyth",36.026,-80.342,38,44
"1694","Clemmons Middle",2018-10-20,10,2018,"Forsyth",36.026,-80.342,40,32
"1695","Clemmons Middle",2018-10-21,10,2018,"Forsyth",36.026,-80.342,13,30
"1696","Clemmons Middle",2018-10-22,10,2018,"Forsyth",36.026,-80.342,30,30
"1697","Clemmons Middle",2018-10-23,10,2018,"Forsyth",36.026,-80.342,28,31
"1698","Clemmons Middle",2018-10-24,10,2018,"Forsyth",36.026,-80.342,28,33
"1699","Clemmons Middle",2018-10-25,10,2018,"Forsyth",36.026,-80.342,33,25
"1700","Clemmons Middle",2018-10-26,10,2018,"Forsyth",36.026,-80.342,31,24
"1701","Clemmons Middle",2018-10-27,10,2018,"Forsyth",36.026,-80.342,15,23
"1702","Clemmons Middle",2018-10-28,10,2018,"Forsyth",36.026,-80.342,26,37
"1703","Clemmons Middle",2018-10-29,10,2018,"Forsyth",36.026,-80.342,19,34
"1704","Clemmons Middle",2018-10-30,10,2018,"Forsyth",36.026,-80.342,23,34
"1705","Clemmons Middle",2018-10-31,10,2018,"Forsyth",36.026,-80.342,47,NA
"1706","Clemmons Middle",2018-11-01,11,2018,"Forsyth",36.026,-80.342,33,NA
"1707","Clemmons Middle",2018-11-02,11,2018,"Forsyth",36.026,-80.342,24,NA
"1708","Clemmons Middle",2018-11-03,11,2018,"Forsyth",36.026,-80.342,22,NA
"1709","Clemmons Middle",2018-11-04,11,2018,"Forsyth",36.026,-80.342,40,NA
"1710","Clemmons Middle",2018-11-05,11,2018,"Forsyth",36.026,-80.342,28,NA
"1711","Clemmons Middle",2018-11-06,11,2018,"Forsyth",36.026,-80.342,22,NA
"1712","Clemmons Middle",2018-11-07,11,2018,"Forsyth",36.026,-80.342,36,NA
"1713","Clemmons Middle",2018-11-08,11,2018,"Forsyth",36.026,-80.342,30,NA
"1714","Clemmons Middle",2018-11-09,11,2018,"Forsyth",36.026,-80.342,30,NA
"1715","Clemmons Middle",2018-11-10,11,2018,"Forsyth",36.026,-80.342,24,NA
"1716","Clemmons Middle",2018-11-11,11,2018,"Forsyth",36.026,-80.342,43,NA
"1717","Clemmons Middle",2018-11-12,11,2018,"Forsyth",36.026,-80.342,51,NA
"1718","Clemmons Middle",2018-11-13,11,2018,"Forsyth",36.026,-80.342,22,NA
"1719","Clemmons Middle",2018-11-14,11,2018,"Forsyth",36.026,-80.342,36,NA
"1720","Clemmons Middle",2018-11-15,11,2018,"Forsyth",36.026,-80.342,20,NA
"1721","Clemmons Middle",2018-11-16,11,2018,"Forsyth",36.026,-80.342,29,NA
"1722","Clemmons Middle",2018-11-17,11,2018,"Forsyth",36.026,-80.342,56,NA
"1723","Clemmons Middle",2018-11-18,11,2018,"Forsyth",36.026,-80.342,66,NA
"1724","Clemmons Middle",2018-11-19,11,2018,"Forsyth",36.026,-80.342,68,NA
"1725","Clemmons Middle",2018-11-20,11,2018,"Forsyth",36.026,-80.342,54,NA
"1726","Clemmons Middle",2018-11-21,11,2018,"Forsyth",36.026,-80.342,27,NA
"1727","Clemmons Middle",2018-11-22,11,2018,"Forsyth",36.026,-80.342,38.5,NA
"1728","Clemmons Middle",2018-11-23,11,2018,"Forsyth",36.026,-80.342,41,NA
"1729","Clemmons Middle",2018-11-24,11,2018,"Forsyth",36.026,-80.342,25,NA
"1730","Clemmons Middle",2018-11-25,11,2018,"Forsyth",36.026,-80.342,42,NA
"1731","Clemmons Middle",2018-11-26,11,2018,"Forsyth",36.026,-80.342,42,NA
"1732","Clemmons Middle",2018-11-27,11,2018,"Forsyth",36.026,-80.342,13,NA
"1733","Clemmons Middle",2018-11-28,11,2018,"Forsyth",36.026,-80.342,27,NA
"1734","Clemmons Middle",2018-11-29,11,2018,"Forsyth",36.026,-80.342,50,NA
"1735","Clemmons Middle",2018-11-30,11,2018,"Forsyth",36.026,-80.342,55,NA
"1736","Clemmons Middle",2018-12-01,12,2018,"Forsyth",36.026,-80.342,60,NA
"1737","Clemmons Middle",2018-12-02,12,2018,"Forsyth",36.026,-80.342,28,NA
"1738","Clemmons Middle",2018-12-03,12,2018,"Forsyth",36.026,-80.342,31,NA
"1739","Clemmons Middle",2018-12-04,12,2018,"Forsyth",36.026,-80.342,12,NA
"1740","Clemmons Middle",2018-12-05,12,2018,"Forsyth",36.026,-80.342,18,NA
"1741","Clemmons Middle",2018-12-06,12,2018,"Forsyth",36.026,-80.342,33,NA
"1742","Clemmons Middle",2018-12-07,12,2018,"Forsyth",36.026,-80.342,52,NA
"1743","Clemmons Middle",2018-12-08,12,2018,"Forsyth",36.026,-80.342,56,NA
"1744","Clemmons Middle",2018-12-09,12,2018,"Forsyth",36.026,-80.342,34,NA
"1745","Clemmons Middle",2018-12-10,12,2018,"Forsyth",36.026,-80.342,30,NA
"1746","Clemmons Middle",2018-12-11,12,2018,"Forsyth",36.026,-80.342,61,NA
"1747","Clemmons Middle",2018-12-12,12,2018,"Forsyth",36.026,-80.342,70,NA
"1748","Clemmons Middle",2018-12-13,12,2018,"Forsyth",36.026,-80.342,76,NA
"1749","Clemmons Middle",2018-12-14,12,2018,"Forsyth",36.026,-80.342,61,NA
"1750","Clemmons Middle",2018-12-15,12,2018,"Forsyth",36.026,-80.342,14,NA
"1751","Clemmons Middle",2018-12-16,12,2018,"Forsyth",36.026,-80.342,18.5,NA
"1752","Clemmons Middle",2018-12-17,12,2018,"Forsyth",36.026,-80.342,14,NA
"1753","Clemmons Middle",2018-12-18,12,2018,"Forsyth",36.026,-80.342,23,NA
"1754","Clemmons Middle",2018-12-19,12,2018,"Forsyth",36.026,-80.342,58,NA
"1755","Clemmons Middle",2018-12-20,12,2018,"Forsyth",36.026,-80.342,56,NA
"1756","Clemmons Middle",2018-12-21,12,2018,"Forsyth",36.026,-80.342,18,NA
"1757","Clemmons Middle",2018-12-22,12,2018,"Forsyth",36.026,-80.342,11,NA
"1758","Clemmons Middle",2018-12-23,12,2018,"Forsyth",36.026,-80.342,46,NA
"1759","Clemmons Middle",2018-12-24,12,2018,"Forsyth",36.026,-80.342,21,NA
"1760","Clemmons Middle",2018-12-25,12,2018,"Forsyth",36.026,-80.342,36,NA
"1761","Clemmons Middle",2018-12-26,12,2018,"Forsyth",36.026,-80.342,64,NA
"1762","Clemmons Middle",2018-12-27,12,2018,"Forsyth",36.026,-80.342,62,NA
"1763","Clemmons Middle",2018-12-28,12,2018,"Forsyth",36.026,-80.342,18,NA
"1764","Clemmons Middle",2018-12-29,12,2018,"Forsyth",36.026,-80.342,25,NA
"1765","Clemmons Middle",2018-12-30,12,2018,"Forsyth",36.026,-80.342,49,NA
"1766","Clemmons Middle",2018-12-31,12,2018,"Forsyth",36.026,-80.342,44,NA
"1767","Clemmons Middle",2019-01-01,1,2019,"Forsyth",36.026,-80.342,24,NA
"1768","Clemmons Middle",2019-01-02,1,2019,"Forsyth",36.026,-80.342,30,NA
"1769","Clemmons Middle",2019-01-03,1,2019,"Forsyth",36.026,-80.342,30,NA
"1770","Clemmons Middle",2019-01-04,1,2019,"Forsyth",36.026,-80.342,36,NA
"1771","Clemmons Middle",2019-01-05,1,2019,"Forsyth",36.026,-80.342,13,NA
"1772","Clemmons Middle",2019-01-06,1,2019,"Forsyth",36.026,-80.342,15,NA
"1773","Clemmons Middle",2019-01-07,1,2019,"Forsyth",36.026,-80.342,32,NA
"1774","Clemmons Middle",2019-01-08,1,2019,"Forsyth",36.026,-80.342,51,NA
"1775","Clemmons Middle",2019-01-09,1,2019,"Forsyth",36.026,-80.342,11,NA
"1776","Clemmons Middle",2019-01-10,1,2019,"Forsyth",36.026,-80.342,27,NA
"1777","Clemmons Middle",2019-01-11,1,2019,"Forsyth",36.026,-80.342,36,NA
"1778","Clemmons Middle",2019-01-12,1,2019,"Forsyth",36.026,-80.342,57,NA
"1779","Clemmons Middle",2019-01-13,1,2019,"Forsyth",36.026,-80.342,19,NA
"1780","Clemmons Middle",2019-01-14,1,2019,"Forsyth",36.026,-80.342,34,NA
"1781","Clemmons Middle",2019-01-15,1,2019,"Forsyth",36.026,-80.342,39.5,NA
"1782","Clemmons Middle",2019-01-16,1,2019,"Forsyth",36.026,-80.342,41,NA
"1783","Clemmons Middle",2019-01-17,1,2019,"Forsyth",36.026,-80.342,47,NA
"1784","Clemmons Middle",2019-01-18,1,2019,"Forsyth",36.026,-80.342,64,NA
"1785","Clemmons Middle",2019-01-19,1,2019,"Forsyth",36.026,-80.342,59,NA
"1786","Clemmons Middle",2019-01-20,1,2019,"Forsyth",36.026,-80.342,19,NA
"1787","Clemmons Middle",2019-01-21,1,2019,"Forsyth",36.026,-80.342,15,NA
"1788","Clemmons Middle",2019-01-22,1,2019,"Forsyth",36.026,-80.342,33,NA
"1789","Clemmons Middle",2019-01-23,1,2019,"Forsyth",36.026,-80.342,54,NA
"1790","Clemmons Middle",2019-01-24,1,2019,"Forsyth",36.026,-80.342,18,NA
"1791","Clemmons Middle",2019-01-25,1,2019,"Forsyth",36.026,-80.342,35,NA
"1792","Clemmons Middle",2019-01-26,1,2019,"Forsyth",36.026,-80.342,52,NA
"1793","Clemmons Middle",2019-01-27,1,2019,"Forsyth",36.026,-80.342,52.5,NA
"1794","Clemmons Middle",2019-01-28,1,2019,"Forsyth",36.026,-80.342,59,NA
"1795","Clemmons Middle",2019-01-29,1,2019,"Forsyth",36.026,-80.342,45,NA
"1796","Clemmons Middle",2019-01-30,1,2019,"Forsyth",36.026,-80.342,23,NA
"1797","Clemmons Middle",2019-01-31,1,2019,"Forsyth",36.026,-80.342,28,NA
"1798","Clemmons Middle",2019-02-01,2,2019,"Forsyth",36.026,-80.342,59,NA
"1799","Clemmons Middle",2019-02-02,2,2019,"Forsyth",36.026,-80.342,60,NA
"1800","Clemmons Middle",2019-02-03,2,2019,"Forsyth",36.026,-80.342,75,NA
"1801","Clemmons Middle",2019-02-04,2,2019,"Forsyth",36.026,-80.342,60,NA
"1802","Clemmons Middle",2019-02-05,2,2019,"Forsyth",36.026,-80.342,50,NA
"1803","Clemmons Middle",2019-02-06,2,2019,"Forsyth",36.026,-80.342,32,NA
"1804","Clemmons Middle",2019-02-07,2,2019,"Forsyth",36.026,-80.342,15,NA
"1805","Clemmons Middle",2019-02-08,2,2019,"Forsyth",36.026,-80.342,16.5,NA
"1806","Clemmons Middle",2019-02-09,2,2019,"Forsyth",36.026,-80.342,5,NA
"1807","Clemmons Middle",2019-02-10,2,2019,"Forsyth",36.026,-80.342,16,NA
"1808","Clemmons Middle",2019-02-11,2,2019,"Forsyth",36.026,-80.342,14,NA
"1809","Clemmons Middle",2019-02-12,2,2019,"Forsyth",36.026,-80.342,12,NA
"1810","Clemmons Middle",2019-02-13,2,2019,"Forsyth",36.026,-80.342,18,NA
"1811","Clemmons Middle",2019-02-14,2,2019,"Forsyth",36.026,-80.342,22,NA
"1812","Clemmons Middle",2019-02-15,2,2019,"Forsyth",36.026,-80.342,58,NA
"1813","Clemmons Middle",2019-02-16,2,2019,"Forsyth",36.026,-80.342,43,NA
"1814","Clemmons Middle",2019-02-17,2,2019,"Forsyth",36.026,-80.342,52,NA
"1815","Clemmons Middle",2019-02-18,2,2019,"Forsyth",36.026,-80.342,27,NA
"1816","Clemmons Middle",2019-02-19,2,2019,"Forsyth",36.026,-80.342,34,NA
"1817","Clemmons Middle",2019-02-20,2,2019,"Forsyth",36.026,-80.342,26,NA
"1818","Clemmons Middle",2019-02-21,2,2019,"Forsyth",36.026,-80.342,33,NA
"1819","Clemmons Middle",2019-02-22,2,2019,"Forsyth",36.026,-80.342,28,NA
"1820","Clemmons Middle",2019-02-23,2,2019,"Forsyth",36.026,-80.342,22,NA
"1821","Clemmons Middle",2019-02-24,2,2019,"Forsyth",36.026,-80.342,22,NA
"1822","Clemmons Middle",2019-02-25,2,2019,"Forsyth",36.026,-80.342,13,NA
"1823","Clemmons Middle",2019-02-26,2,2019,"Forsyth",36.026,-80.342,27,NA
"1824","Clemmons Middle",2019-02-27,2,2019,"Forsyth",36.026,-80.342,59,NA
"1825","Clemmons Middle",2019-02-28,2,2019,"Forsyth",36.026,-80.342,59,41
"1826","Clemmons Middle",2019-03-01,3,2019,"Forsyth",36.026,-80.342,33,22
"1827","Clemmons Middle",2019-03-02,3,2019,"Forsyth",36.026,-80.342,33,29
"1828","Clemmons Middle",2019-03-03,3,2019,"Forsyth",36.026,-80.342,45,22
"1829","Clemmons Middle",2019-03-04,3,2019,"Forsyth",36.026,-80.342,22,39
"1830","Clemmons Middle",2019-03-05,3,2019,"Forsyth",36.026,-80.342,26,40
"1831","Clemmons Middle",2019-03-06,3,2019,"Forsyth",36.026,-80.342,22,40
"1832","Clemmons Middle",2019-03-07,3,2019,"Forsyth",36.026,-80.342,41,40
"1833","Clemmons Middle",2019-03-08,3,2019,"Forsyth",36.026,-80.342,62,28
"1834","Clemmons Middle",2019-03-09,3,2019,"Forsyth",36.026,-80.342,63,20
"1835","Clemmons Middle",2019-03-10,3,2019,"Forsyth",36.026,-80.342,26,29
"1836","Clemmons Middle",2019-03-11,3,2019,"Forsyth",36.026,-80.342,25,39
"1837","Clemmons Middle",2019-03-12,3,2019,"Forsyth",36.026,-80.342,19,46
"1838","Clemmons Middle",2019-03-13,3,2019,"Forsyth",36.026,-80.342,33,48
"1839","Clemmons Middle",2019-03-14,3,2019,"Forsyth",36.026,-80.342,38,47
"1840","Clemmons Middle",2019-03-15,3,2019,"Forsyth",36.026,-80.342,39,37
"1841","Clemmons Middle",2019-03-16,3,2019,"Forsyth",36.026,-80.342,15,42
"1842","Clemmons Middle",2019-03-17,3,2019,"Forsyth",36.026,-80.342,24,44
"1843","Clemmons Middle",2019-03-18,3,2019,"Forsyth",36.026,-80.342,34,44
"1844","Clemmons Middle",2019-03-19,3,2019,"Forsyth",36.026,-80.342,35,45
"1845","Clemmons Middle",2019-03-20,3,2019,"Forsyth",36.026,-80.342,45,50
"1846","Clemmons Middle",2019-03-21,3,2019,"Forsyth",36.026,-80.342,41,NA
"1847","Clemmons Middle",2019-03-22,3,2019,"Forsyth",36.026,-80.342,22,46
"1848","Clemmons Middle",2019-03-23,3,2019,"Forsyth",36.026,-80.342,13,46
"1849","Clemmons Middle",2019-03-24,3,2019,"Forsyth",36.026,-80.342,57,67
"1850","Clemmons Middle",2019-03-25,3,2019,"Forsyth",36.026,-80.342,61,42
"1851","Clemmons Middle",2019-03-26,3,2019,"Forsyth",36.026,-80.342,48,41
"1852","Clemmons Middle",2019-03-27,3,2019,"Forsyth",36.026,-80.342,25,46
"1853","Clemmons Middle",2019-03-28,3,2019,"Forsyth",36.026,-80.342,53,61
"1854","Clemmons Middle",2019-03-29,3,2019,"Forsyth",36.026,-80.342,58,77
"1855","Clemmons Middle",2019-03-30,3,2019,"Forsyth",36.026,-80.342,75,50
"1856","Clemmons Middle",2019-03-31,3,2019,"Forsyth",36.026,-80.342,34,42
"1857","Clemmons Middle",2019-04-01,4,2019,"Forsyth",36.026,-80.342,28,44
"1858","Clemmons Middle",2019-04-02,4,2019,"Forsyth",36.026,-80.342,42,40
"1859","Clemmons Middle",2019-04-03,4,2019,"Forsyth",36.026,-80.342,57,54
"1860","Clemmons Middle",2019-04-04,4,2019,"Forsyth",36.026,-80.342,58,71
"1861","Clemmons Middle",2019-04-05,4,2019,"Forsyth",36.026,-80.342,40,37
"1862","Clemmons Middle",2019-04-06,4,2019,"Forsyth",36.026,-80.342,34,44
"1863","Clemmons Middle",2019-04-07,4,2019,"Forsyth",36.026,-80.342,57,33
"1864","Clemmons Middle",2019-04-08,4,2019,"Forsyth",36.026,-80.342,50,31
"1865","Clemmons Middle",2019-04-09,4,2019,"Forsyth",36.026,-80.342,16,40
"1866","Clemmons Middle",2019-04-10,4,2019,"Forsyth",36.026,-80.342,26,58
"1867","Clemmons Middle",2019-04-11,4,2019,"Forsyth",36.026,-80.342,40,49
"1868","Clemmons Middle",2019-04-12,4,2019,"Forsyth",36.026,-80.342,38,28
"1869","Clemmons Middle",2019-04-13,4,2019,"Forsyth",36.026,-80.342,38,35
"1870","Clemmons Middle",2019-04-14,4,2019,"Forsyth",36.026,-80.342,45,35
"1871","Clemmons Middle",2019-04-15,4,2019,"Forsyth",36.026,-80.342,11.5,46
"1872","Clemmons Middle",2019-04-16,4,2019,"Forsyth",36.026,-80.342,19,54
"1873","Clemmons Middle",2019-04-17,4,2019,"Forsyth",36.026,-80.342,47,64
"1874","Clemmons Middle",2019-04-18,4,2019,"Forsyth",36.026,-80.342,48,48
"1875","Clemmons Middle",2019-04-19,4,2019,"Forsyth",36.026,-80.342,37,35
"1876","Clemmons Middle",2019-04-20,4,2019,"Forsyth",36.026,-80.342,14,31
"1877","Clemmons Middle",2019-04-21,4,2019,"Forsyth",36.026,-80.342,11,32
"1878","Clemmons Middle",2019-04-22,4,2019,"Forsyth",36.026,-80.342,19,44
"1879","Clemmons Middle",2019-04-23,4,2019,"Forsyth",36.026,-80.342,36,46
"1880","Clemmons Middle",2019-04-24,4,2019,"Forsyth",36.026,-80.342,46,54
"1881","Clemmons Middle",2019-04-25,4,2019,"Forsyth",36.026,-80.342,66,41
"1882","Clemmons Middle",2019-04-26,4,2019,"Forsyth",36.026,-80.342,49,43
"1883","Clemmons Middle",2019-04-27,4,2019,"Forsyth",36.026,-80.342,35,49
"1884","Clemmons Middle",2019-04-28,4,2019,"Forsyth",36.026,-80.342,52,48
"1885","Clemmons Middle",2019-04-29,4,2019,"Forsyth",36.026,-80.342,48,35
"1886","Clemmons Middle",2019-04-30,4,2019,"Forsyth",36.026,-80.342,69,71
"1887","Clemmons Middle",2019-05-01,5,2019,"Forsyth",36.026,-80.342,58,44
"1888","Clemmons Middle",2019-05-02,5,2019,"Forsyth",36.026,-80.342,51,45
"1889","Clemmons Middle",2019-05-03,5,2019,"Forsyth",36.026,-80.342,44,36
"1890","Clemmons Middle",2019-05-04,5,2019,"Forsyth",36.026,-80.342,41,36
"1891","Clemmons Middle",2019-05-05,5,2019,"Forsyth",36.026,-80.342,21,28
"1892","Clemmons Middle",2019-05-06,5,2019,"Forsyth",36.026,-80.342,24,44
"1893","Clemmons Middle",2019-05-07,5,2019,"Forsyth",36.026,-80.342,35,43
"1894","Clemmons Middle",2019-05-08,5,2019,"Forsyth",36.026,-80.342,39,44
"1895","Clemmons Middle",2019-05-09,5,2019,"Forsyth",36.026,-80.342,29,40
"1896","Clemmons Middle",2019-05-10,5,2019,"Forsyth",36.026,-80.342,28,36
"1897","Clemmons Middle",2019-05-11,5,2019,"Forsyth",36.026,-80.342,30,25
"1898","Clemmons Middle",2019-05-12,5,2019,"Forsyth",36.026,-80.342,24,30
"1899","Clemmons Middle",2019-05-13,5,2019,"Forsyth",36.026,-80.342,17,38
"1900","Clemmons Middle",2019-05-14,5,2019,"Forsyth",36.026,-80.342,19,42
"1901","Clemmons Middle",2019-05-15,5,2019,"Forsyth",36.026,-80.342,26.5,46
"1902","Clemmons Middle",2019-05-16,5,2019,"Forsyth",36.026,-80.342,37,51
"1903","Clemmons Middle",2019-05-17,5,2019,"Forsyth",36.026,-80.342,48,51
"1904","Clemmons Middle",2019-05-18,5,2019,"Forsyth",36.026,-80.342,55,50
"1905","Clemmons Middle",2019-05-19,5,2019,"Forsyth",36.026,-80.342,58,46
"1906","Clemmons Middle",2019-05-20,5,2019,"Forsyth",36.026,-80.342,46,44
"1907","Clemmons Middle",2019-05-21,5,2019,"Forsyth",36.026,-80.342,33,58
"1908","Clemmons Middle",2019-05-22,5,2019,"Forsyth",36.026,-80.342,44,47
"1909","Clemmons Middle",2019-05-23,5,2019,"Forsyth",36.026,-80.342,52,41
"1910","Clemmons Middle",2019-05-24,5,2019,"Forsyth",36.026,-80.342,52,36
"1911","Clemmons Middle",2019-05-25,5,2019,"Forsyth",36.026,-80.342,58,43
"1912","Clemmons Middle",2019-05-26,5,2019,"Forsyth",36.026,-80.342,49,40
"1913","Clemmons Middle",2019-05-27,5,2019,"Forsyth",36.026,-80.342,37,38
"1914","Clemmons Middle",2019-05-28,5,2019,"Forsyth",36.026,-80.342,53,45
"1915","Clemmons Middle",2019-05-29,5,2019,"Forsyth",36.026,-80.342,45,37
"1916","Clemmons Middle",2019-05-30,5,2019,"Forsyth",36.026,-80.342,51,58
"1917","Clemmons Middle",2019-05-31,5,2019,"Forsyth",36.026,-80.342,40,39
"1918","Clemmons Middle",2019-06-01,6,2019,"Forsyth",36.026,-80.342,40,46
"1919","Clemmons Middle",2019-06-02,6,2019,"Forsyth",36.026,-80.342,47,50
"1920","Clemmons Middle",2019-06-03,6,2019,"Forsyth",36.026,-80.342,56,45
"1921","Clemmons Middle",2019-06-04,6,2019,"Forsyth",36.026,-80.342,36,61
"1922","Clemmons Middle",2019-06-05,6,2019,"Forsyth",36.026,-80.342,56,43
"1923","Clemmons Middle",2019-06-06,6,2019,"Forsyth",36.026,-80.342,59,45
"1924","Clemmons Middle",2019-06-07,6,2019,"Forsyth",36.026,-80.342,30,24
"1925","Clemmons Middle",2019-06-08,6,2019,"Forsyth",36.026,-80.342,14.5,30
"1926","Clemmons Middle",2019-06-09,6,2019,"Forsyth",36.026,-80.342,23,21
"1927","Clemmons Middle",2019-06-10,6,2019,"Forsyth",36.026,-80.342,25,35
"1928","Clemmons Middle",2019-06-11,6,2019,"Forsyth",36.026,-80.342,23,40
"1929","Clemmons Middle",2019-06-12,6,2019,"Forsyth",36.026,-80.342,22,38
"1930","Clemmons Middle",2019-06-13,6,2019,"Forsyth",36.026,-80.342,22,42
"1931","Clemmons Middle",2019-06-14,6,2019,"Forsyth",36.026,-80.342,17,39
"1932","Clemmons Middle",2019-06-15,6,2019,"Forsyth",36.026,-80.342,41,49
"1933","Clemmons Middle",2019-06-16,6,2019,"Forsyth",36.026,-80.342,50,43
"1934","Clemmons Middle",2019-06-17,6,2019,"Forsyth",36.026,-80.342,52,43
"1935","Clemmons Middle",2019-06-18,6,2019,"Forsyth",36.026,-80.342,21,32
"1936","Clemmons Middle",2019-06-19,6,2019,"Forsyth",36.026,-80.342,24,29
"1937","Clemmons Middle",2019-06-20,6,2019,"Forsyth",36.026,-80.342,28,46
"1938","Clemmons Middle",2019-06-21,6,2019,"Forsyth",36.026,-80.342,22,40
"1939","Clemmons Middle",2019-06-22,6,2019,"Forsyth",36.026,-80.342,27,41
"1940","Clemmons Middle",2019-06-23,6,2019,"Forsyth",36.026,-80.342,36,38
"1941","Clemmons Middle",2019-06-24,6,2019,"Forsyth",36.026,-80.342,49,36
"1942","Clemmons Middle",2019-06-25,6,2019,"Forsyth",36.026,-80.342,26,39
"1943","Clemmons Middle",2019-06-26,6,2019,"Forsyth",36.026,-80.342,29,48
"1944","Clemmons Middle",2019-06-27,6,2019,"Forsyth",36.026,-80.342,40,61
"1945","Clemmons Middle",2019-06-28,6,2019,"Forsyth",36.026,-80.342,53,51
"1946","Clemmons Middle",2019-06-29,6,2019,"Forsyth",36.026,-80.342,54,51
"1947","Clemmons Middle",2019-06-30,6,2019,"Forsyth",36.026,-80.342,52,44
"1948","Clemmons Middle",2019-07-01,7,2019,"Forsyth",36.026,-80.342,45,43
"1949","Clemmons Middle",2019-07-02,7,2019,"Forsyth",36.026,-80.342,37.5,44
"1950","Clemmons Middle",2019-07-03,7,2019,"Forsyth",36.026,-80.342,40,47
"1951","Clemmons Middle",2019-07-04,7,2019,"Forsyth",36.026,-80.342,38,41
"1952","Clemmons Middle",2019-07-05,7,2019,"Forsyth",36.026,-80.342,52,39
"1953","Clemmons Middle",2019-07-06,7,2019,"Forsyth",36.026,-80.342,44,31
"1954","Clemmons Middle",2019-07-07,7,2019,"Forsyth",36.026,-80.342,37,33
"1955","Clemmons Middle",2019-07-08,7,2019,"Forsyth",36.026,-80.342,34.5,37
"1956","Clemmons Middle",2019-07-09,7,2019,"Forsyth",36.026,-80.342,37,37
"1957","Clemmons Middle",2019-07-10,7,2019,"Forsyth",36.026,-80.342,39,36
"1958","Clemmons Middle",2019-07-11,7,2019,"Forsyth",36.026,-80.342,33,38
"1959","Clemmons Middle",2019-07-12,7,2019,"Forsyth",36.026,-80.342,32,37
"1960","Clemmons Middle",2019-07-13,7,2019,"Forsyth",36.026,-80.342,38,40
"1961","Clemmons Middle",2019-07-14,7,2019,"Forsyth",36.026,-80.342,36,44
"1962","Clemmons Middle",2019-07-15,7,2019,"Forsyth",36.026,-80.342,51,54
"1963","Clemmons Middle",2019-07-16,7,2019,"Forsyth",36.026,-80.342,56,58
"1964","Clemmons Middle",2019-07-17,7,2019,"Forsyth",36.026,-80.342,52,44
"1965","Clemmons Middle",2019-07-18,7,2019,"Forsyth",36.026,-80.342,23,32
"1966","Clemmons Middle",2019-07-19,7,2019,"Forsyth",36.026,-80.342,30,40
"1967","Clemmons Middle",2019-07-20,7,2019,"Forsyth",36.026,-80.342,29.5,29
"1968","Clemmons Middle",2019-07-21,7,2019,"Forsyth",36.026,-80.342,34,40
"1969","Clemmons Middle",2019-07-22,7,2019,"Forsyth",36.026,-80.342,26,38
"1970","Clemmons Middle",2019-07-23,7,2019,"Forsyth",36.026,-80.342,23,27
"1971","Clemmons Middle",2019-07-24,7,2019,"Forsyth",36.026,-80.342,33,39
"1972","Clemmons Middle",2019-07-25,7,2019,"Forsyth",36.026,-80.342,35,42
"1973","Clemmons Middle",2019-07-26,7,2019,"Forsyth",36.026,-80.342,41,58
"1974","Clemmons Middle",2019-07-27,7,2019,"Forsyth",36.026,-80.342,55,64
"1975","Clemmons Middle",2019-07-28,7,2019,"Forsyth",36.026,-80.342,55,48
"1976","Clemmons Middle",2019-07-29,7,2019,"Forsyth",36.026,-80.342,57,77
"1977","Clemmons Middle",2019-07-30,7,2019,"Forsyth",36.026,-80.342,56,54
"1978","Clemmons Middle",2019-07-31,7,2019,"Forsyth",36.026,-80.342,49,46
"1979","Clemmons Middle",2019-08-01,8,2019,"Forsyth",36.026,-80.342,48.5,50
"1980","Clemmons Middle",2019-08-02,8,2019,"Forsyth",36.026,-80.342,32,50
"1981","Clemmons Middle",2019-08-03,8,2019,"Forsyth",36.026,-80.342,47,45
"1982","Clemmons Middle",2019-08-04,8,2019,"Forsyth",36.026,-80.342,39,38
"1983","Clemmons Middle",2019-08-05,8,2019,"Forsyth",36.026,-80.342,44,44
"1984","Clemmons Middle",2019-08-06,8,2019,"Forsyth",36.026,-80.342,52,46
"1985","Clemmons Middle",2019-08-07,8,2019,"Forsyth",36.026,-80.342,42.5,43
"1986","Clemmons Middle",2019-08-08,8,2019,"Forsyth",36.026,-80.342,38,46
"1987","Clemmons Middle",2019-08-09,8,2019,"Forsyth",36.026,-80.342,42,44
"1988","Clemmons Middle",2019-08-10,8,2019,"Forsyth",36.026,-80.342,44,48
"1989","Clemmons Middle",2019-08-11,8,2019,"Forsyth",36.026,-80.342,43,48
"1990","Clemmons Middle",2019-08-12,8,2019,"Forsyth",36.026,-80.342,54,44
"1991","Clemmons Middle",2019-08-13,8,2019,"Forsyth",36.026,-80.342,46.5,44
"1992","Clemmons Middle",2019-08-14,8,2019,"Forsyth",36.026,-80.342,32,39
"1993","Clemmons Middle",2019-08-15,8,2019,"Forsyth",36.026,-80.342,40,51
"1994","Clemmons Middle",2019-08-16,8,2019,"Forsyth",36.026,-80.342,41,67
"1995","Clemmons Middle",2019-08-17,8,2019,"Forsyth",36.026,-80.342,42,41
"1996","Clemmons Middle",2019-08-18,8,2019,"Forsyth",36.026,-80.342,41,42
"1997","Clemmons Middle",2019-08-19,8,2019,"Forsyth",36.026,-80.342,39.5,47
"1998","Clemmons Middle",2019-08-20,8,2019,"Forsyth",36.026,-80.342,35,38
"1999","Clemmons Middle",2019-08-21,8,2019,"Forsyth",36.026,-80.342,30,41
"2000","Clemmons Middle",2019-08-22,8,2019,"Forsyth",36.026,-80.342,38,39
"2001","Clemmons Middle",2019-08-23,8,2019,"Forsyth",36.026,-80.342,25,36
"2002","Clemmons Middle",2019-08-24,8,2019,"Forsyth",36.026,-80.342,21,23
"2003","Clemmons Middle",2019-08-25,8,2019,"Forsyth",36.026,-80.342,26,32
"2004","Clemmons Middle",2019-08-26,8,2019,"Forsyth",36.026,-80.342,25,30
"2005","Clemmons Middle",2019-08-27,8,2019,"Forsyth",36.026,-80.342,31,25
"2006","Clemmons Middle",2019-08-28,8,2019,"Forsyth",36.026,-80.342,30,31
"2007","Clemmons Middle",2019-08-29,8,2019,"Forsyth",36.026,-80.342,25,43
"2008","Clemmons Middle",2019-08-30,8,2019,"Forsyth",36.026,-80.342,27,44
"2009","Clemmons Middle",2019-08-31,8,2019,"Forsyth",36.026,-80.342,45.5,64
"2010","Clemmons Middle",2019-09-01,9,2019,"Forsyth",36.026,-80.342,38,41
"2011","Clemmons Middle",2019-09-02,9,2019,"Forsyth",36.026,-80.342,32,39
"2012","Clemmons Middle",2019-09-03,9,2019,"Forsyth",36.026,-80.342,47,51
"2013","Clemmons Middle",2019-09-04,9,2019,"Forsyth",36.026,-80.342,47,44
"2014","Clemmons Middle",2019-09-05,9,2019,"Forsyth",36.026,-80.342,35,32
"2015","Clemmons Middle",2019-09-06,9,2019,"Forsyth",36.026,-80.342,33.5,42
"2016","Clemmons Middle",2019-09-07,9,2019,"Forsyth",36.026,-80.342,37,44
"2017","Clemmons Middle",2019-09-08,9,2019,"Forsyth",36.026,-80.342,43,50
"2018","Clemmons Middle",2019-09-09,9,2019,"Forsyth",36.026,-80.342,59,77
"2019","Clemmons Middle",2019-09-10,9,2019,"Forsyth",36.026,-80.342,61,51
"2020","Clemmons Middle",2019-09-11,9,2019,"Forsyth",36.026,-80.342,62,67
"2021","Clemmons Middle",2019-09-12,9,2019,"Forsyth",36.026,-80.342,57,61
"2022","Clemmons Middle",2019-09-13,9,2019,"Forsyth",36.026,-80.342,52,43
"2023","Clemmons Middle",2019-09-14,9,2019,"Forsyth",36.026,-80.342,36,38
"2024","Clemmons Middle",2019-09-15,9,2019,"Forsyth",36.026,-80.342,45,44
"2025","Clemmons Middle",2019-09-16,9,2019,"Forsyth",36.026,-80.342,41,49
"2026","Clemmons Middle",2019-09-17,9,2019,"Forsyth",36.026,-80.342,49,61
"2027","Clemmons Middle",2019-09-18,9,2019,"Forsyth",36.026,-80.342,29,42
"2028","Clemmons Middle",2019-09-19,9,2019,"Forsyth",36.026,-80.342,27,44
"2029","Clemmons Middle",2019-09-20,9,2019,"Forsyth",36.026,-80.342,33,42
"2030","Clemmons Middle",2019-09-21,9,2019,"Forsyth",36.026,-80.342,46,51
"2031","Clemmons Middle",2019-09-22,9,2019,"Forsyth",36.026,-80.342,51,51
"2032","Clemmons Middle",2019-09-23,9,2019,"Forsyth",36.026,-80.342,40,47
"2033","Clemmons Middle",2019-09-24,9,2019,"Forsyth",36.026,-80.342,27,42
"2034","Clemmons Middle",2019-09-25,9,2019,"Forsyth",36.026,-80.342,41,61
"2035","Clemmons Middle",2019-09-26,9,2019,"Forsyth",36.026,-80.342,44,44
"2036","Clemmons Middle",2019-09-27,9,2019,"Forsyth",36.026,-80.342,50,74
"2037","Clemmons Middle",2019-09-28,9,2019,"Forsyth",36.026,-80.342,53,40
"2038","Clemmons Middle",2019-09-29,9,2019,"Forsyth",36.026,-80.342,57,46
"2039","Clemmons Middle",2019-09-30,9,2019,"Forsyth",36.026,-80.342,65.5,41
"2040","Clemmons Middle",2019-10-01,10,2019,"Forsyth",36.026,-80.342,64,45
"2041","Clemmons Middle",2019-10-02,10,2019,"Forsyth",36.026,-80.342,59,43
"2042","Clemmons Middle",2019-10-03,10,2019,"Forsyth",36.026,-80.342,51,45
"2043","Clemmons Middle",2019-10-04,10,2019,"Forsyth",36.026,-80.342,42,46
"2044","Clemmons Middle",2019-10-05,10,2019,"Forsyth",36.026,-80.342,21,25
"2045","Clemmons Middle",2019-10-06,10,2019,"Forsyth",36.026,-80.342,25,31
"2046","Clemmons Middle",2019-10-07,10,2019,"Forsyth",36.026,-80.342,24,34
"2047","Clemmons Middle",2019-10-08,10,2019,"Forsyth",36.026,-80.342,17,30
"2048","Clemmons Middle",2019-10-09,10,2019,"Forsyth",36.026,-80.342,21,40
"2049","Clemmons Middle",2019-10-10,10,2019,"Forsyth",36.026,-80.342,27,38
"2050","Clemmons Middle",2019-10-11,10,2019,"Forsyth",36.026,-80.342,25,40
"2051","Clemmons Middle",2019-10-12,10,2019,"Forsyth",36.026,-80.342,39,44
"2052","Clemmons Middle",2019-10-13,10,2019,"Forsyth",36.026,-80.342,29,17
"2053","Clemmons Middle",2019-10-14,10,2019,"Forsyth",36.026,-80.342,36,41
"2054","Clemmons Middle",2019-10-15,10,2019,"Forsyth",36.026,-80.342,54,42
"2055","Clemmons Middle",2019-10-16,10,2019,"Forsyth",36.026,-80.342,22,31
"2056","Clemmons Middle",2019-10-17,10,2019,"Forsyth",36.026,-80.342,13,31
"2057","Clemmons Middle",2019-10-18,10,2019,"Forsyth",36.026,-80.342,20,34
"2058","Clemmons Middle",2019-10-19,10,2019,"Forsyth",36.026,-80.342,38,33
"2059","Clemmons Middle",2019-10-20,10,2019,"Forsyth",36.026,-80.342,8,30
"2060","Clemmons Middle",2019-10-21,10,2019,"Forsyth",36.026,-80.342,22,24
"2061","Clemmons Middle",2019-10-22,10,2019,"Forsyth",36.026,-80.342,19,25
"2062","Clemmons Middle",2019-10-23,10,2019,"Forsyth",36.026,-80.342,17,31
"2063","Clemmons Middle",2019-10-24,10,2019,"Forsyth",36.026,-80.342,25,37
"2064","Clemmons Middle",2019-10-25,10,2019,"Forsyth",36.026,-80.342,36,28
"2065","Clemmons Middle",2019-10-26,10,2019,"Forsyth",36.026,-80.342,34,37
"2066","Clemmons Middle",2019-10-27,10,2019,"Forsyth",36.026,-80.342,18,29
"2067","Clemmons Middle",2019-10-28,10,2019,"Forsyth",36.026,-80.342,21,42
"2068","Clemmons Middle",2019-10-29,10,2019,"Forsyth",36.026,-80.342,45,20
"2069","Clemmons Middle",2019-10-30,10,2019,"Forsyth",36.026,-80.342,38,12
"2070","Clemmons Middle",2019-10-31,10,2019,"Forsyth",36.026,-80.342,22,21
"2071","Clemmons Middle",2019-11-01,11,2019,"Forsyth",36.026,-80.342,23,26
"2072","Clemmons Middle",2019-11-02,11,2019,"Forsyth",36.026,-80.342,35,31
"2073","Clemmons Middle",2019-11-03,11,2019,"Forsyth",36.026,-80.342,30,31
"2074","Clemmons Middle",2019-11-04,11,2019,"Forsyth",36.026,-80.342,43,NA
"2075","Clemmons Middle",2019-11-05,11,2019,"Forsyth",36.026,-80.342,46,NA
"2076","Clemmons Middle",2019-11-06,11,2019,"Forsyth",36.026,-80.342,35,NA
"2077","Clemmons Middle",2019-11-07,11,2019,"Forsyth",36.026,-80.342,56,NA
"2078","Clemmons Middle",2019-11-08,11,2019,"Forsyth",36.026,-80.342,24,NA
"2079","Clemmons Middle",2019-11-09,11,2019,"Forsyth",36.026,-80.342,44,NA
"2080","Clemmons Middle",2019-11-10,11,2019,"Forsyth",36.026,-80.342,67,NA
"2081","Clemmons Middle",2019-11-11,11,2019,"Forsyth",36.026,-80.342,58,NA
"2082","Clemmons Middle",2019-11-12,11,2019,"Forsyth",36.026,-80.342,27,NA
"2083","Clemmons Middle",2019-11-13,11,2019,"Forsyth",36.026,-80.342,28,NA
"2084","Clemmons Middle",2019-11-14,11,2019,"Forsyth",36.026,-80.342,60,NA
"2085","Clemmons Middle",2019-11-15,11,2019,"Forsyth",36.026,-80.342,46,NA
"2086","Clemmons Middle",2019-11-16,11,2019,"Forsyth",36.026,-80.342,39,NA
"2087","Clemmons Middle",2019-11-17,11,2019,"Forsyth",36.026,-80.342,23,NA
"2088","Clemmons Middle",2019-11-18,11,2019,"Forsyth",36.026,-80.342,34,NA
"2089","Clemmons Middle",2019-11-19,11,2019,"Forsyth",36.026,-80.342,57,NA
"2090","Clemmons Middle",2019-11-20,11,2019,"Forsyth",36.026,-80.342,51,NA
"2091","Clemmons Middle",2019-11-21,11,2019,"Forsyth",36.026,-80.342,52,NA
"2092","Clemmons Middle",2019-11-22,11,2019,"Forsyth",36.026,-80.342,68,NA
"2093","Clemmons Middle",2019-11-23,11,2019,"Forsyth",36.026,-80.342,31,NA
"2094","Clemmons Middle",2019-11-24,11,2019,"Forsyth",36.026,-80.342,17,NA
"2095","Clemmons Middle",2019-11-25,11,2019,"Forsyth",36.026,-80.342,34,NA
"2096","Clemmons Middle",2019-11-26,11,2019,"Forsyth",36.026,-80.342,56,NA
"2097","Clemmons Middle",2019-11-27,11,2019,"Forsyth",36.026,-80.342,56,NA
"2098","Clemmons Middle",2019-11-28,11,2019,"Forsyth",36.026,-80.342,15,NA
"2099","Clemmons Middle",2019-11-29,11,2019,"Forsyth",36.026,-80.342,30,NA
"2100","Clemmons Middle",2019-11-30,11,2019,"Forsyth",36.026,-80.342,60,NA
"2101","Clemmons Middle",2019-12-01,12,2019,"Forsyth",36.026,-80.342,29,NA
"2102","Clemmons Middle",2019-12-02,12,2019,"Forsyth",36.026,-80.342,6,NA
"2103","Clemmons Middle",2019-12-03,12,2019,"Forsyth",36.026,-80.342,13,NA
"2104","Clemmons Middle",2019-12-04,12,2019,"Forsyth",36.026,-80.342,20,NA
"2105","Clemmons Middle",2019-12-05,12,2019,"Forsyth",36.026,-80.342,14,NA
"2106","Clemmons Middle",2019-12-06,12,2019,"Forsyth",36.026,-80.342,54,NA
"2107","Clemmons Middle",2019-12-07,12,2019,"Forsyth",36.026,-80.342,59,NA
"2108","Clemmons Middle",2019-12-08,12,2019,"Forsyth",36.026,-80.342,38,NA
"2109","Clemmons Middle",2019-12-09,12,2019,"Forsyth",36.026,-80.342,51,NA
"2110","Clemmons Middle",2019-12-10,12,2019,"Forsyth",36.026,-80.342,34,NA
"2111","Clemmons Middle",2019-12-11,12,2019,"Forsyth",36.026,-80.342,15,NA
"2112","Clemmons Middle",2019-12-12,12,2019,"Forsyth",36.026,-80.342,38,NA
"2113","Clemmons Middle",2019-12-13,12,2019,"Forsyth",36.026,-80.342,35,NA
"2114","Clemmons Middle",2019-12-14,12,2019,"Forsyth",36.026,-80.342,13,NA
"2115","Clemmons Middle",2019-12-15,12,2019,"Forsyth",36.026,-80.342,30,NA
"2116","Clemmons Middle",2019-12-16,12,2019,"Forsyth",36.026,-80.342,52,NA
"2117","Clemmons Middle",2019-12-17,12,2019,"Forsyth",36.026,-80.342,17,NA
"2118","Clemmons Middle",2019-12-18,12,2019,"Forsyth",36.026,-80.342,16,NA
"2119","Clemmons Middle",2019-12-19,12,2019,"Forsyth",36.026,-80.342,43,NA
"2120","Clemmons Middle",2019-12-20,12,2019,"Forsyth",36.026,-80.342,53,NA
"2121","Clemmons Middle",2019-12-21,12,2019,"Forsyth",36.026,-80.342,61,NA
"2122","Clemmons Middle",2019-12-22,12,2019,"Forsyth",36.026,-80.342,90,NA
"2123","Clemmons Middle",2019-12-23,12,2019,"Forsyth",36.026,-80.342,55,NA
"2124","Clemmons Middle",2019-12-24,12,2019,"Forsyth",36.026,-80.342,20,NA
"2125","Clemmons Middle",2019-12-25,12,2019,"Forsyth",36.026,-80.342,56,NA
"2126","Clemmons Middle",2019-12-26,12,2019,"Forsyth",36.026,-80.342,61,NA
"2127","Clemmons Middle",2019-12-27,12,2019,"Forsyth",36.026,-80.342,65,NA
"2128","Clemmons Middle",2019-12-28,12,2019,"Forsyth",36.026,-80.342,67,NA
"2129","Clemmons Middle",2019-12-29,12,2019,"Forsyth",36.026,-80.342,48,NA
"2130","Clemmons Middle",2019-12-30,12,2019,"Forsyth",36.026,-80.342,14,NA
"2131","Clemmons Middle",2019-12-31,12,2019,"Forsyth",36.026,-80.342,13,NA
"2132","Durham Armory",2018-01-01,1,2018,"Durham",36.0329550008979,-78.904037,31,NA
"2133","Durham Armory",2018-01-02,1,2018,"Durham",36.0329550008979,-78.904037,37,NA
"2134","Durham Armory",2018-01-03,1,2018,"Durham",36.0329550008979,-78.904037,58,NA
"2135","Durham Armory",2018-01-04,1,2018,"Durham",36.0329550008979,-78.904037,40,NA
"2136","Durham Armory",2018-01-05,1,2018,"Durham",36.0329550008979,-78.904037,32.5,NA
"2137","Durham Armory",2018-01-06,1,2018,"Durham",36.0329550008979,-78.904037,32,NA
"2138","Durham Armory",2018-01-07,1,2018,"Durham",36.0329550008979,-78.904037,39,NA
"2139","Durham Armory",2018-01-08,1,2018,"Durham",36.0329550008979,-78.904037,34.5,NA
"2140","Durham Armory",2018-01-09,1,2018,"Durham",36.0329550008979,-78.904037,49,NA
"2141","Durham Armory",2018-01-10,1,2018,"Durham",36.0329550008979,-78.904037,39,NA
"2142","Durham Armory",2018-01-11,1,2018,"Durham",36.0329550008979,-78.904037,43.5,NA
"2143","Durham Armory",2018-01-12,1,2018,"Durham",36.0329550008979,-78.904037,5,NA
"2144","Durham Armory",2018-01-13,1,2018,"Durham",36.0329550008979,-78.904037,20,NA
"2145","Durham Armory",2018-01-14,1,2018,"Durham",36.0329550008979,-78.904037,20,NA
"2146","Durham Armory",2018-01-15,1,2018,"Durham",36.0329550008979,-78.904037,44,NA
"2147","Durham Armory",2018-01-16,1,2018,"Durham",36.0329550008979,-78.904037,60,NA
"2148","Durham Armory",2018-01-17,1,2018,"Durham",36.0329550008979,-78.904037,54.5,NA
"2149","Durham Armory",2018-01-18,1,2018,"Durham",36.0329550008979,-78.904037,45,NA
"2150","Durham Armory",2018-01-19,1,2018,"Durham",36.0329550008979,-78.904037,57,NA
"2151","Durham Armory",2018-01-20,1,2018,"Durham",36.0329550008979,-78.904037,45,NA
"2152","Durham Armory",2018-01-21,1,2018,"Durham",36.0329550008979,-78.904037,44,NA
"2153","Durham Armory",2018-01-22,1,2018,"Durham",36.0329550008979,-78.904037,59,NA
"2154","Durham Armory",2018-01-23,1,2018,"Durham",36.0329550008979,-78.904037,18.5,NA
"2155","Durham Armory",2018-01-24,1,2018,"Durham",36.0329550008979,-78.904037,26,NA
"2156","Durham Armory",2018-01-25,1,2018,"Durham",36.0329550008979,-78.904037,43,NA
"2157","Durham Armory",2018-01-26,1,2018,"Durham",36.0329550008979,-78.904037,46,NA
"2158","Durham Armory",2018-01-27,1,2018,"Durham",36.0329550008979,-78.904037,42,NA
"2159","Durham Armory",2018-01-28,1,2018,"Durham",36.0329550008979,-78.904037,25,NA
"2160","Durham Armory",2018-01-29,1,2018,"Durham",36.0329550008979,-78.904037,12,NA
"2161","Durham Armory",2018-01-30,1,2018,"Durham",36.0329550008979,-78.904037,29,NA
"2162","Durham Armory",2018-01-31,1,2018,"Durham",36.0329550008979,-78.904037,33,NA
"2163","Durham Armory",2018-02-01,2,2018,"Durham",36.0329550008979,-78.904037,33.5,NA
"2164","Durham Armory",2018-02-02,2,2018,"Durham",36.0329550008979,-78.904037,20,NA
"2165","Durham Armory",2018-02-03,2,2018,"Durham",36.0329550008979,-78.904037,28,NA
"2166","Durham Armory",2018-02-04,2,2018,"Durham",36.0329550008979,-78.904037,25.5,NA
"2167","Durham Armory",2018-02-05,2,2018,"Durham",36.0329550008979,-78.904037,35,NA
"2168","Durham Armory",2018-02-06,2,2018,"Durham",36.0329550008979,-78.904037,43,NA
"2169","Durham Armory",2018-02-07,2,2018,"Durham",36.0329550008979,-78.904037,25,NA
"2170","Durham Armory",2018-02-08,2,2018,"Durham",36.0329550008979,-78.904037,38,NA
"2171","Durham Armory",2018-02-09,2,2018,"Durham",36.0329550008979,-78.904037,52,NA
"2172","Durham Armory",2018-02-10,2,2018,"Durham",36.0329550008979,-78.904037,37.5,NA
"2173","Durham Armory",2018-02-11,2,2018,"Durham",36.0329550008979,-78.904037,15,NA
"2174","Durham Armory",2018-02-12,2,2018,"Durham",36.0329550008979,-78.904037,13,NA
"2175","Durham Armory",2018-02-13,2,2018,"Durham",36.0329550008979,-78.904037,29,NA
"2176","Durham Armory",2018-02-14,2,2018,"Durham",36.0329550008979,-78.904037,49,NA
"2177","Durham Armory",2018-02-15,2,2018,"Durham",36.0329550008979,-78.904037,27,NA
"2178","Durham Armory",2018-02-16,2,2018,"Durham",36.0329550008979,-78.904037,25,NA
"2179","Durham Armory",2018-02-17,2,2018,"Durham",36.0329550008979,-78.904037,27,NA
"2180","Durham Armory",2018-02-18,2,2018,"Durham",36.0329550008979,-78.904037,16,NA
"2181","Durham Armory",2018-02-19,2,2018,"Durham",36.0329550008979,-78.904037,28,NA
"2182","Durham Armory",2018-02-20,2,2018,"Durham",36.0329550008979,-78.904037,47,NA
"2183","Durham Armory",2018-02-21,2,2018,"Durham",36.0329550008979,-78.904037,25,NA
"2184","Durham Armory",2018-02-22,2,2018,"Durham",36.0329550008979,-78.904037,30,NA
"2185","Durham Armory",2018-02-23,2,2018,"Durham",36.0329550008979,-78.904037,45,NA
"2186","Durham Armory",2018-02-24,2,2018,"Durham",36.0329550008979,-78.904037,38,NA
"2187","Durham Armory",2018-02-25,2,2018,"Durham",36.0329550008979,-78.904037,27,NA
"2188","Durham Armory",2018-02-26,2,2018,"Durham",36.0329550008979,-78.904037,19,NA
"2189","Durham Armory",2018-02-27,2,2018,"Durham",36.0329550008979,-78.904037,25,NA
"2190","Durham Armory",2018-02-28,2,2018,"Durham",36.0329550008979,-78.904037,39.5,NA
"2191","Durham Armory",2018-03-01,3,2018,"Durham",36.0329550008979,-78.904037,38,37
"2192","Durham Armory",2018-03-02,3,2018,"Durham",36.0329550008979,-78.904037,20,42
"2193","Durham Armory",2018-03-03,3,2018,"Durham",36.0329550008979,-78.904037,14,43
"2194","Durham Armory",2018-03-04,3,2018,"Durham",36.0329550008979,-78.904037,24,44
"2195","Durham Armory",2018-03-05,3,2018,"Durham",36.0329550008979,-78.904037,29,42
"2196","Durham Armory",2018-03-06,3,2018,"Durham",36.0329550008979,-78.904037,32.5,24
"2197","Durham Armory",2018-03-07,3,2018,"Durham",36.0329550008979,-78.904037,29,33
"2198","Durham Armory",2018-03-08,3,2018,"Durham",36.0329550008979,-78.904037,27,38
"2199","Durham Armory",2018-03-09,3,2018,"Durham",36.0329550008979,-78.904037,26,41
"2200","Durham Armory",2018-03-10,3,2018,"Durham",36.0329550008979,-78.904037,57,18
"2201","Durham Armory",2018-03-11,3,2018,"Durham",36.0329550008979,-78.904037,60,30
"2202","Durham Armory",2018-03-12,3,2018,"Durham",36.0329550008979,-78.904037,36,36
"2203","Durham Armory",2018-03-13,3,2018,"Durham",36.0329550008979,-78.904037,34,43
"2204","Durham Armory",2018-03-14,3,2018,"Durham",36.0329550008979,-78.904037,31,42
"2205","Durham Armory",2018-03-15,3,2018,"Durham",36.0329550008979,-78.904037,35.5,51
"2206","Durham Armory",2018-03-16,3,2018,"Durham",36.0329550008979,-78.904037,47,49
"2207","Durham Armory",2018-03-17,3,2018,"Durham",36.0329550008979,-78.904037,50,45
"2208","Durham Armory",2018-03-18,3,2018,"Durham",36.0329550008979,-78.904037,29,44
"2209","Durham Armory",2018-03-19,3,2018,"Durham",36.0329550008979,-78.904037,33,43
"2210","Durham Armory",2018-03-20,3,2018,"Durham",36.0329550008979,-78.904037,17,32
"2211","Durham Armory",2018-03-21,3,2018,"Durham",36.0329550008979,-78.904037,17,31
"2212","Durham Armory",2018-03-22,3,2018,"Durham",36.0329550008979,-78.904037,25,42
"2213","Durham Armory",2018-03-23,3,2018,"Durham",36.0329550008979,-78.904037,34,47
"2214","Durham Armory",2018-03-24,3,2018,"Durham",36.0329550008979,-78.904037,33,41
"2215","Durham Armory",2018-03-25,3,2018,"Durham",36.0329550008979,-78.904037,30,44
"2216","Durham Armory",2018-03-26,3,2018,"Durham",36.0329550008979,-78.904037,23,43
"2217","Durham Armory",2018-03-27,3,2018,"Durham",36.0329550008979,-78.904037,27,34
"2218","Durham Armory",2018-03-28,3,2018,"Durham",36.0329550008979,-78.904037,37,43
"2219","Durham Armory",2018-03-29,3,2018,"Durham",36.0329550008979,-78.904037,NA,49
"2220","Durham Armory",2018-03-30,3,2018,"Durham",36.0329550008979,-78.904037,19,40
"2221","Durham Armory",2018-03-31,3,2018,"Durham",36.0329550008979,-78.904037,NA,46
"2222","Durham Armory",2018-04-01,4,2018,"Durham",36.0329550008979,-78.904037,NA,47
"2223","Durham Armory",2018-04-02,4,2018,"Durham",36.0329550008979,-78.904037,32,48
"2224","Durham Armory",2018-04-03,4,2018,"Durham",36.0329550008979,-78.904037,56,38
"2225","Durham Armory",2018-04-04,4,2018,"Durham",36.0329550008979,-78.904037,28,42
"2226","Durham Armory",2018-04-05,4,2018,"Durham",36.0329550008979,-78.904037,23.5,45
"2227","Durham Armory",2018-04-06,4,2018,"Durham",36.0329550008979,-78.904037,51,51
"2228","Durham Armory",2018-04-07,4,2018,"Durham",36.0329550008979,-78.904037,39,44
"2229","Durham Armory",2018-04-08,4,2018,"Durham",36.0329550008979,-78.904037,26.5,42
"2230","Durham Armory",2018-04-09,4,2018,"Durham",36.0329550008979,-78.904037,44,45
"2231","Durham Armory",2018-04-10,4,2018,"Durham",36.0329550008979,-78.904037,44,44
"2232","Durham Armory",2018-04-11,4,2018,"Durham",36.0329550008979,-78.904037,44.5,48
"2233","Durham Armory",2018-04-12,4,2018,"Durham",36.0329550008979,-78.904037,53,54
"2234","Durham Armory",2018-04-13,4,2018,"Durham",36.0329550008979,-78.904037,48,51
"2235","Durham Armory",2018-04-14,4,2018,"Durham",36.0329550008979,-78.904037,40.5,48
"2236","Durham Armory",2018-04-15,4,2018,"Durham",36.0329550008979,-78.904037,25,36
"2237","Durham Armory",2018-04-16,4,2018,"Durham",36.0329550008979,-78.904037,17,32
"2238","Durham Armory",2018-04-17,4,2018,"Durham",36.0329550008979,-78.904037,19,48
"2239","Durham Armory",2018-04-18,4,2018,"Durham",36.0329550008979,-78.904037,40,58
"2240","Durham Armory",2018-04-19,4,2018,"Durham",36.0329550008979,-78.904037,33,46
"2241","Durham Armory",2018-04-20,4,2018,"Durham",36.0329550008979,-78.904037,22,54
"2242","Durham Armory",2018-04-21,4,2018,"Durham",36.0329550008979,-78.904037,38,77
"2243","Durham Armory",2018-04-22,4,2018,"Durham",36.0329550008979,-78.904037,38,64
"2244","Durham Armory",2018-04-23,4,2018,"Durham",36.0329550008979,-78.904037,21.5,47
"2245","Durham Armory",2018-04-24,4,2018,"Durham",36.0329550008979,-78.904037,10,39
"2246","Durham Armory",2018-04-25,4,2018,"Durham",36.0329550008979,-78.904037,17,29
"2247","Durham Armory",2018-04-26,4,2018,"Durham",36.0329550008979,-78.904037,19,44
"2248","Durham Armory",2018-04-27,4,2018,"Durham",36.0329550008979,-78.904037,20,45
"2249","Durham Armory",2018-04-28,4,2018,"Durham",36.0329550008979,-78.904037,36,71
"2250","Durham Armory",2018-04-29,4,2018,"Durham",36.0329550008979,-78.904037,21,44
"2251","Durham Armory",2018-04-30,4,2018,"Durham",36.0329550008979,-78.904037,30,51
"2252","Durham Armory",2018-05-01,5,2018,"Durham",36.0329550008979,-78.904037,40,64
"2253","Durham Armory",2018-05-02,5,2018,"Durham",36.0329550008979,-78.904037,42,71
"2254","Durham Armory",2018-05-03,5,2018,"Durham",36.0329550008979,-78.904037,42,51
"2255","Durham Armory",2018-05-04,5,2018,"Durham",36.0329550008979,-78.904037,39,47
"2256","Durham Armory",2018-05-05,5,2018,"Durham",36.0329550008979,-78.904037,48.5,45
"2257","Durham Armory",2018-05-06,5,2018,"Durham",36.0329550008979,-78.904037,29,36
"2258","Durham Armory",2018-05-07,5,2018,"Durham",36.0329550008979,-78.904037,27,43
"2259","Durham Armory",2018-05-08,5,2018,"Durham",36.0329550008979,-78.904037,33,47
"2260","Durham Armory",2018-05-09,5,2018,"Durham",36.0329550008979,-78.904037,28,58
"2261","Durham Armory",2018-05-10,5,2018,"Durham",36.0329550008979,-78.904037,44,51
"2262","Durham Armory",2018-05-11,5,2018,"Durham",36.0329550008979,-78.904037,46,71
"2263","Durham Armory",2018-05-12,5,2018,"Durham",36.0329550008979,-78.904037,55,80
"2264","Durham Armory",2018-05-13,5,2018,"Durham",36.0329550008979,-78.904037,61,54
"2265","Durham Armory",2018-05-14,5,2018,"Durham",36.0329550008979,-78.904037,53.5,NA
"2266","Durham Armory",2018-05-15,5,2018,"Durham",36.0329550008979,-78.904037,26,25
"2267","Durham Armory",2018-05-16,5,2018,"Durham",36.0329550008979,-78.904037,21,33
"2268","Durham Armory",2018-05-17,5,2018,"Durham",36.0329550008979,-78.904037,18,30
"2269","Durham Armory",2018-05-18,5,2018,"Durham",36.0329550008979,-78.904037,15,31
"2270","Durham Armory",2018-05-19,5,2018,"Durham",36.0329550008979,-78.904037,5,21
"2271","Durham Armory",2018-05-20,5,2018,"Durham",36.0329550008979,-78.904037,26.5,31
"2272","Durham Armory",2018-05-21,5,2018,"Durham",36.0329550008979,-78.904037,35,38
"2273","Durham Armory",2018-05-22,5,2018,"Durham",36.0329550008979,-78.904037,34,29
"2274","Durham Armory",2018-05-23,5,2018,"Durham",36.0329550008979,-78.904037,28,42
"2275","Durham Armory",2018-05-24,5,2018,"Durham",36.0329550008979,-78.904037,35,45
"2276","Durham Armory",2018-05-25,5,2018,"Durham",36.0329550008979,-78.904037,39,47
"2277","Durham Armory",2018-05-26,5,2018,"Durham",36.0329550008979,-78.904037,26.5,23
"2278","Durham Armory",2018-05-27,5,2018,"Durham",36.0329550008979,-78.904037,27,24
"2279","Durham Armory",2018-05-28,5,2018,"Durham",36.0329550008979,-78.904037,9,18
"2280","Durham Armory",2018-05-29,5,2018,"Durham",36.0329550008979,-78.904037,9.5,23
"2281","Durham Armory",2018-05-30,5,2018,"Durham",36.0329550008979,-78.904037,11,28
"2282","Durham Armory",2018-05-31,5,2018,"Durham",36.0329550008979,-78.904037,19,28
"2283","Durham Armory",2018-06-01,6,2018,"Durham",36.0329550008979,-78.904037,28,47
"2284","Durham Armory",2018-06-02,6,2018,"Durham",36.0329550008979,-78.904037,23,37
"2285","Durham Armory",2018-06-03,6,2018,"Durham",36.0329550008979,-78.904037,24,38
"2286","Durham Armory",2018-06-04,6,2018,"Durham",36.0329550008979,-78.904037,21,71
"2287","Durham Armory",2018-06-05,6,2018,"Durham",36.0329550008979,-78.904037,35,54
"2288","Durham Armory",2018-06-06,6,2018,"Durham",36.0329550008979,-78.904037,49,61
"2289","Durham Armory",2018-06-07,6,2018,"Durham",36.0329550008979,-78.904037,44,49
"2290","Durham Armory",2018-06-08,6,2018,"Durham",36.0329550008979,-78.904037,54,100
"2291","Durham Armory",2018-06-09,6,2018,"Durham",36.0329550008979,-78.904037,51,74
"2292","Durham Armory",2018-06-10,6,2018,"Durham",36.0329550008979,-78.904037,37.5,45
"2293","Durham Armory",2018-06-11,6,2018,"Durham",36.0329550008979,-78.904037,34,34
"2294","Durham Armory",2018-06-12,6,2018,"Durham",36.0329550008979,-78.904037,25,29
"2295","Durham Armory",2018-06-13,6,2018,"Durham",36.0329550008979,-78.904037,30.5,37
"2296","Durham Armory",2018-06-14,6,2018,"Durham",36.0329550008979,-78.904037,35,44
"2297","Durham Armory",2018-06-15,6,2018,"Durham",36.0329550008979,-78.904037,40,54
"2298","Durham Armory",2018-06-16,6,2018,"Durham",36.0329550008979,-78.904037,50,61
"2299","Durham Armory",2018-06-17,6,2018,"Durham",36.0329550008979,-78.904037,45,NA
"2300","Durham Armory",2018-06-18,6,2018,"Durham",36.0329550008979,-78.904037,58,NA
"2301","Durham Armory",2018-06-19,6,2018,"Durham",36.0329550008979,-78.904037,58,54
"2302","Durham Armory",2018-06-20,6,2018,"Durham",36.0329550008979,-78.904037,37,38
"2303","Durham Armory",2018-06-21,6,2018,"Durham",36.0329550008979,-78.904037,48,38
"2304","Durham Armory",2018-06-22,6,2018,"Durham",36.0329550008979,-78.904037,28,40
"2305","Durham Armory",2018-06-23,6,2018,"Durham",36.0329550008979,-78.904037,30,44
"2306","Durham Armory",2018-06-24,6,2018,"Durham",36.0329550008979,-78.904037,27,43
"2307","Durham Armory",2018-06-25,6,2018,"Durham",36.0329550008979,-78.904037,42.5,43
"2308","Durham Armory",2018-06-26,6,2018,"Durham",36.0329550008979,-78.904037,33,29
"2309","Durham Armory",2018-06-27,6,2018,"Durham",36.0329550008979,-78.904037,30,37
"2310","Durham Armory",2018-06-28,6,2018,"Durham",36.0329550008979,-78.904037,27.5,42
"2311","Durham Armory",2018-06-29,6,2018,"Durham",36.0329550008979,-78.904037,42,44
"2312","Durham Armory",2018-06-30,6,2018,"Durham",36.0329550008979,-78.904037,47,46
"2313","Durham Armory",2018-07-01,7,2018,"Durham",36.0329550008979,-78.904037,34.5,44
"2314","Durham Armory",2018-07-02,7,2018,"Durham",36.0329550008979,-78.904037,33,47
"2315","Durham Armory",2018-07-03,7,2018,"Durham",36.0329550008979,-78.904037,51,41
"2316","Durham Armory",2018-07-04,7,2018,"Durham",36.0329550008979,-78.904037,50,23
"2317","Durham Armory",2018-07-05,7,2018,"Durham",36.0329550008979,-78.904037,15,39
"2318","Durham Armory",2018-07-06,7,2018,"Durham",36.0329550008979,-78.904037,17,33
"2319","Durham Armory",2018-07-07,7,2018,"Durham",36.0329550008979,-78.904037,24.5,31
"2320","Durham Armory",2018-07-08,7,2018,"Durham",36.0329550008979,-78.904037,24,34
"2321","Durham Armory",2018-07-09,7,2018,"Durham",36.0329550008979,-78.904037,28,41
"2322","Durham Armory",2018-07-10,7,2018,"Durham",36.0329550008979,-78.904037,47.5,74
"2323","Durham Armory",2018-07-11,7,2018,"Durham",36.0329550008979,-78.904037,61,58
"2324","Durham Armory",2018-07-12,7,2018,"Durham",36.0329550008979,-78.904037,56,48
"2325","Durham Armory",2018-07-13,7,2018,"Durham",36.0329550008979,-78.904037,51,48
"2326","Durham Armory",2018-07-14,7,2018,"Durham",36.0329550008979,-78.904037,46,47
"2327","Durham Armory",2018-07-15,7,2018,"Durham",36.0329550008979,-78.904037,56,51
"2328","Durham Armory",2018-07-16,7,2018,"Durham",36.0329550008979,-78.904037,54,42
"2329","Durham Armory",2018-07-17,7,2018,"Durham",36.0329550008979,-78.904037,45.5,43
"2330","Durham Armory",2018-07-18,7,2018,"Durham",36.0329550008979,-78.904037,41,41
"2331","Durham Armory",2018-07-19,7,2018,"Durham",36.0329550008979,-78.904037,45,64
"2332","Durham Armory",2018-07-20,7,2018,"Durham",36.0329550008979,-78.904037,42.5,44
"2333","Durham Armory",2018-07-21,7,2018,"Durham",36.0329550008979,-78.904037,35,38
"2334","Durham Armory",2018-07-22,7,2018,"Durham",36.0329550008979,-78.904037,32,42
"2335","Durham Armory",2018-07-23,7,2018,"Durham",36.0329550008979,-78.904037,43,45
"2336","Durham Armory",2018-07-24,7,2018,"Durham",36.0329550008979,-78.904037,29,42
"2337","Durham Armory",2018-07-25,7,2018,"Durham",36.0329550008979,-78.904037,33,39
"2338","Durham Armory",2018-07-26,7,2018,"Durham",36.0329550008979,-78.904037,38,49
"2339","Durham Armory",2018-07-27,7,2018,"Durham",36.0329550008979,-78.904037,52,47
"2340","Durham Armory",2018-07-28,7,2018,"Durham",36.0329550008979,-78.904037,48.5,42
"2341","Durham Armory",2018-07-29,7,2018,"Durham",36.0329550008979,-78.904037,43,37
"2342","Durham Armory",2018-07-30,7,2018,"Durham",36.0329550008979,-78.904037,26,31
"2343","Durham Armory",2018-07-31,7,2018,"Durham",36.0329550008979,-78.904037,35.5,30
"2344","Durham Armory",2018-08-01,8,2018,"Durham",36.0329550008979,-78.904037,34,30
"2345","Durham Armory",2018-08-02,8,2018,"Durham",36.0329550008979,-78.904037,28,24
"2346","Durham Armory",2018-08-03,8,2018,"Durham",36.0329550008979,-78.904037,19,19
"2347","Durham Armory",2018-08-04,8,2018,"Durham",36.0329550008979,-78.904037,32,26
"2348","Durham Armory",2018-08-05,8,2018,"Durham",36.0329550008979,-78.904037,40,41
"2349","Durham Armory",2018-08-06,8,2018,"Durham",36.0329550008979,-78.904037,42,44
"2350","Durham Armory",2018-08-07,8,2018,"Durham",36.0329550008979,-78.904037,35,40
"2351","Durham Armory",2018-08-08,8,2018,"Durham",36.0329550008979,-78.904037,28,42
"2352","Durham Armory",2018-08-09,8,2018,"Durham",36.0329550008979,-78.904037,36.5,39
"2353","Durham Armory",2018-08-10,8,2018,"Durham",36.0329550008979,-78.904037,52,47
"2354","Durham Armory",2018-08-11,8,2018,"Durham",36.0329550008979,-78.904037,48,40
"2355","Durham Armory",2018-08-12,8,2018,"Durham",36.0329550008979,-78.904037,35.5,42
"2356","Durham Armory",2018-08-13,8,2018,"Durham",36.0329550008979,-78.904037,39,39
"2357","Durham Armory",2018-08-14,8,2018,"Durham",36.0329550008979,-78.904037,41,41
"2358","Durham Armory",2018-08-15,8,2018,"Durham",36.0329550008979,-78.904037,49.5,42
"2359","Durham Armory",2018-08-16,8,2018,"Durham",36.0329550008979,-78.904037,NA,50
"2360","Durham Armory",2018-08-17,8,2018,"Durham",36.0329550008979,-78.904037,59,35
"2361","Durham Armory",2018-08-18,8,2018,"Durham",36.0329550008979,-78.904037,31,26
"2362","Durham Armory",2018-08-19,8,2018,"Durham",36.0329550008979,-78.904037,36,35
"2363","Durham Armory",2018-08-20,8,2018,"Durham",36.0329550008979,-78.904037,35,40
"2364","Durham Armory",2018-08-21,8,2018,"Durham",36.0329550008979,-78.904037,31.5,27
"2365","Durham Armory",2018-08-22,8,2018,"Durham",36.0329550008979,-78.904037,33,40
"2366","Durham Armory",2018-08-23,8,2018,"Durham",36.0329550008979,-78.904037,54,36
"2367","Durham Armory",2018-08-24,8,2018,"Durham",36.0329550008979,-78.904037,37.5,43
"2368","Durham Armory",2018-08-25,8,2018,"Durham",36.0329550008979,-78.904037,40,41
"2369","Durham Armory",2018-08-26,8,2018,"Durham",36.0329550008979,-78.904037,52,40
"2370","Durham Armory",2018-08-27,8,2018,"Durham",36.0329550008979,-78.904037,54.5,43
"2371","Durham Armory",2018-08-28,8,2018,"Durham",36.0329550008979,-78.904037,63,48
"2372","Durham Armory",2018-08-29,8,2018,"Durham",36.0329550008979,-78.904037,49,40
"2373","Durham Armory",2018-08-30,8,2018,"Durham",36.0329550008979,-78.904037,46,45
"2374","Durham Armory",2018-08-31,8,2018,"Durham",36.0329550008979,-78.904037,40,100
"2375","Durham Armory",2018-09-01,9,2018,"Durham",36.0329550008979,-78.904037,49,35
"2376","Durham Armory",2018-09-02,9,2018,"Durham",36.0329550008979,-78.904037,31.5,25
"2377","Durham Armory",2018-09-03,9,2018,"Durham",36.0329550008979,-78.904037,34,33
"2378","Durham Armory",2018-09-04,9,2018,"Durham",36.0329550008979,-78.904037,47,33
"2379","Durham Armory",2018-09-05,9,2018,"Durham",36.0329550008979,-78.904037,37.5,37
"2380","Durham Armory",2018-09-06,9,2018,"Durham",36.0329550008979,-78.904037,35,40
"2381","Durham Armory",2018-09-07,9,2018,"Durham",36.0329550008979,-78.904037,NA,41
"2382","Durham Armory",2018-09-08,9,2018,"Durham",36.0329550008979,-78.904037,44.5,39
"2383","Durham Armory",2018-09-09,9,2018,"Durham",36.0329550008979,-78.904037,29,9
"2384","Durham Armory",2018-09-10,9,2018,"Durham",36.0329550008979,-78.904037,30,29
"2385","Durham Armory",2018-09-18,9,2018,"Durham",36.0329550008979,-78.904037,NA,25
"2386","Durham Armory",2018-09-19,9,2018,"Durham",36.0329550008979,-78.904037,NA,42
"2387","Durham Armory",2018-09-20,9,2018,"Durham",36.0329550008979,-78.904037,NA,51
"2388","Durham Armory",2018-09-21,9,2018,"Durham",36.0329550008979,-78.904037,27,39
"2389","Durham Armory",2018-09-22,9,2018,"Durham",36.0329550008979,-78.904037,40.5,40
"2390","Durham Armory",2018-09-23,9,2018,"Durham",36.0329550008979,-78.904037,21.5,16
"2391","Durham Armory",2018-09-24,9,2018,"Durham",36.0329550008979,-78.904037,11,20
"2392","Durham Armory",2018-09-25,9,2018,"Durham",36.0329550008979,-78.904037,0,31
"2393","Durham Armory",2018-09-26,9,2018,"Durham",36.0329550008979,-78.904037,18,35
"2394","Durham Armory",2018-09-27,9,2018,"Durham",36.0329550008979,-78.904037,4,20
"2395","Durham Armory",2018-09-28,9,2018,"Durham",36.0329550008979,-78.904037,0,22
"2396","Durham Armory",2018-09-29,9,2018,"Durham",36.0329550008979,-78.904037,15,33
"2397","Durham Armory",2018-09-30,9,2018,"Durham",36.0329550008979,-78.904037,6,37
"2398","Durham Armory",2018-10-01,10,2018,"Durham",36.0329550008979,-78.904037,18,43
"2399","Durham Armory",2018-10-02,10,2018,"Durham",36.0329550008979,-78.904037,25,40
"2400","Durham Armory",2018-10-03,10,2018,"Durham",36.0329550008979,-78.904037,17,32
"2401","Durham Armory",2018-10-04,10,2018,"Durham",36.0329550008979,-78.904037,20,40
"2402","Durham Armory",2018-10-05,10,2018,"Durham",36.0329550008979,-78.904037,28.5,36
"2403","Durham Armory",2018-10-06,10,2018,"Durham",36.0329550008979,-78.904037,21,26
"2404","Durham Armory",2018-10-07,10,2018,"Durham",36.0329550008979,-78.904037,17,33
"2405","Durham Armory",2018-10-08,10,2018,"Durham",36.0329550008979,-78.904037,15,28
"2406","Durham Armory",2018-10-09,10,2018,"Durham",36.0329550008979,-78.904037,NA,25
"2407","Durham Armory",2018-10-10,10,2018,"Durham",36.0329550008979,-78.904037,NA,20
"2408","Durham Armory",2018-10-11,10,2018,"Durham",36.0329550008979,-78.904037,13,27
"2409","Durham Armory",2018-10-12,10,2018,"Durham",36.0329550008979,-78.904037,29,32
"2410","Durham Armory",2018-10-13,10,2018,"Durham",36.0329550008979,-78.904037,33,31
"2411","Durham Armory",2018-10-14,10,2018,"Durham",36.0329550008979,-78.904037,27.5,19
"2412","Durham Armory",2018-10-15,10,2018,"Durham",36.0329550008979,-78.904037,38,31
"2413","Durham Armory",2018-10-16,10,2018,"Durham",36.0329550008979,-78.904037,32,19
"2414","Durham Armory",2018-10-17,10,2018,"Durham",36.0329550008979,-78.904037,20.5,28
"2415","Durham Armory",2018-10-18,10,2018,"Durham",36.0329550008979,-78.904037,30,31
"2416","Durham Armory",2018-10-19,10,2018,"Durham",36.0329550008979,-78.904037,42,37
"2417","Durham Armory",2018-10-20,10,2018,"Durham",36.0329550008979,-78.904037,39.5,28
"2418","Durham Armory",2018-10-21,10,2018,"Durham",36.0329550008979,-78.904037,27,30
"2419","Durham Armory",2018-10-22,10,2018,"Durham",36.0329550008979,-78.904037,30,27
"2420","Durham Armory",2018-10-23,10,2018,"Durham",36.0329550008979,-78.904037,33.5,29
"2421","Durham Armory",2018-10-24,10,2018,"Durham",36.0329550008979,-78.904037,36,32
"2422","Durham Armory",2018-10-25,10,2018,"Durham",36.0329550008979,-78.904037,35,21
"2423","Durham Armory",2018-10-26,10,2018,"Durham",36.0329550008979,-78.904037,29,26
"2424","Durham Armory",2018-10-27,10,2018,"Durham",36.0329550008979,-78.904037,24,19
"2425","Durham Armory",2018-10-28,10,2018,"Durham",36.0329550008979,-78.904037,30,34
"2426","Durham Armory",2018-10-29,10,2018,"Durham",36.0329550008979,-78.904037,23.5,33
"2427","Durham Armory",2018-10-30,10,2018,"Durham",36.0329550008979,-78.904037,34,36
"2428","Durham Armory",2018-10-31,10,2018,"Durham",36.0329550008979,-78.904037,58,39
"2429","Durham Armory",2018-11-01,11,2018,"Durham",36.0329550008979,-78.904037,31.5,NA
"2430","Durham Armory",2018-11-02,11,2018,"Durham",36.0329550008979,-78.904037,26,NA
"2431","Durham Armory",2018-11-03,11,2018,"Durham",36.0329550008979,-78.904037,35,NA
"2432","Durham Armory",2018-11-04,11,2018,"Durham",36.0329550008979,-78.904037,32.5,NA
"2433","Durham Armory",2018-11-05,11,2018,"Durham",36.0329550008979,-78.904037,32,NA
"2434","Durham Armory",2018-11-06,11,2018,"Durham",36.0329550008979,-78.904037,31,NA
"2435","Durham Armory",2018-11-07,11,2018,"Durham",36.0329550008979,-78.904037,31,NA
"2436","Durham Armory",2018-11-08,11,2018,"Durham",36.0329550008979,-78.904037,46,NA
"2437","Durham Armory",2018-11-09,11,2018,"Durham",36.0329550008979,-78.904037,32,NA
"2438","Durham Armory",2018-11-10,11,2018,"Durham",36.0329550008979,-78.904037,24.5,NA
"2439","Durham Armory",2018-11-11,11,2018,"Durham",36.0329550008979,-78.904037,43,NA
"2440","Durham Armory",2018-11-12,11,2018,"Durham",36.0329550008979,-78.904037,51,NA
"2441","Durham Armory",2018-11-13,11,2018,"Durham",36.0329550008979,-78.904037,21,NA
"2442","Durham Armory",2018-11-14,11,2018,"Durham",36.0329550008979,-78.904037,44,NA
"2443","Durham Armory",2018-11-15,11,2018,"Durham",36.0329550008979,-78.904037,29,NA
"2444","Durham Armory",2018-11-16,11,2018,"Durham",36.0329550008979,-78.904037,24,NA
"2445","Durham Armory",2018-11-17,11,2018,"Durham",36.0329550008979,-78.904037,55,NA
"2446","Durham Armory",2018-11-18,11,2018,"Durham",36.0329550008979,-78.904037,68,NA
"2447","Durham Armory",2018-11-19,11,2018,"Durham",36.0329550008979,-78.904037,59.5,NA
"2448","Durham Armory",2018-11-20,11,2018,"Durham",36.0329550008979,-78.904037,53,NA
"2449","Durham Armory",2018-11-21,11,2018,"Durham",36.0329550008979,-78.904037,43,NA
"2450","Durham Armory",2018-11-22,11,2018,"Durham",36.0329550008979,-78.904037,44.5,NA
"2451","Durham Armory",2018-11-23,11,2018,"Durham",36.0329550008979,-78.904037,36,NA
"2452","Durham Armory",2018-11-24,11,2018,"Durham",36.0329550008979,-78.904037,30,NA
"2453","Durham Armory",2018-11-25,11,2018,"Durham",36.0329550008979,-78.904037,42,NA
"2454","Durham Armory",2018-11-26,11,2018,"Durham",36.0329550008979,-78.904037,48,NA
"2455","Durham Armory",2018-11-27,11,2018,"Durham",36.0329550008979,-78.904037,18,NA
"2456","Durham Armory",2018-11-28,11,2018,"Durham",36.0329550008979,-78.904037,30,NA
"2457","Durham Armory",2018-11-29,11,2018,"Durham",36.0329550008979,-78.904037,43,NA
"2458","Durham Armory",2018-11-30,11,2018,"Durham",36.0329550008979,-78.904037,53,NA
"2459","Durham Armory",2018-12-01,12,2018,"Durham",36.0329550008979,-78.904037,57,NA
"2460","Durham Armory",2018-12-02,12,2018,"Durham",36.0329550008979,-78.904037,35,NA
"2461","Durham Armory",2018-12-03,12,2018,"Durham",36.0329550008979,-78.904037,53,NA
"2462","Durham Armory",2018-12-04,12,2018,"Durham",36.0329550008979,-78.904037,17.5,NA
"2463","Durham Armory",2018-12-05,12,2018,"Durham",36.0329550008979,-78.904037,29,NA
"2464","Durham Armory",2018-12-06,12,2018,"Durham",36.0329550008979,-78.904037,38,NA
"2465","Durham Armory",2018-12-07,12,2018,"Durham",36.0329550008979,-78.904037,48,NA
"2466","Durham Armory",2018-12-08,12,2018,"Durham",36.0329550008979,-78.904037,56,NA
"2467","Durham Armory",2018-12-09,12,2018,"Durham",36.0329550008979,-78.904037,44,NA
"2468","Durham Armory",2018-12-10,12,2018,"Durham",36.0329550008979,-78.904037,39.5,NA
"2469","Durham Armory",2018-12-11,12,2018,"Durham",36.0329550008979,-78.904037,59,NA
"2470","Durham Armory",2018-12-12,12,2018,"Durham",36.0329550008979,-78.904037,58,NA
"2471","Durham Armory",2018-12-13,12,2018,"Durham",36.0329550008979,-78.904037,66.5,NA
"2472","Durham Armory",2018-12-14,12,2018,"Durham",36.0329550008979,-78.904037,56,NA
"2473","Durham Armory",2018-12-15,12,2018,"Durham",36.0329550008979,-78.904037,31,NA
"2474","Durham Armory",2018-12-16,12,2018,"Durham",36.0329550008979,-78.904037,23,NA
"2475","Durham Armory",2018-12-17,12,2018,"Durham",36.0329550008979,-78.904037,29,NA
"2476","Durham Armory",2018-12-18,12,2018,"Durham",36.0329550008979,-78.904037,48,NA
"2477","Durham Armory",2018-12-19,12,2018,"Durham",36.0329550008979,-78.904037,52.5,NA
"2478","Durham Armory",2018-12-20,12,2018,"Durham",36.0329550008979,-78.904037,43,NA
"2479","Durham Armory",2018-12-21,12,2018,"Durham",36.0329550008979,-78.904037,28,NA
"2480","Durham Armory",2018-12-22,12,2018,"Durham",36.0329550008979,-78.904037,14.5,NA
"2481","Durham Armory",2018-12-23,12,2018,"Durham",36.0329550008979,-78.904037,36,NA
"2482","Durham Armory",2018-12-24,12,2018,"Durham",36.0329550008979,-78.904037,40,NA
"2483","Durham Armory",2018-12-25,12,2018,"Durham",36.0329550008979,-78.904037,46,NA
"2484","Durham Armory",2018-12-26,12,2018,"Durham",36.0329550008979,-78.904037,58,NA
"2485","Durham Armory",2018-12-27,12,2018,"Durham",36.0329550008979,-78.904037,55,NA
"2486","Durham Armory",2018-12-28,12,2018,"Durham",36.0329550008979,-78.904037,23,NA
"2487","Durham Armory",2018-12-29,12,2018,"Durham",36.0329550008979,-78.904037,34,NA
"2488","Durham Armory",2018-12-30,12,2018,"Durham",36.0329550008979,-78.904037,50,NA
"2489","Durham Armory",2018-12-31,12,2018,"Durham",36.0329550008979,-78.904037,44.5,NA
"2490","Durham Armory",2019-01-01,1,2019,"Durham",36.0329550008979,-78.904037,35,NA
"2491","Durham Armory",2019-01-02,1,2019,"Durham",36.0329550008979,-78.904037,38,NA
"2492","Durham Armory",2019-01-03,1,2019,"Durham",36.0329550008979,-78.904037,33,NA
"2493","Durham Armory",2019-01-04,1,2019,"Durham",36.0329550008979,-78.904037,37,NA
"2494","Durham Armory",2019-01-05,1,2019,"Durham",36.0329550008979,-78.904037,25,NA
"2495","Durham Armory",2019-01-06,1,2019,"Durham",36.0329550008979,-78.904037,28,NA
"2496","Durham Armory",2019-01-07,1,2019,"Durham",36.0329550008979,-78.904037,43,NA
"2497","Durham Armory",2019-01-08,1,2019,"Durham",36.0329550008979,-78.904037,43,NA
"2498","Durham Armory",2019-01-09,1,2019,"Durham",36.0329550008979,-78.904037,18,NA
"2499","Durham Armory",2019-01-10,1,2019,"Durham",36.0329550008979,-78.904037,29,NA
"2500","Durham Armory",2019-01-11,1,2019,"Durham",36.0329550008979,-78.904037,45,NA
"2501","Durham Armory",2019-01-12,1,2019,"Durham",36.0329550008979,-78.904037,44.5,NA
"2502","Durham Armory",2019-01-13,1,2019,"Durham",36.0329550008979,-78.904037,28,NA
"2503","Durham Armory",2019-01-14,1,2019,"Durham",36.0329550008979,-78.904037,44,NA
"2504","Durham Armory",2019-01-15,1,2019,"Durham",36.0329550008979,-78.904037,50,NA
"2505","Durham Armory",2019-01-16,1,2019,"Durham",36.0329550008979,-78.904037,54,NA
"2506","Durham Armory",2019-01-17,1,2019,"Durham",36.0329550008979,-78.904037,47,NA
"2507","Durham Armory",2019-01-18,1,2019,"Durham",36.0329550008979,-78.904037,43.5,NA
"2508","Durham Armory",2019-01-19,1,2019,"Durham",36.0329550008979,-78.904037,52,NA
"2509","Durham Armory",2019-01-20,1,2019,"Durham",36.0329550008979,-78.904037,32,NA
"2510","Durham Armory",2019-01-21,1,2019,"Durham",36.0329550008979,-78.904037,21.5,NA
"2511","Durham Armory",2019-01-22,1,2019,"Durham",36.0329550008979,-78.904037,40,NA
"2512","Durham Armory",2019-01-23,1,2019,"Durham",36.0329550008979,-78.904037,41,NA
"2513","Durham Armory",2019-01-24,1,2019,"Durham",36.0329550008979,-78.904037,16.5,NA
"2514","Durham Armory",2019-01-25,1,2019,"Durham",36.0329550008979,-78.904037,40,NA
"2515","Durham Armory",2019-01-26,1,2019,"Durham",36.0329550008979,-78.904037,55,NA
"2516","Durham Armory",2019-01-27,1,2019,"Durham",36.0329550008979,-78.904037,51.5,NA
"2517","Durham Armory",2019-01-28,1,2019,"Durham",36.0329550008979,-78.904037,39,NA
"2518","Durham Armory",2019-01-29,1,2019,"Durham",36.0329550008979,-78.904037,50,NA
"2519","Durham Armory",2019-01-30,1,2019,"Durham",36.0329550008979,-78.904037,27.5,35
"2520","Durham Armory",2019-01-31,1,2019,"Durham",36.0329550008979,-78.904037,42,33
"2521","Durham Armory",2019-02-01,2,2019,"Durham",36.0329550008979,-78.904037,56,34
"2522","Durham Armory",2019-02-02,2,2019,"Durham",36.0329550008979,-78.904037,54,26
"2523","Durham Armory",2019-02-03,2,2019,"Durham",36.0329550008979,-78.904037,69,19
"2524","Durham Armory",2019-02-04,2,2019,"Durham",36.0329550008979,-78.904037,67,39
"2525","Durham Armory",2019-02-05,2,2019,"Durham",36.0329550008979,-78.904037,45.5,31
"2526","Durham Armory",2019-02-06,2,2019,"Durham",36.0329550008979,-78.904037,59,33
"2527","Durham Armory",2019-02-07,2,2019,"Durham",36.0329550008979,-78.904037,55,30
"2528","Durham Armory",2019-02-08,2,2019,"Durham",36.0329550008979,-78.904037,41.5,39
"2529","Durham Armory",2019-02-09,2,2019,"Durham",36.0329550008979,-78.904037,31,35
"2530","Durham Armory",2019-02-10,2,2019,"Durham",36.0329550008979,-78.904037,45,32
"2531","Durham Armory",2019-02-11,2,2019,"Durham",36.0329550008979,-78.904037,39,24
"2532","Durham Armory",2019-02-12,2,2019,"Durham",36.0329550008979,-78.904037,23,22
"2533","Durham Armory",2019-02-13,2,2019,"Durham",36.0329550008979,-78.904037,27,41
"2534","Durham Armory",2019-02-14,2,2019,"Durham",36.0329550008979,-78.904037,22,36
"2535","Durham Armory",2019-02-15,2,2019,"Durham",36.0329550008979,-78.904037,48,37
"2536","Durham Armory",2019-02-16,2,2019,"Durham",36.0329550008979,-78.904037,43,33
"2537","Durham Armory",2019-02-17,2,2019,"Durham",36.0329550008979,-78.904037,36.5,26
"2538","Durham Armory",2019-02-18,2,2019,"Durham",36.0329550008979,-78.904037,32,NA
"2539","Durham Armory",2019-02-19,2,2019,"Durham",36.0329550008979,-78.904037,37,29
"2540","Durham Armory",2019-02-20,2,2019,"Durham",36.0329550008979,-78.904037,20.5,32
"2541","Durham Armory",2019-02-21,2,2019,"Durham",36.0329550008979,-78.904037,28,18
"2542","Durham Armory",2019-02-22,2,2019,"Durham",36.0329550008979,-78.904037,39,33
"2543","Durham Armory",2019-02-23,2,2019,"Durham",36.0329550008979,-78.904037,19,32
"2544","Durham Armory",2019-02-24,2,2019,"Durham",36.0329550008979,-78.904037,27,42
"2545","Durham Armory",2019-02-25,2,2019,"Durham",36.0329550008979,-78.904037,22,42
"2546","Durham Armory",2019-02-26,2,2019,"Durham",36.0329550008979,-78.904037,38.5,39
"2547","Durham Armory",2019-02-27,2,2019,"Durham",36.0329550008979,-78.904037,56,26
"2548","Durham Armory",2019-02-28,2,2019,"Durham",36.0329550008979,-78.904037,58,36
"2549","Durham Armory",2019-03-01,3,2019,"Durham",36.0329550008979,-78.904037,36,25
"2550","Durham Armory",2019-03-02,3,2019,"Durham",36.0329550008979,-78.904037,27,33
"2551","Durham Armory",2019-03-03,3,2019,"Durham",36.0329550008979,-78.904037,42,28
"2552","Durham Armory",2019-03-04,3,2019,"Durham",36.0329550008979,-78.904037,35.5,41
"2553","Durham Armory",2019-03-05,3,2019,"Durham",36.0329550008979,-78.904037,36,37
"2554","Durham Armory",2019-03-06,3,2019,"Durham",36.0329550008979,-78.904037,37,40
"2555","Durham Armory",2019-03-07,3,2019,"Durham",36.0329550008979,-78.904037,41,40
"2556","Durham Armory",2019-03-08,3,2019,"Durham",36.0329550008979,-78.904037,54,34
"2557","Durham Armory",2019-03-09,3,2019,"Durham",36.0329550008979,-78.904037,57,27
"2558","Durham Armory",2019-03-10,3,2019,"Durham",36.0329550008979,-78.904037,46.5,32
"2559","Durham Armory",2019-03-11,3,2019,"Durham",36.0329550008979,-78.904037,28,42
"2560","Durham Armory",2019-03-12,3,2019,"Durham",36.0329550008979,-78.904037,26,45
"2561","Durham Armory",2019-03-13,3,2019,"Durham",36.0329550008979,-78.904037,37,46
"2562","Durham Armory",2019-03-14,3,2019,"Durham",36.0329550008979,-78.904037,55,50
"2563","Durham Armory",2019-03-15,3,2019,"Durham",36.0329550008979,-78.904037,44,34
"2564","Durham Armory",2019-03-16,3,2019,"Durham",36.0329550008979,-78.904037,20,43
"2565","Durham Armory",2019-03-17,3,2019,"Durham",36.0329550008979,-78.904037,35,44
"2566","Durham Armory",2019-03-18,3,2019,"Durham",36.0329550008979,-78.904037,44,45
"2567","Durham Armory",2019-03-19,3,2019,"Durham",36.0329550008979,-78.904037,34,46
"2568","Durham Armory",2019-03-20,3,2019,"Durham",36.0329550008979,-78.904037,46,44
"2569","Durham Armory",2019-03-21,3,2019,"Durham",36.0329550008979,-78.904037,37,44
"2570","Durham Armory",2019-03-22,3,2019,"Durham",36.0329550008979,-78.904037,17,44
"2571","Durham Armory",2019-03-23,3,2019,"Durham",36.0329550008979,-78.904037,NA,47
"2572","Durham Armory",2019-03-24,3,2019,"Durham",36.0329550008979,-78.904037,NA,61
"2573","Durham Armory",2019-03-25,3,2019,"Durham",36.0329550008979,-78.904037,42,44
"2574","Durham Armory",2019-03-26,3,2019,"Durham",36.0329550008979,-78.904037,NA,42
"2575","Durham Armory",2019-03-27,3,2019,"Durham",36.0329550008979,-78.904037,17,45
"2576","Durham Armory",2019-03-28,3,2019,"Durham",36.0329550008979,-78.904037,23.5,50
"2577","Durham Armory",2019-03-29,3,2019,"Durham",36.0329550008979,-78.904037,51,61
"2578","Durham Armory",2019-03-30,3,2019,"Durham",36.0329550008979,-78.904037,55,54
"2579","Durham Armory",2019-03-31,3,2019,"Durham",36.0329550008979,-78.904037,18,42
"2580","Durham Armory",2019-04-01,4,2019,"Durham",36.0329550008979,-78.904037,12,44
"2581","Durham Armory",2019-04-02,4,2019,"Durham",36.0329550008979,-78.904037,29,36
"2582","Durham Armory",2019-04-03,4,2019,"Durham",36.0329550008979,-78.904037,36,54
"2583","Durham Armory",2019-04-04,4,2019,"Durham",36.0329550008979,-78.904037,48,74
"2584","Durham Armory",2019-04-05,4,2019,"Durham",36.0329550008979,-78.904037,34,38
"2585","Durham Armory",2019-04-06,4,2019,"Durham",36.0329550008979,-78.904037,22,38
"2586","Durham Armory",2019-04-07,4,2019,"Durham",36.0329550008979,-78.904037,44,33
"2587","Durham Armory",2019-04-08,4,2019,"Durham",36.0329550008979,-78.904037,28,31
"2588","Durham Armory",2019-04-09,4,2019,"Durham",36.0329550008979,-78.904037,21,36
"2589","Durham Armory",2019-04-10,4,2019,"Durham",36.0329550008979,-78.904037,25,61
"2590","Durham Armory",2019-04-11,4,2019,"Durham",36.0329550008979,-78.904037,26,58
"2591","Durham Armory",2019-04-12,4,2019,"Durham",36.0329550008979,-78.904037,19,31
"2592","Durham Armory",2019-04-13,4,2019,"Durham",36.0329550008979,-78.904037,12,22
"2593","Durham Armory",2019-04-14,4,2019,"Durham",36.0329550008979,-78.904037,15,27
"2594","Durham Armory",2019-04-15,4,2019,"Durham",36.0329550008979,-78.904037,13.5,44
"2595","Durham Armory",2019-04-16,4,2019,"Durham",36.0329550008979,-78.904037,15,49
"2596","Durham Armory",2019-04-17,4,2019,"Durham",36.0329550008979,-78.904037,34,61
"2597","Durham Armory",2019-04-18,4,2019,"Durham",36.0329550008979,-78.904037,37.5,47
"2598","Durham Armory",2019-04-19,4,2019,"Durham",36.0329550008979,-78.904037,8,35
"2599","Durham Armory",2019-04-20,4,2019,"Durham",36.0329550008979,-78.904037,13,34
"2600","Durham Armory",2019-04-21,4,2019,"Durham",36.0329550008979,-78.904037,12,26
"2601","Durham Armory",2019-04-22,4,2019,"Durham",36.0329550008979,-78.904037,15,36
"2602","Durham Armory",2019-04-23,4,2019,"Durham",36.0329550008979,-78.904037,27,44
"2603","Durham Armory",2019-04-24,4,2019,"Durham",36.0329550008979,-78.904037,51.5,61
"2604","Durham Armory",2019-04-25,4,2019,"Durham",36.0329550008979,-78.904037,53,48
"2605","Durham Armory",2019-04-26,4,2019,"Durham",36.0329550008979,-78.904037,34,40
"2606","Durham Armory",2019-04-27,4,2019,"Durham",36.0329550008979,-78.904037,18,51
"2607","Durham Armory",2019-04-28,4,2019,"Durham",36.0329550008979,-78.904037,42,48
"2608","Durham Armory",2019-04-29,4,2019,"Durham",36.0329550008979,-78.904037,38,35
"2609","Durham Armory",2019-04-30,4,2019,"Durham",36.0329550008979,-78.904037,45,48
"2610","Durham Armory",2019-05-01,5,2019,"Durham",36.0329550008979,-78.904037,53,40
"2611","Durham Armory",2019-05-02,5,2019,"Durham",36.0329550008979,-78.904037,28,42
"2612","Durham Armory",2019-05-03,5,2019,"Durham",36.0329550008979,-78.904037,27,31
"2613","Durham Armory",2019-05-04,5,2019,"Durham",36.0329550008979,-78.904037,20,38
"2614","Durham Armory",2019-05-05,5,2019,"Durham",36.0329550008979,-78.904037,10,26
"2615","Durham Armory",2019-05-06,5,2019,"Durham",36.0329550008979,-78.904037,10,35
"2616","Durham Armory",2019-05-07,5,2019,"Durham",36.0329550008979,-78.904037,26,48
"2617","Durham Armory",2019-05-08,5,2019,"Durham",36.0329550008979,-78.904037,28,43
"2618","Durham Armory",2019-05-09,5,2019,"Durham",36.0329550008979,-78.904037,10,45
"2619","Durham Armory",2019-05-10,5,2019,"Durham",36.0329550008979,-78.904037,16,37
"2620","Durham Armory",2019-05-11,5,2019,"Durham",36.0329550008979,-78.904037,18,32
"2621","Durham Armory",2019-05-12,5,2019,"Durham",36.0329550008979,-78.904037,11,30
"2622","Durham Armory",2019-05-13,5,2019,"Durham",36.0329550008979,-78.904037,12,31
"2623","Durham Armory",2019-05-14,5,2019,"Durham",36.0329550008979,-78.904037,15,39
"2624","Durham Armory",2019-05-15,5,2019,"Durham",36.0329550008979,-78.904037,20,45
"2625","Durham Armory",2019-05-16,5,2019,"Durham",36.0329550008979,-78.904037,30,58
"2626","Durham Armory",2019-05-17,5,2019,"Durham",36.0329550008979,-78.904037,47,61
"2627","Durham Armory",2019-05-18,5,2019,"Durham",36.0329550008979,-78.904037,48,61
"2628","Durham Armory",2019-05-19,5,2019,"Durham",36.0329550008979,-78.904037,53,49
"2629","Durham Armory",2019-05-20,5,2019,"Durham",36.0329550008979,-78.904037,28,44
"2630","Durham Armory",2019-05-21,5,2019,"Durham",36.0329550008979,-78.904037,27.5,47
"2631","Durham Armory",2019-05-22,5,2019,"Durham",36.0329550008979,-78.904037,28,46
"2632","Durham Armory",2019-05-23,5,2019,"Durham",36.0329550008979,-78.904037,41,38
"2633","Durham Armory",2019-05-24,5,2019,"Durham",36.0329550008979,-78.904037,50.5,41
"2634","Durham Armory",2019-05-25,5,2019,"Durham",36.0329550008979,-78.904037,44,80
"2635","Durham Armory",2019-05-26,5,2019,"Durham",36.0329550008979,-78.904037,50,45
"2636","Durham Armory",2019-05-27,5,2019,"Durham",36.0329550008979,-78.904037,29,45
"2637","Durham Armory",2019-05-28,5,2019,"Durham",36.0329550008979,-78.904037,48,50
"2638","Durham Armory",2019-05-29,5,2019,"Durham",36.0329550008979,-78.904037,48,44
"2639","Durham Armory",2019-05-30,5,2019,"Durham",36.0329550008979,-78.904037,48,58
"2640","Durham Armory",2019-05-31,5,2019,"Durham",36.0329550008979,-78.904037,48,44
"2641","Durham Armory",2019-06-01,6,2019,"Durham",36.0329550008979,-78.904037,28,47
"2642","Durham Armory",2019-06-02,6,2019,"Durham",36.0329550008979,-78.904037,46,64
"2643","Durham Armory",2019-06-03,6,2019,"Durham",36.0329550008979,-78.904037,52,46
"2644","Durham Armory",2019-06-04,6,2019,"Durham",36.0329550008979,-78.904037,31,64
"2645","Durham Armory",2019-06-05,6,2019,"Durham",36.0329550008979,-78.904037,52,44
"2646","Durham Armory",2019-06-06,6,2019,"Durham",36.0329550008979,-78.904037,49,44
"2647","Durham Armory",2019-06-07,6,2019,"Durham",36.0329550008979,-78.904037,33,24
"2648","Durham Armory",2019-06-08,6,2019,"Durham",36.0329550008979,-78.904037,19.5,26
"2649","Durham Armory",2019-06-09,6,2019,"Durham",36.0329550008979,-78.904037,11,20
"2650","Durham Armory",2019-06-10,6,2019,"Durham",36.0329550008979,-78.904037,11,31
"2651","Durham Armory",2019-06-11,6,2019,"Durham",36.0329550008979,-78.904037,14,38
"2652","Durham Armory",2019-06-12,6,2019,"Durham",36.0329550008979,-78.904037,21,36
"2653","Durham Armory",2019-06-13,6,2019,"Durham",36.0329550008979,-78.904037,16,38
"2654","Durham Armory",2019-06-14,6,2019,"Durham",36.0329550008979,-78.904037,13,38
"2655","Durham Armory",2019-06-15,6,2019,"Durham",36.0329550008979,-78.904037,39,61
"2656","Durham Armory",2019-06-16,6,2019,"Durham",36.0329550008979,-78.904037,38,43
"2657","Durham Armory",2019-06-17,6,2019,"Durham",36.0329550008979,-78.904037,50,38
"2658","Durham Armory",2019-06-18,6,2019,"Durham",36.0329550008979,-78.904037,24,30
"2659","Durham Armory",2019-06-19,6,2019,"Durham",36.0329550008979,-78.904037,16,28
"2660","Durham Armory",2019-06-20,6,2019,"Durham",36.0329550008979,-78.904037,27.5,38
"2661","Durham Armory",2019-06-21,6,2019,"Durham",36.0329550008979,-78.904037,12,43
"2662","Durham Armory",2019-06-22,6,2019,"Durham",36.0329550008979,-78.904037,31,40
"2663","Durham Armory",2019-06-23,6,2019,"Durham",36.0329550008979,-78.904037,39,43
"2664","Durham Armory",2019-06-24,6,2019,"Durham",36.0329550008979,-78.904037,48,34
"2665","Durham Armory",2019-06-25,6,2019,"Durham",36.0329550008979,-78.904037,21,38
"2666","Durham Armory",2019-06-26,6,2019,"Durham",36.0329550008979,-78.904037,32,47
"2667","Durham Armory",2019-06-27,6,2019,"Durham",36.0329550008979,-78.904037,45,61
"2668","Durham Armory",2019-06-28,6,2019,"Durham",36.0329550008979,-78.904037,52,71
"2669","Durham Armory",2019-06-29,6,2019,"Durham",36.0329550008979,-78.904037,53,87
"2670","Durham Armory",2019-06-30,6,2019,"Durham",36.0329550008979,-78.904037,45,44
"2671","Durham Armory",2019-07-01,7,2019,"Durham",36.0329550008979,-78.904037,33,46
"2672","Durham Armory",2019-07-02,7,2019,"Durham",36.0329550008979,-78.904037,39.5,50
"2673","Durham Armory",2019-07-03,7,2019,"Durham",36.0329550008979,-78.904037,28,64
"2674","Durham Armory",2019-07-04,7,2019,"Durham",36.0329550008979,-78.904037,NA,44
"2675","Durham Armory",2019-07-05,7,2019,"Durham",36.0329550008979,-78.904037,43,46
"2676","Durham Armory",2019-07-06,7,2019,"Durham",36.0329550008979,-78.904037,NA,35
"2677","Durham Armory",2019-07-07,7,2019,"Durham",36.0329550008979,-78.904037,NA,32
"2678","Durham Armory",2019-07-08,7,2019,"Durham",36.0329550008979,-78.904037,35,37
"2679","Durham Armory",2019-07-09,7,2019,"Durham",36.0329550008979,-78.904037,23,34
"2680","Durham Armory",2019-07-10,7,2019,"Durham",36.0329550008979,-78.904037,30,54
"2681","Durham Armory",2019-07-11,7,2019,"Durham",36.0329550008979,-78.904037,28,34
"2682","Durham Armory",2019-07-12,7,2019,"Durham",36.0329550008979,-78.904037,25,44
"2683","Durham Armory",2019-07-13,7,2019,"Durham",36.0329550008979,-78.904037,33,48
"2684","Durham Armory",2019-07-14,7,2019,"Durham",36.0329550008979,-78.904037,39.5,54
"2685","Durham Armory",2019-07-15,7,2019,"Durham",36.0329550008979,-78.904037,44,49
"2686","Durham Armory",2019-07-16,7,2019,"Durham",36.0329550008979,-78.904037,53,54
"2687","Durham Armory",2019-07-17,7,2019,"Durham",36.0329550008979,-78.904037,60,37
"2688","Durham Armory",2019-07-18,7,2019,"Durham",36.0329550008979,-78.904037,33,43
"2689","Durham Armory",2019-07-19,7,2019,"Durham",36.0329550008979,-78.904037,32,44
"2690","Durham Armory",2019-07-20,7,2019,"Durham",36.0329550008979,-78.904037,34.5,39
"2691","Durham Armory",2019-07-21,7,2019,"Durham",36.0329550008979,-78.904037,32,39
"2692","Durham Armory",2019-07-22,7,2019,"Durham",36.0329550008979,-78.904037,26,38
"2693","Durham Armory",2019-07-23,7,2019,"Durham",36.0329550008979,-78.904037,22,27
"2694","Durham Armory",2019-07-24,7,2019,"Durham",36.0329550008979,-78.904037,33,33
"2695","Durham Armory",2019-07-25,7,2019,"Durham",36.0329550008979,-78.904037,34,40
"2696","Durham Armory",2019-07-26,7,2019,"Durham",36.0329550008979,-78.904037,40.5,45
"2697","Durham Armory",2019-07-27,7,2019,"Durham",36.0329550008979,-78.904037,47,47
"2698","Durham Armory",2019-07-28,7,2019,"Durham",36.0329550008979,-78.904037,52,48
"2699","Durham Armory",2019-07-29,7,2019,"Durham",36.0329550008979,-78.904037,54,54
"2700","Durham Armory",2019-07-30,7,2019,"Durham",36.0329550008979,-78.904037,49,51
"2701","Durham Armory",2019-07-31,7,2019,"Durham",36.0329550008979,-78.904037,42,47
"2702","Durham Armory",2019-08-01,8,2019,"Durham",36.0329550008979,-78.904037,37.5,64
"2703","Durham Armory",2019-08-02,8,2019,"Durham",36.0329550008979,-78.904037,25,44
"2704","Durham Armory",2019-08-03,8,2019,"Durham",36.0329550008979,-78.904037,24,35
"2705","Durham Armory",2019-08-04,8,2019,"Durham",36.0329550008979,-78.904037,34.5,36
"2706","Durham Armory",2019-08-05,8,2019,"Durham",36.0329550008979,-78.904037,27,37
"2707","Durham Armory",2019-08-06,8,2019,"Durham",36.0329550008979,-78.904037,24,42
"2708","Durham Armory",2019-08-07,8,2019,"Durham",36.0329550008979,-78.904037,43,44
"2709","Durham Armory",2019-08-08,8,2019,"Durham",36.0329550008979,-78.904037,26,46
"2710","Durham Armory",2019-08-09,8,2019,"Durham",36.0329550008979,-78.904037,35,61
"2711","Durham Armory",2019-08-10,8,2019,"Durham",36.0329550008979,-78.904037,40.5,47
"2712","Durham Armory",2019-08-11,8,2019,"Durham",36.0329550008979,-78.904037,36,44
"2713","Durham Armory",2019-08-12,8,2019,"Durham",36.0329550008979,-78.904037,37,64
"2714","Durham Armory",2019-08-13,8,2019,"Durham",36.0329550008979,-78.904037,33,39
"2715","Durham Armory",2019-08-14,8,2019,"Durham",36.0329550008979,-78.904037,20,45
"2716","Durham Armory",2019-08-15,8,2019,"Durham",36.0329550008979,-78.904037,33,48
"2717","Durham Armory",2019-08-16,8,2019,"Durham",36.0329550008979,-78.904037,22.5,44
"2718","Durham Armory",2019-08-17,8,2019,"Durham",36.0329550008979,-78.904037,15,45
"2719","Durham Armory",2019-08-18,8,2019,"Durham",36.0329550008979,-78.904037,22,42
"2720","Durham Armory",2019-08-19,8,2019,"Durham",36.0329550008979,-78.904037,36.5,44
"2721","Durham Armory",2019-08-20,8,2019,"Durham",36.0329550008979,-78.904037,28,31
"2722","Durham Armory",2019-08-21,8,2019,"Durham",36.0329550008979,-78.904037,15,39
"2723","Durham Armory",2019-08-22,8,2019,"Durham",36.0329550008979,-78.904037,29,36
"2724","Durham Armory",2019-08-23,8,2019,"Durham",36.0329550008979,-78.904037,17,40
"2725","Durham Armory",2019-08-24,8,2019,"Durham",36.0329550008979,-78.904037,11,21
"2726","Durham Armory",2019-08-25,8,2019,"Durham",36.0329550008979,-78.904037,17,32
"2727","Durham Armory",2019-08-26,8,2019,"Durham",36.0329550008979,-78.904037,6,24
"2728","Durham Armory",2019-08-27,8,2019,"Durham",36.0329550008979,-78.904037,9,29
"2729","Durham Armory",2019-08-28,8,2019,"Durham",36.0329550008979,-78.904037,18.5,31
"2730","Durham Armory",2019-08-29,8,2019,"Durham",36.0329550008979,-78.904037,13,45
"2731","Durham Armory",2019-08-30,8,2019,"Durham",36.0329550008979,-78.904037,16,44
"2732","Durham Armory",2019-08-31,8,2019,"Durham",36.0329550008979,-78.904037,30.5,51
"2733","Durham Armory",2019-09-01,9,2019,"Durham",36.0329550008979,-78.904037,24,38
"2734","Durham Armory",2019-09-02,9,2019,"Durham",36.0329550008979,-78.904037,13,31
"2735","Durham Armory",2019-09-03,9,2019,"Durham",36.0329550008979,-78.904037,25.5,37
"2736","Durham Armory",2019-09-04,9,2019,"Durham",36.0329550008979,-78.904037,29,34
"2737","Durham Armory",2019-09-06,9,2019,"Durham",36.0329550008979,-78.904037,NA,44
"2738","Durham Armory",2019-09-07,9,2019,"Durham",36.0329550008979,-78.904037,34.5,49
"2739","Durham Armory",2019-09-08,9,2019,"Durham",36.0329550008979,-78.904037,49,43
"2740","Durham Armory",2019-09-09,9,2019,"Durham",36.0329550008979,-78.904037,53.5,32
"2741","Durham Armory",2019-09-10,9,2019,"Durham",36.0329550008979,-78.904037,34,44
"2742","Durham Armory",2019-09-11,9,2019,"Durham",36.0329550008979,-78.904037,42,46
"2743","Durham Armory",2019-09-12,9,2019,"Durham",36.0329550008979,-78.904037,56.5,58
"2744","Durham Armory",2019-09-13,9,2019,"Durham",36.0329550008979,-78.904037,40,41
"2745","Durham Armory",2019-09-14,9,2019,"Durham",36.0329550008979,-78.904037,20,33
"2746","Durham Armory",2019-09-15,9,2019,"Durham",36.0329550008979,-78.904037,33.5,35
"2747","Durham Armory",2019-09-16,9,2019,"Durham",36.0329550008979,-78.904037,26,40
"2748","Durham Armory",2019-09-17,9,2019,"Durham",36.0329550008979,-78.904037,28,41
"2749","Durham Armory",2019-09-18,9,2019,"Durham",36.0329550008979,-78.904037,17,44
"2750","Durham Armory",2019-09-19,9,2019,"Durham",36.0329550008979,-78.904037,10,38
"2751","Durham Armory",2019-09-20,9,2019,"Durham",36.0329550008979,-78.904037,21,49
"2752","Durham Armory",2019-09-21,9,2019,"Durham",36.0329550008979,-78.904037,37,49
"2753","Durham Armory",2019-09-22,9,2019,"Durham",36.0329550008979,-78.904037,40,47
"2754","Durham Armory",2019-09-23,9,2019,"Durham",36.0329550008979,-78.904037,38,47
"2755","Durham Armory",2019-09-24,9,2019,"Durham",36.0329550008979,-78.904037,30.5,46
"2756","Durham Armory",2019-09-25,9,2019,"Durham",36.0329550008979,-78.904037,33,50
"2757","Durham Armory",2019-09-26,9,2019,"Durham",36.0329550008979,-78.904037,45,61
"2758","Durham Armory",2019-09-27,9,2019,"Durham",36.0329550008979,-78.904037,42,50
"2759","Durham Armory",2019-09-28,9,2019,"Durham",36.0329550008979,-78.904037,31,43
"2760","Durham Armory",2019-09-29,9,2019,"Durham",36.0329550008979,-78.904037,45,45
"2761","Durham Armory",2019-09-30,9,2019,"Durham",36.0329550008979,-78.904037,45,45
"2762","Durham Armory",2019-10-01,10,2019,"Durham",36.0329550008979,-78.904037,37,54
"2763","Durham Armory",2019-10-02,10,2019,"Durham",36.0329550008979,-78.904037,53,49
"2764","Durham Armory",2019-10-03,10,2019,"Durham",36.0329550008979,-78.904037,45,50
"2765","Durham Armory",2019-10-04,10,2019,"Durham",36.0329550008979,-78.904037,46,47
"2766","Durham Armory",2019-10-05,10,2019,"Durham",36.0329550008979,-78.904037,11,29
"2767","Durham Armory",2019-10-06,10,2019,"Durham",36.0329550008979,-78.904037,17,38
"2768","Durham Armory",2019-10-07,10,2019,"Durham",36.0329550008979,-78.904037,12,38
"2769","Durham Armory",2019-10-08,10,2019,"Durham",36.0329550008979,-78.904037,11,30
"2770","Durham Armory",2019-10-09,10,2019,"Durham",36.0329550008979,-78.904037,10,31
"2771","Durham Armory",2019-10-10,10,2019,"Durham",36.0329550008979,-78.904037,13,36
"2772","Durham Armory",2019-10-11,10,2019,"Durham",36.0329550008979,-78.904037,10,42
"2773","Durham Armory",2019-10-12,10,2019,"Durham",36.0329550008979,-78.904037,26,44
"2774","Durham Armory",2019-10-13,10,2019,"Durham",36.0329550008979,-78.904037,28,18
"2775","Durham Armory",2019-10-14,10,2019,"Durham",36.0329550008979,-78.904037,23,38
"2776","Durham Armory",2019-10-15,10,2019,"Durham",36.0329550008979,-78.904037,31,44
"2777","Durham Armory",2019-10-16,10,2019,"Durham",36.0329550008979,-78.904037,23,31
"2778","Durham Armory",2019-10-17,10,2019,"Durham",36.0329550008979,-78.904037,8,32
"2779","Durham Armory",2019-10-18,10,2019,"Durham",36.0329550008979,-78.904037,12,35
"2780","Durham Armory",2019-10-19,10,2019,"Durham",36.0329550008979,-78.904037,29,35
"2781","Durham Armory",2019-10-20,10,2019,"Durham",36.0329550008979,-78.904037,NA,31
"2782","Durham Armory",2019-10-21,10,2019,"Durham",36.0329550008979,-78.904037,NA,32
"2783","Durham Armory",2019-10-22,10,2019,"Durham",36.0329550008979,-78.904037,15,19
"2784","Durham Armory",2019-10-23,10,2019,"Durham",36.0329550008979,-78.904037,12,33
"2785","Durham Armory",2019-10-24,10,2019,"Durham",36.0329550008979,-78.904037,18,38
"2786","Durham Armory",2019-10-25,10,2019,"Durham",36.0329550008979,-78.904037,31,34
"2787","Durham Armory",2019-10-26,10,2019,"Durham",36.0329550008979,-78.904037,30,37
"2788","Durham Armory",2019-10-27,10,2019,"Durham",36.0329550008979,-78.904037,10,20
"2789","Durham Armory",2019-10-28,10,2019,"Durham",36.0329550008979,-78.904037,17,36
"2790","Durham Armory",2019-10-29,10,2019,"Durham",36.0329550008979,-78.904037,29,25
"2791","Durham Armory",2019-10-30,10,2019,"Durham",36.0329550008979,-78.904037,23,21
"2792","Durham Armory",2019-10-31,10,2019,"Durham",36.0329550008979,-78.904037,8,24
"2793","Durham Armory",2019-11-01,11,2019,"Durham",36.0329550008979,-78.904037,9,NA
"2794","Durham Armory",2019-11-02,11,2019,"Durham",36.0329550008979,-78.904037,28,NA
"2795","Durham Armory",2019-11-03,11,2019,"Durham",36.0329550008979,-78.904037,19,NA
"2796","Durham Armory",2019-11-04,11,2019,"Durham",36.0329550008979,-78.904037,33,NA
"2797","Durham Armory",2019-11-05,11,2019,"Durham",36.0329550008979,-78.904037,36,NA
"2798","Durham Armory",2019-11-06,11,2019,"Durham",36.0329550008979,-78.904037,49,NA
"2799","Durham Armory",2019-11-07,11,2019,"Durham",36.0329550008979,-78.904037,40,NA
"2800","Durham Armory",2019-11-08,11,2019,"Durham",36.0329550008979,-78.904037,17,NA
"2801","Durham Armory",2019-11-09,11,2019,"Durham",36.0329550008979,-78.904037,31,NA
"2802","Durham Armory",2019-11-10,11,2019,"Durham",36.0329550008979,-78.904037,49,NA
"2803","Durham Armory",2019-11-11,11,2019,"Durham",36.0329550008979,-78.904037,41,NA
"2804","Durham Armory",2019-11-12,11,2019,"Durham",36.0329550008979,-78.904037,24,NA
"2805","Durham Armory",2019-11-13,11,2019,"Durham",36.0329550008979,-78.904037,15,NA
"2806","Durham Armory",2019-11-14,11,2019,"Durham",36.0329550008979,-78.904037,38,NA
"2807","Durham Armory",2019-11-15,11,2019,"Durham",36.0329550008979,-78.904037,44,NA
"2808","Durham Armory",2019-11-16,11,2019,"Durham",36.0329550008979,-78.904037,29,NA
"2809","Durham Armory",2019-11-17,11,2019,"Durham",36.0329550008979,-78.904037,14,NA
"2810","Durham Armory",2019-11-18,11,2019,"Durham",36.0329550008979,-78.904037,25,NA
"2811","Durham Armory",2019-11-19,11,2019,"Durham",36.0329550008979,-78.904037,30,NA
"2812","Durham Armory",2019-11-20,11,2019,"Durham",36.0329550008979,-78.904037,40,NA
"2813","Durham Armory",2019-11-21,11,2019,"Durham",36.0329550008979,-78.904037,39,NA
"2814","Durham Armory",2019-11-22,11,2019,"Durham",36.0329550008979,-78.904037,54,NA
"2815","Durham Armory",2019-11-23,11,2019,"Durham",36.0329550008979,-78.904037,20,NA
"2816","Durham Armory",2019-11-24,11,2019,"Durham",36.0329550008979,-78.904037,10,NA
"2817","Durham Armory",2019-11-25,11,2019,"Durham",36.0329550008979,-78.904037,25,NA
"2818","Durham Armory",2019-11-26,11,2019,"Durham",36.0329550008979,-78.904037,46,NA
"2819","Durham Armory",2019-11-27,11,2019,"Durham",36.0329550008979,-78.904037,51,NA
"2820","Durham Armory",2019-11-28,11,2019,"Durham",36.0329550008979,-78.904037,9,NA
"2821","Durham Armory",2019-11-29,11,2019,"Durham",36.0329550008979,-78.904037,17,NA
"2822","Durham Armory",2019-11-30,11,2019,"Durham",36.0329550008979,-78.904037,42,NA
"2823","Durham Armory",2019-12-01,12,2019,"Durham",36.0329550008979,-78.904037,25,NA
"2824","Durham Armory",2019-12-02,12,2019,"Durham",36.0329550008979,-78.904037,8,NA
"2825","Durham Armory",2019-12-03,12,2019,"Durham",36.0329550008979,-78.904037,7,NA
"2826","Durham Armory",2019-12-04,12,2019,"Durham",36.0329550008979,-78.904037,14,NA
"2827","Durham Armory",2019-12-05,12,2019,"Durham",36.0329550008979,-78.904037,25,NA
"2828","Durham Armory",2019-12-06,12,2019,"Durham",36.0329550008979,-78.904037,39,NA
"2829","Durham Armory",2019-12-07,12,2019,"Durham",36.0329550008979,-78.904037,40,NA
"2830","Durham Armory",2019-12-08,12,2019,"Durham",36.0329550008979,-78.904037,32,NA
"2831","Durham Armory",2019-12-09,12,2019,"Durham",36.0329550008979,-78.904037,35,NA
"2832","Durham Armory",2019-12-10,12,2019,"Durham",36.0329550008979,-78.904037,26,NA
"2833","Durham Armory",2019-12-11,12,2019,"Durham",36.0329550008979,-78.904037,12,NA
"2834","Durham Armory",2019-12-12,12,2019,"Durham",36.0329550008979,-78.904037,27,NA
"2835","Durham Armory",2019-12-13,12,2019,"Durham",36.0329550008979,-78.904037,23,NA
"2836","Durham Armory",2019-12-14,12,2019,"Durham",36.0329550008979,-78.904037,5,NA
"2837","Durham Armory",2019-12-15,12,2019,"Durham",36.0329550008979,-78.904037,21,NA
"2838","Durham Armory",2019-12-16,12,2019,"Durham",36.0329550008979,-78.904037,45,NA
"2839","Durham Armory",2019-12-17,12,2019,"Durham",36.0329550008979,-78.904037,9,NA
"2840","Durham Armory",2019-12-18,12,2019,"Durham",36.0329550008979,-78.904037,10,NA
"2841","Durham Armory",2019-12-19,12,2019,"Durham",36.0329550008979,-78.904037,31,NA
"2842","Durham Armory",2019-12-20,12,2019,"Durham",36.0329550008979,-78.904037,41,NA
"2843","Durham Armory",2019-12-21,12,2019,"Durham",36.0329550008979,-78.904037,52,NA
"2844","Durham Armory",2019-12-22,12,2019,"Durham",36.0329550008979,-78.904037,70,NA
"2845","Durham Armory",2019-12-23,12,2019,"Durham",36.0329550008979,-78.904037,49,NA
"2846","Durham Armory",2019-12-24,12,2019,"Durham",36.0329550008979,-78.904037,14,NA
"2847","Durham Armory",2019-12-25,12,2019,"Durham",36.0329550008979,-78.904037,39,NA
"2848","Durham Armory",2019-12-26,12,2019,"Durham",36.0329550008979,-78.904037,48,NA
"2849","Durham Armory",2019-12-27,12,2019,"Durham",36.0329550008979,-78.904037,47,NA
"2850","Durham Armory",2019-12-28,12,2019,"Durham",36.0329550008979,-78.904037,40,NA
"2851","Durham Armory",2019-12-29,12,2019,"Durham",36.0329550008979,-78.904037,31,NA
"2852","Durham Armory",2019-12-30,12,2019,"Durham",36.0329550008979,-78.904037,9,NA
"2853","Durham Armory",2019-12-31,12,2019,"Durham",36.0329550008979,-78.904037,14,NA
"2854","Frying Pan Mountain",2018-01-02,1,2018,"Haywood",35.379167,-82.7925,7,NA
"2855","Frying Pan Mountain",2018-01-05,1,2018,"Haywood",35.379167,-82.7925,13,NA
"2856","Frying Pan Mountain",2018-01-08,1,2018,"Haywood",35.379167,-82.7925,3,NA
"2857","Frying Pan Mountain",2018-01-11,1,2018,"Haywood",35.379167,-82.7925,0,NA
"2858","Frying Pan Mountain",2018-01-14,1,2018,"Haywood",35.379167,-82.7925,6,NA
"2859","Frying Pan Mountain",2018-01-17,1,2018,"Haywood",35.379167,-82.7925,15,NA
"2860","Frying Pan Mountain",2018-01-20,1,2018,"Haywood",35.379167,-82.7925,6,NA
"2861","Frying Pan Mountain",2018-01-23,1,2018,"Haywood",35.379167,-82.7925,11,NA
"2862","Frying Pan Mountain",2018-01-26,1,2018,"Haywood",35.379167,-82.7925,8,NA
"2863","Frying Pan Mountain",2018-01-29,1,2018,"Haywood",35.379167,-82.7925,4,NA
"2864","Frying Pan Mountain",2018-02-01,2,2018,"Haywood",35.379167,-82.7925,12,NA
"2865","Frying Pan Mountain",2018-02-04,2,2018,"Haywood",35.379167,-82.7925,2,NA
"2866","Frying Pan Mountain",2018-02-07,2,2018,"Haywood",35.379167,-82.7925,2,NA
"2867","Frying Pan Mountain",2018-02-10,2,2018,"Haywood",35.379167,-82.7925,1,NA
"2868","Frying Pan Mountain",2018-02-13,2,2018,"Haywood",35.379167,-82.7925,3,NA
"2869","Frying Pan Mountain",2018-02-16,2,2018,"Haywood",35.379167,-82.7925,8,NA
"2870","Frying Pan Mountain",2018-02-19,2,2018,"Haywood",35.379167,-82.7925,9,NA
"2871","Frying Pan Mountain",2018-02-22,2,2018,"Haywood",35.379167,-82.7925,20,NA
"2872","Frying Pan Mountain",2018-02-25,2,2018,"Haywood",35.379167,-82.7925,10,NA
"2873","Frying Pan Mountain",2018-03-02,3,2018,"Haywood",35.379167,-82.7925,NA,46
"2874","Frying Pan Mountain",2018-03-03,3,2018,"Haywood",35.379167,-82.7925,NA,44
"2875","Frying Pan Mountain",2018-03-04,3,2018,"Haywood",35.379167,-82.7925,NA,47
"2876","Frying Pan Mountain",2018-03-05,3,2018,"Haywood",35.379167,-82.7925,NA,46
"2877","Frying Pan Mountain",2018-03-06,3,2018,"Haywood",35.379167,-82.7925,NA,44
"2878","Frying Pan Mountain",2018-03-15,3,2018,"Haywood",35.379167,-82.7925,23,61
"2879","Frying Pan Mountain",2018-03-17,3,2018,"Haywood",35.379167,-82.7925,NA,49
"2880","Frying Pan Mountain",2018-03-18,3,2018,"Haywood",35.379167,-82.7925,21,44
"2881","Frying Pan Mountain",2018-03-19,3,2018,"Haywood",35.379167,-82.7925,NA,40
"2882","Frying Pan Mountain",2018-03-20,3,2018,"Haywood",35.379167,-82.7925,NA,44
"2883","Frying Pan Mountain",2018-03-21,3,2018,"Haywood",35.379167,-82.7925,4,40
"2884","Frying Pan Mountain",2018-03-22,3,2018,"Haywood",35.379167,-82.7925,NA,47
"2885","Frying Pan Mountain",2018-03-23,3,2018,"Haywood",35.379167,-82.7925,NA,48
"2886","Frying Pan Mountain",2018-03-24,3,2018,"Haywood",35.379167,-82.7925,23,47
"2887","Frying Pan Mountain",2018-03-26,3,2018,"Haywood",35.379167,-82.7925,NA,45
"2888","Frying Pan Mountain",2018-03-27,3,2018,"Haywood",35.379167,-82.7925,7,44
"2889","Frying Pan Mountain",2018-03-28,3,2018,"Haywood",35.379167,-82.7925,NA,45
"2890","Frying Pan Mountain",2018-03-29,3,2018,"Haywood",35.379167,-82.7925,NA,45
"2891","Frying Pan Mountain",2018-03-30,3,2018,"Haywood",35.379167,-82.7925,4,43
"2892","Frying Pan Mountain",2018-03-31,3,2018,"Haywood",35.379167,-82.7925,NA,51
"2893","Frying Pan Mountain",2018-04-01,4,2018,"Haywood",35.379167,-82.7925,NA,50
"2894","Frying Pan Mountain",2018-04-02,4,2018,"Haywood",35.379167,-82.7925,32,NA
"2895","Frying Pan Mountain",2018-04-04,4,2018,"Haywood",35.379167,-82.7925,NA,44
"2896","Frying Pan Mountain",2018-04-05,4,2018,"Haywood",35.379167,-82.7925,15,51
"2897","Frying Pan Mountain",2018-04-06,4,2018,"Haywood",35.379167,-82.7925,NA,61
"2898","Frying Pan Mountain",2018-04-07,4,2018,"Haywood",35.379167,-82.7925,NA,43
"2899","Frying Pan Mountain",2018-04-08,4,2018,"Haywood",35.379167,-82.7925,8,45
"2900","Frying Pan Mountain",2018-04-09,4,2018,"Haywood",35.379167,-82.7925,NA,39
"2901","Frying Pan Mountain",2018-04-10,4,2018,"Haywood",35.379167,-82.7925,NA,45
"2902","Frying Pan Mountain",2018-04-11,4,2018,"Haywood",35.379167,-82.7925,16,46
"2903","Frying Pan Mountain",2018-04-12,4,2018,"Haywood",35.379167,-82.7925,NA,77
"2904","Frying Pan Mountain",2018-04-13,4,2018,"Haywood",35.379167,-82.7925,NA,71
"2905","Frying Pan Mountain",2018-04-14,4,2018,"Haywood",35.379167,-82.7925,29,44
"2906","Frying Pan Mountain",2018-04-15,4,2018,"Haywood",35.379167,-82.7925,NA,42
"2907","Frying Pan Mountain",2018-04-16,4,2018,"Haywood",35.379167,-82.7925,NA,43
"2908","Frying Pan Mountain",2018-04-17,4,2018,"Haywood",35.379167,-82.7925,16,67
"2909","Frying Pan Mountain",2018-04-18,4,2018,"Haywood",35.379167,-82.7925,NA,67
"2910","Frying Pan Mountain",2018-04-19,4,2018,"Haywood",35.379167,-82.7925,NA,45
"2911","Frying Pan Mountain",2018-04-20,4,2018,"Haywood",35.379167,-82.7925,11,71
"2912","Frying Pan Mountain",2018-04-21,4,2018,"Haywood",35.379167,-82.7925,NA,84
"2913","Frying Pan Mountain",2018-04-22,4,2018,"Haywood",35.379167,-82.7925,NA,46
"2914","Frying Pan Mountain",2018-04-23,4,2018,"Haywood",35.379167,-82.7925,1,47
"2915","Frying Pan Mountain",2018-04-24,4,2018,"Haywood",35.379167,-82.7925,NA,45
"2916","Frying Pan Mountain",2018-04-25,4,2018,"Haywood",35.379167,-82.7925,NA,42
"2917","Frying Pan Mountain",2018-04-26,4,2018,"Haywood",35.379167,-82.7925,3,64
"2918","Frying Pan Mountain",2018-04-27,4,2018,"Haywood",35.379167,-82.7925,NA,67
"2919","Frying Pan Mountain",2018-04-28,4,2018,"Haywood",35.379167,-82.7925,NA,67
"2920","Frying Pan Mountain",2018-04-29,4,2018,"Haywood",35.379167,-82.7925,12,51
"2921","Frying Pan Mountain",2018-04-30,4,2018,"Haywood",35.379167,-82.7925,NA,58
"2922","Frying Pan Mountain",2018-05-01,5,2018,"Haywood",35.379167,-82.7925,NA,105
"2923","Frying Pan Mountain",2018-05-02,5,2018,"Haywood",35.379167,-82.7925,35,NA
"2924","Frying Pan Mountain",2018-05-04,5,2018,"Haywood",35.379167,-82.7925,NA,54
"2925","Frying Pan Mountain",2018-05-05,5,2018,"Haywood",35.379167,-82.7925,40,45
"2926","Frying Pan Mountain",2018-05-06,5,2018,"Haywood",35.379167,-82.7925,NA,58
"2927","Frying Pan Mountain",2018-05-07,5,2018,"Haywood",35.379167,-82.7925,NA,61
"2928","Frying Pan Mountain",2018-05-08,5,2018,"Haywood",35.379167,-82.7925,14,54
"2929","Frying Pan Mountain",2018-05-09,5,2018,"Haywood",35.379167,-82.7925,NA,80
"2930","Frying Pan Mountain",2018-05-10,5,2018,"Haywood",35.379167,-82.7925,NA,64
"2931","Frying Pan Mountain",2018-05-11,5,2018,"Haywood",35.379167,-82.7925,32,74
"2932","Frying Pan Mountain",2018-05-12,5,2018,"Haywood",35.379167,-82.7925,NA,61
"2933","Frying Pan Mountain",2018-05-13,5,2018,"Haywood",35.379167,-82.7925,NA,61
"2934","Frying Pan Mountain",2018-05-14,5,2018,"Haywood",35.379167,-82.7925,50,51
"2935","Frying Pan Mountain",2018-05-15,5,2018,"Haywood",35.379167,-82.7925,NA,37
"2936","Frying Pan Mountain",2018-05-17,5,2018,"Haywood",35.379167,-82.7925,7,NA
"2937","Frying Pan Mountain",2018-05-18,5,2018,"Haywood",35.379167,-82.7925,NA,44
"2938","Frying Pan Mountain",2018-05-19,5,2018,"Haywood",35.379167,-82.7925,NA,47
"2939","Frying Pan Mountain",2018-05-20,5,2018,"Haywood",35.379167,-82.7925,28,51
"2940","Frying Pan Mountain",2018-05-22,5,2018,"Haywood",35.379167,-82.7925,NA,36
"2941","Frying Pan Mountain",2018-05-23,5,2018,"Haywood",35.379167,-82.7925,18,48
"2942","Frying Pan Mountain",2018-05-24,5,2018,"Haywood",35.379167,-82.7925,NA,40
"2943","Frying Pan Mountain",2018-05-25,5,2018,"Haywood",35.379167,-82.7925,NA,30
"2944","Frying Pan Mountain",2018-05-26,5,2018,"Haywood",35.379167,-82.7925,7,34
"2945","Frying Pan Mountain",2018-05-27,5,2018,"Haywood",35.379167,-82.7925,NA,28
"2946","Frying Pan Mountain",2018-05-28,5,2018,"Haywood",35.379167,-82.7925,NA,24
"2947","Frying Pan Mountain",2018-05-29,5,2018,"Haywood",35.379167,-82.7925,0,27
"2948","Frying Pan Mountain",2018-05-30,5,2018,"Haywood",35.379167,-82.7925,NA,38
"2949","Frying Pan Mountain",2018-05-31,5,2018,"Haywood",35.379167,-82.7925,NA,51
"2950","Frying Pan Mountain",2018-06-01,6,2018,"Haywood",35.379167,-82.7925,14,47
"2951","Frying Pan Mountain",2018-06-02,6,2018,"Haywood",35.379167,-82.7925,NA,49
"2952","Frying Pan Mountain",2018-06-03,6,2018,"Haywood",35.379167,-82.7925,NA,49
"2953","Frying Pan Mountain",2018-06-04,6,2018,"Haywood",35.379167,-82.7925,15,67
"2954","Frying Pan Mountain",2018-06-05,6,2018,"Haywood",35.379167,-82.7925,NA,77
"2955","Frying Pan Mountain",2018-06-06,6,2018,"Haywood",35.379167,-82.7925,NA,80
"2956","Frying Pan Mountain",2018-06-07,6,2018,"Haywood",35.379167,-82.7925,35,49
"2957","Frying Pan Mountain",2018-06-08,6,2018,"Haywood",35.379167,-82.7925,NA,61
"2958","Frying Pan Mountain",2018-06-09,6,2018,"Haywood",35.379167,-82.7925,NA,58
"2959","Frying Pan Mountain",2018-06-10,6,2018,"Haywood",35.379167,-82.7925,37,50
"2960","Frying Pan Mountain",2018-06-11,6,2018,"Haywood",35.379167,-82.7925,NA,44
"2961","Frying Pan Mountain",2018-06-12,6,2018,"Haywood",35.379167,-82.7925,NA,45
"2962","Frying Pan Mountain",2018-06-13,6,2018,"Haywood",35.379167,-82.7925,NA,36
"2963","Frying Pan Mountain",2018-06-14,6,2018,"Haywood",35.379167,-82.7925,NA,67
"2964","Frying Pan Mountain",2018-06-15,6,2018,"Haywood",35.379167,-82.7925,NA,61
"2965","Frying Pan Mountain",2018-06-16,6,2018,"Haywood",35.379167,-82.7925,36,54
"2966","Frying Pan Mountain",2018-06-17,6,2018,"Haywood",35.379167,-82.7925,NA,49
"2967","Frying Pan Mountain",2018-06-18,6,2018,"Haywood",35.379167,-82.7925,NA,43
"2968","Frying Pan Mountain",2018-06-19,6,2018,"Haywood",35.379167,-82.7925,32,NA
"2969","Frying Pan Mountain",2018-06-20,6,2018,"Haywood",35.379167,-82.7925,NA,29
"2970","Frying Pan Mountain",2018-06-21,6,2018,"Haywood",35.379167,-82.7925,NA,40
"2971","Frying Pan Mountain",2018-06-22,6,2018,"Haywood",35.379167,-82.7925,15,46
"2972","Frying Pan Mountain",2018-06-23,6,2018,"Haywood",35.379167,-82.7925,NA,45
"2973","Frying Pan Mountain",2018-06-24,6,2018,"Haywood",35.379167,-82.7925,NA,41
"2974","Frying Pan Mountain",2018-06-25,6,2018,"Haywood",35.379167,-82.7925,21,36
"2975","Frying Pan Mountain",2018-06-26,6,2018,"Haywood",35.379167,-82.7925,NA,34
"2976","Frying Pan Mountain",2018-06-28,6,2018,"Haywood",35.379167,-82.7925,20,44
"2977","Frying Pan Mountain",2018-06-29,6,2018,"Haywood",35.379167,-82.7925,NA,44
"2978","Frying Pan Mountain",2018-06-30,6,2018,"Haywood",35.379167,-82.7925,NA,45
"2979","Frying Pan Mountain",2018-07-01,7,2018,"Haywood",35.379167,-82.7925,12,30
"2980","Frying Pan Mountain",2018-07-02,7,2018,"Haywood",35.379167,-82.7925,NA,31
"2981","Frying Pan Mountain",2018-07-03,7,2018,"Haywood",35.379167,-82.7925,NA,45
"2982","Frying Pan Mountain",2018-07-04,7,2018,"Haywood",35.379167,-82.7925,45,39
"2983","Frying Pan Mountain",2018-07-05,7,2018,"Haywood",35.379167,-82.7925,NA,30
"2984","Frying Pan Mountain",2018-07-06,7,2018,"Haywood",35.379167,-82.7925,NA,41
"2985","Frying Pan Mountain",2018-07-07,7,2018,"Haywood",35.379167,-82.7925,6,35
"2986","Frying Pan Mountain",2018-07-08,7,2018,"Haywood",35.379167,-82.7925,NA,58
"2987","Frying Pan Mountain",2018-07-09,7,2018,"Haywood",35.379167,-82.7925,NA,46
"2988","Frying Pan Mountain",2018-07-10,7,2018,"Haywood",35.379167,-82.7925,30,45
"2989","Frying Pan Mountain",2018-07-11,7,2018,"Haywood",35.379167,-82.7925,NA,50
"2990","Frying Pan Mountain",2018-07-12,7,2018,"Haywood",35.379167,-82.7925,NA,43
"2991","Frying Pan Mountain",2018-07-13,7,2018,"Haywood",35.379167,-82.7925,24,49
"2992","Frying Pan Mountain",2018-07-14,7,2018,"Haywood",35.379167,-82.7925,NA,45
"2993","Frying Pan Mountain",2018-07-15,7,2018,"Haywood",35.379167,-82.7925,NA,41
"2994","Frying Pan Mountain",2018-07-16,7,2018,"Haywood",35.379167,-82.7925,24,40
"2995","Frying Pan Mountain",2018-07-17,7,2018,"Haywood",35.379167,-82.7925,NA,41
"2996","Frying Pan Mountain",2018-07-18,7,2018,"Haywood",35.379167,-82.7925,NA,50
"2997","Frying Pan Mountain",2018-07-19,7,2018,"Haywood",35.379167,-82.7925,28,48
"2998","Frying Pan Mountain",2018-07-20,7,2018,"Haywood",35.379167,-82.7925,NA,48
"2999","Frying Pan Mountain",2018-07-21,7,2018,"Haywood",35.379167,-82.7925,NA,50
"3000","Frying Pan Mountain",2018-07-22,7,2018,"Haywood",35.379167,-82.7925,13,35
"3001","Frying Pan Mountain",2018-07-23,7,2018,"Haywood",35.379167,-82.7925,NA,40
"3002","Frying Pan Mountain",2018-07-24,7,2018,"Haywood",35.379167,-82.7925,NA,54
"3003","Frying Pan Mountain",2018-07-25,7,2018,"Haywood",35.379167,-82.7925,NA,43
"3004","Frying Pan Mountain",2018-07-26,7,2018,"Haywood",35.379167,-82.7925,NA,77
"3005","Frying Pan Mountain",2018-07-27,7,2018,"Haywood",35.379167,-82.7925,NA,44
"3006","Frying Pan Mountain",2018-07-28,7,2018,"Haywood",35.379167,-82.7925,25,44
"3007","Frying Pan Mountain",2018-07-29,7,2018,"Haywood",35.379167,-82.7925,NA,38
"3008","Frying Pan Mountain",2018-07-30,7,2018,"Haywood",35.379167,-82.7925,NA,34
"3009","Frying Pan Mountain",2018-07-31,7,2018,"Haywood",35.379167,-82.7925,23,46
"3010","Frying Pan Mountain",2018-08-01,8,2018,"Haywood",35.379167,-82.7925,NA,32
"3011","Frying Pan Mountain",2018-08-02,8,2018,"Haywood",35.379167,-82.7925,NA,29
"3012","Frying Pan Mountain",2018-08-03,8,2018,"Haywood",35.379167,-82.7925,2,38
"3013","Frying Pan Mountain",2018-08-04,8,2018,"Haywood",35.379167,-82.7925,NA,36
"3014","Frying Pan Mountain",2018-08-05,8,2018,"Haywood",35.379167,-82.7925,NA,41
"3015","Frying Pan Mountain",2018-08-06,8,2018,"Haywood",35.379167,-82.7925,20,31
"3016","Frying Pan Mountain",2018-08-07,8,2018,"Haywood",35.379167,-82.7925,NA,32
"3017","Frying Pan Mountain",2018-08-08,8,2018,"Haywood",35.379167,-82.7925,NA,40
"3018","Frying Pan Mountain",2018-08-09,8,2018,"Haywood",35.379167,-82.7925,18,43
"3019","Frying Pan Mountain",2018-08-10,8,2018,"Haywood",35.379167,-82.7925,NA,37
"3020","Frying Pan Mountain",2018-08-11,8,2018,"Haywood",35.379167,-82.7925,NA,40
"3021","Frying Pan Mountain",2018-08-12,8,2018,"Haywood",35.379167,-82.7925,35,41
"3022","Frying Pan Mountain",2018-08-13,8,2018,"Haywood",35.379167,-82.7925,NA,41
"3023","Frying Pan Mountain",2018-08-14,8,2018,"Haywood",35.379167,-82.7925,NA,45
"3024","Frying Pan Mountain",2018-08-15,8,2018,"Haywood",35.379167,-82.7925,49,37
"3025","Frying Pan Mountain",2018-08-16,8,2018,"Haywood",35.379167,-82.7925,NA,44
"3026","Frying Pan Mountain",2018-08-17,8,2018,"Haywood",35.379167,-82.7925,NA,34
"3027","Frying Pan Mountain",2018-08-18,8,2018,"Haywood",35.379167,-82.7925,16,39
"3028","Frying Pan Mountain",2018-08-19,8,2018,"Haywood",35.379167,-82.7925,NA,36
"3029","Frying Pan Mountain",2018-08-20,8,2018,"Haywood",35.379167,-82.7925,NA,34
"3030","Frying Pan Mountain",2018-08-21,8,2018,"Haywood",35.379167,-82.7925,30,40
"3031","Frying Pan Mountain",2018-08-22,8,2018,"Haywood",35.379167,-82.7925,NA,40
"3032","Frying Pan Mountain",2018-08-23,8,2018,"Haywood",35.379167,-82.7925,NA,43
"3033","Frying Pan Mountain",2018-08-24,8,2018,"Haywood",35.379167,-82.7925,NA,42
"3034","Frying Pan Mountain",2018-08-25,8,2018,"Haywood",35.379167,-82.7925,NA,44
"3035","Frying Pan Mountain",2018-08-26,8,2018,"Haywood",35.379167,-82.7925,NA,43
"3036","Frying Pan Mountain",2018-08-27,8,2018,"Haywood",35.379167,-82.7925,41,43
"3037","Frying Pan Mountain",2018-08-28,8,2018,"Haywood",35.379167,-82.7925,NA,43
"3038","Frying Pan Mountain",2018-08-29,8,2018,"Haywood",35.379167,-82.7925,NA,38
"3039","Frying Pan Mountain",2018-08-30,8,2018,"Haywood",35.379167,-82.7925,26,38
"3040","Frying Pan Mountain",2018-08-31,8,2018,"Haywood",35.379167,-82.7925,NA,44
"3041","Frying Pan Mountain",2018-09-01,9,2018,"Haywood",35.379167,-82.7925,NA,36
"3042","Frying Pan Mountain",2018-09-02,9,2018,"Haywood",35.379167,-82.7925,15,31
"3043","Frying Pan Mountain",2018-09-03,9,2018,"Haywood",35.379167,-82.7925,NA,32
"3044","Frying Pan Mountain",2018-09-04,9,2018,"Haywood",35.379167,-82.7925,NA,32
"3045","Frying Pan Mountain",2018-09-05,9,2018,"Haywood",35.379167,-82.7925,20,41
"3046","Frying Pan Mountain",2018-09-06,9,2018,"Haywood",35.379167,-82.7925,NA,40
"3047","Frying Pan Mountain",2018-09-07,9,2018,"Haywood",35.379167,-82.7925,NA,43
"3048","Frying Pan Mountain",2018-09-08,9,2018,"Haywood",35.379167,-82.7925,27,32
"3049","Frying Pan Mountain",2018-09-09,9,2018,"Haywood",35.379167,-82.7925,NA,29
"3050","Frying Pan Mountain",2018-09-10,9,2018,"Haywood",35.379167,-82.7925,NA,27
"3051","Frying Pan Mountain",2018-09-11,9,2018,"Haywood",35.379167,-82.7925,8,28
"3052","Frying Pan Mountain",2018-09-12,9,2018,"Haywood",35.379167,-82.7925,NA,30
"3053","Frying Pan Mountain",2018-09-14,9,2018,"Haywood",35.379167,-82.7925,5,NA
"3054","Frying Pan Mountain",2018-09-17,9,2018,"Haywood",35.379167,-82.7925,1,NA
"3055","Frying Pan Mountain",2018-09-19,9,2018,"Haywood",35.379167,-82.7925,NA,48
"3056","Frying Pan Mountain",2018-09-20,9,2018,"Haywood",35.379167,-82.7925,33,44
"3057","Frying Pan Mountain",2018-09-21,9,2018,"Haywood",35.379167,-82.7925,NA,43
"3058","Frying Pan Mountain",2018-09-22,9,2018,"Haywood",35.379167,-82.7925,NA,44
"3059","Frying Pan Mountain",2018-09-23,9,2018,"Haywood",35.379167,-82.7925,27,37
"3060","Frying Pan Mountain",2018-09-24,9,2018,"Haywood",35.379167,-82.7925,NA,27
"3061","Frying Pan Mountain",2018-09-25,9,2018,"Haywood",35.379167,-82.7925,NA,28
"3062","Frying Pan Mountain",2018-09-26,9,2018,"Haywood",35.379167,-82.7925,6,31
"3063","Frying Pan Mountain",2018-09-27,9,2018,"Haywood",35.379167,-82.7925,NA,25
"3064","Frying Pan Mountain",2018-09-28,9,2018,"Haywood",35.379167,-82.7925,NA,32
"3065","Frying Pan Mountain",2018-09-29,9,2018,"Haywood",35.379167,-82.7925,12,31
"3066","Frying Pan Mountain",2018-09-30,9,2018,"Haywood",35.379167,-82.7925,NA,32
"3067","Frying Pan Mountain",2018-10-01,10,2018,"Haywood",35.379167,-82.7925,NA,41
"3068","Frying Pan Mountain",2018-10-02,10,2018,"Haywood",35.379167,-82.7925,23,35
"3069","Frying Pan Mountain",2018-10-03,10,2018,"Haywood",35.379167,-82.7925,NA,32
"3070","Frying Pan Mountain",2018-10-04,10,2018,"Haywood",35.379167,-82.7925,NA,39
"3071","Frying Pan Mountain",2018-10-05,10,2018,"Haywood",35.379167,-82.7925,23,40
"3072","Frying Pan Mountain",2018-10-06,10,2018,"Haywood",35.379167,-82.7925,NA,43
"3073","Frying Pan Mountain",2018-10-07,10,2018,"Haywood",35.379167,-82.7925,NA,42
"3074","Frying Pan Mountain",2018-10-08,10,2018,"Haywood",35.379167,-82.7925,10,32
"3075","Frying Pan Mountain",2018-10-09,10,2018,"Haywood",35.379167,-82.7925,NA,32
"3076","Frying Pan Mountain",2018-10-10,10,2018,"Haywood",35.379167,-82.7925,NA,20
"3077","Frying Pan Mountain",2018-10-11,10,2018,"Haywood",35.379167,-82.7925,2,35
"3078","Frying Pan Mountain",2018-10-12,10,2018,"Haywood",35.379167,-82.7925,NA,44
"3079","Frying Pan Mountain",2018-10-13,10,2018,"Haywood",35.379167,-82.7925,NA,33
"3080","Frying Pan Mountain",2018-10-14,10,2018,"Haywood",35.379167,-82.7925,14,37
"3081","Frying Pan Mountain",2018-10-15,10,2018,"Haywood",35.379167,-82.7925,NA,39
"3082","Frying Pan Mountain",2018-10-16,10,2018,"Haywood",35.379167,-82.7925,NA,32
"3083","Frying Pan Mountain",2018-10-17,10,2018,"Haywood",35.379167,-82.7925,3,41
"3084","Frying Pan Mountain",2018-10-19,10,2018,"Haywood",35.379167,-82.7925,NA,41
"3085","Frying Pan Mountain",2018-10-20,10,2018,"Haywood",35.379167,-82.7925,7,38
"3086","Frying Pan Mountain",2018-10-21,10,2018,"Haywood",35.379167,-82.7925,NA,42
"3087","Frying Pan Mountain",2018-10-22,10,2018,"Haywood",35.379167,-82.7925,NA,44
"3088","Frying Pan Mountain",2018-10-23,10,2018,"Haywood",35.379167,-82.7925,8,45
"3089","Frying Pan Mountain",2018-10-24,10,2018,"Haywood",35.379167,-82.7925,NA,46
"3090","Frying Pan Mountain",2018-10-25,10,2018,"Haywood",35.379167,-82.7925,NA,40
"3091","Frying Pan Mountain",2018-10-26,10,2018,"Haywood",35.379167,-82.7925,1,38
"3092","Frying Pan Mountain",2018-10-27,10,2018,"Haywood",35.379167,-82.7925,NA,37
"3093","Frying Pan Mountain",2018-10-28,10,2018,"Haywood",35.379167,-82.7925,NA,42
"3094","Frying Pan Mountain",2018-10-29,10,2018,"Haywood",35.379167,-82.7925,7,45
"3095","Frying Pan Mountain",2018-10-30,10,2018,"Haywood",35.379167,-82.7925,NA,47
"3096","Frying Pan Mountain",2018-10-31,10,2018,"Haywood",35.379167,-82.7925,NA,45
"3097","Frying Pan Mountain",2018-11-01,11,2018,"Haywood",35.379167,-82.7925,6,NA
"3098","Frying Pan Mountain",2018-11-04,11,2018,"Haywood",35.379167,-82.7925,10,NA
"3099","Frying Pan Mountain",2018-11-07,11,2018,"Haywood",35.379167,-82.7925,7,NA
"3100","Frying Pan Mountain",2018-11-10,11,2018,"Haywood",35.379167,-82.7925,8,NA
"3101","Frying Pan Mountain",2018-11-13,11,2018,"Haywood",35.379167,-82.7925,1,NA
"3102","Frying Pan Mountain",2018-11-16,11,2018,"Haywood",35.379167,-82.7925,5,NA
"3103","Frying Pan Mountain",2018-11-19,11,2018,"Haywood",35.379167,-82.7925,12,NA
"3104","Frying Pan Mountain",2018-11-22,11,2018,"Haywood",35.379167,-82.7925,9,NA
"3105","Frying Pan Mountain",2018-11-25,11,2018,"Haywood",35.379167,-82.7925,7,NA
"3106","Frying Pan Mountain",2018-11-28,11,2018,"Haywood",35.379167,-82.7925,8,NA
"3107","Frying Pan Mountain",2018-12-01,12,2018,"Haywood",35.379167,-82.7925,5,NA
"3108","Frying Pan Mountain",2018-12-04,12,2018,"Haywood",35.379167,-82.7925,5,NA
"3109","Frying Pan Mountain",2018-12-07,12,2018,"Haywood",35.379167,-82.7925,11,NA
"3110","Frying Pan Mountain",2018-12-10,12,2018,"Haywood",35.379167,-82.7925,2,NA
"3111","Frying Pan Mountain",2018-12-22,12,2018,"Haywood",35.379167,-82.7925,2,NA
"3112","Frying Pan Mountain",2018-12-25,12,2018,"Haywood",35.379167,-82.7925,8,NA
"3113","Frying Pan Mountain",2019-01-01,1,2019,"Haywood",35.379167,-82.7925,NA,47
"3114","Frying Pan Mountain",2019-01-02,1,2019,"Haywood",35.379167,-82.7925,NA,44
"3115","Frying Pan Mountain",2019-01-03,1,2019,"Haywood",35.379167,-82.7925,NA,36
"3116","Frying Pan Mountain",2019-01-04,1,2019,"Haywood",35.379167,-82.7925,NA,34
"3117","Frying Pan Mountain",2019-01-05,1,2019,"Haywood",35.379167,-82.7925,NA,39
"3118","Frying Pan Mountain",2019-01-06,1,2019,"Haywood",35.379167,-82.7925,NA,40
"3119","Frying Pan Mountain",2019-01-07,1,2019,"Haywood",35.379167,-82.7925,NA,37
"3120","Frying Pan Mountain",2019-01-08,1,2019,"Haywood",35.379167,-82.7925,NA,42
"3121","Frying Pan Mountain",2019-01-09,1,2019,"Haywood",35.379167,-82.7925,NA,38
"3122","Frying Pan Mountain",2019-01-10,1,2019,"Haywood",35.379167,-82.7925,NA,45
"3123","Frying Pan Mountain",2019-01-11,1,2019,"Haywood",35.379167,-82.7925,NA,51
"3124","Frying Pan Mountain",2019-01-12,1,2019,"Haywood",35.379167,-82.7925,13,37
"3125","Frying Pan Mountain",2019-01-13,1,2019,"Haywood",35.379167,-82.7925,NA,36
"3126","Frying Pan Mountain",2019-01-14,1,2019,"Haywood",35.379167,-82.7925,NA,28
"3127","Frying Pan Mountain",2019-01-15,1,2019,"Haywood",35.379167,-82.7925,4,44
"3128","Frying Pan Mountain",2019-01-16,1,2019,"Haywood",35.379167,-82.7925,NA,44
"3129","Frying Pan Mountain",2019-01-17,1,2019,"Haywood",35.379167,-82.7925,NA,40
"3130","Frying Pan Mountain",2019-01-18,1,2019,"Haywood",35.379167,-82.7925,4,31
"3131","Frying Pan Mountain",2019-01-19,1,2019,"Haywood",35.379167,-82.7925,NA,36
"3132","Frying Pan Mountain",2019-01-20,1,2019,"Haywood",35.379167,-82.7925,NA,40
"3133","Frying Pan Mountain",2019-01-21,1,2019,"Haywood",35.379167,-82.7925,4,44
"3134","Frying Pan Mountain",2019-01-23,1,2019,"Haywood",35.379167,-82.7925,NA,37
"3135","Frying Pan Mountain",2019-01-24,1,2019,"Haywood",35.379167,-82.7925,4,35
"3136","Frying Pan Mountain",2019-01-25,1,2019,"Haywood",35.379167,-82.7925,NA,44
"3137","Frying Pan Mountain",2019-01-26,1,2019,"Haywood",35.379167,-82.7925,NA,43
"3138","Frying Pan Mountain",2019-01-27,1,2019,"Haywood",35.379167,-82.7925,9,43
"3139","Frying Pan Mountain",2019-01-28,1,2019,"Haywood",35.379167,-82.7925,NA,43
"3140","Frying Pan Mountain",2019-01-29,1,2019,"Haywood",35.379167,-82.7925,NA,42
"3141","Frying Pan Mountain",2019-01-30,1,2019,"Haywood",35.379167,-82.7925,5,43
"3142","Frying Pan Mountain",2019-01-31,1,2019,"Haywood",35.379167,-82.7925,NA,43
"3143","Frying Pan Mountain",2019-02-01,2,2019,"Haywood",35.379167,-82.7925,NA,44
"3144","Frying Pan Mountain",2019-02-02,2,2019,"Haywood",35.379167,-82.7925,9,47
"3145","Frying Pan Mountain",2019-02-03,2,2019,"Haywood",35.379167,-82.7925,NA,46
"3146","Frying Pan Mountain",2019-02-04,2,2019,"Haywood",35.379167,-82.7925,NA,44
"3147","Frying Pan Mountain",2019-02-05,2,2019,"Haywood",35.379167,-82.7925,17,37
"3148","Frying Pan Mountain",2019-02-06,2,2019,"Haywood",35.379167,-82.7925,NA,36
"3149","Frying Pan Mountain",2019-02-07,2,2019,"Haywood",35.379167,-82.7925,NA,34
"3150","Frying Pan Mountain",2019-02-08,2,2019,"Haywood",35.379167,-82.7925,7,44
"3151","Frying Pan Mountain",2019-02-09,2,2019,"Haywood",35.379167,-82.7925,NA,46
"3152","Frying Pan Mountain",2019-02-10,2,2019,"Haywood",35.379167,-82.7925,NA,44
"3153","Frying Pan Mountain",2019-02-11,2,2019,"Haywood",35.379167,-82.7925,3,34
"3154","Frying Pan Mountain",2019-02-12,2,2019,"Haywood",35.379167,-82.7925,NA,45
"3155","Frying Pan Mountain",2019-02-13,2,2019,"Haywood",35.379167,-82.7925,NA,46
"3156","Frying Pan Mountain",2019-02-14,2,2019,"Haywood",35.379167,-82.7925,5,NA
"3157","Frying Pan Mountain",2019-02-17,2,2019,"Haywood",35.379167,-82.7925,3,NA
"3158","Frying Pan Mountain",2019-02-20,2,2019,"Haywood",35.379167,-82.7925,0,40
"3159","Frying Pan Mountain",2019-02-21,2,2019,"Haywood",35.379167,-82.7925,NA,30
"3160","Frying Pan Mountain",2019-02-22,2,2019,"Haywood",35.379167,-82.7925,NA,41
"3161","Frying Pan Mountain",2019-02-23,2,2019,"Haywood",35.379167,-82.7925,4,34
"3162","Frying Pan Mountain",2019-02-25,2,2019,"Haywood",35.379167,-82.7925,NA,44
"3163","Frying Pan Mountain",2019-02-26,2,2019,"Haywood",35.379167,-82.7925,11,45
"3164","Frying Pan Mountain",2019-02-27,2,2019,"Haywood",35.379167,-82.7925,NA,44
"3165","Frying Pan Mountain",2019-02-28,2,2019,"Haywood",35.379167,-82.7925,NA,44
"3166","Frying Pan Mountain",2019-03-01,3,2019,"Haywood",35.379167,-82.7925,NA,39
"3167","Frying Pan Mountain",2019-03-02,3,2019,"Haywood",35.379167,-82.7925,NA,41
"3168","Frying Pan Mountain",2019-03-03,3,2019,"Haywood",35.379167,-82.7925,NA,34
"3169","Frying Pan Mountain",2019-03-04,3,2019,"Haywood",35.379167,-82.7925,NA,38
"3170","Frying Pan Mountain",2019-03-05,3,2019,"Haywood",35.379167,-82.7925,NA,42
"3171","Frying Pan Mountain",2019-03-06,3,2019,"Haywood",35.379167,-82.7925,NA,46
"3172","Frying Pan Mountain",2019-03-07,3,2019,"Haywood",35.379167,-82.7925,NA,47
"3173","Frying Pan Mountain",2019-03-08,3,2019,"Haywood",35.379167,-82.7925,NA,44
"3174","Frying Pan Mountain",2019-03-09,3,2019,"Haywood",35.379167,-82.7925,NA,34
"3175","Frying Pan Mountain",2019-03-10,3,2019,"Haywood",35.379167,-82.7925,NA,48
"3176","Frying Pan Mountain",2019-03-11,3,2019,"Haywood",35.379167,-82.7925,NA,45
"3177","Frying Pan Mountain",2019-03-12,3,2019,"Haywood",35.379167,-82.7925,NA,48
"3178","Frying Pan Mountain",2019-03-13,3,2019,"Haywood",35.379167,-82.7925,NA,54
"3179","Frying Pan Mountain",2019-03-14,3,2019,"Haywood",35.379167,-82.7925,NA,41
"3180","Frying Pan Mountain",2019-03-15,3,2019,"Haywood",35.379167,-82.7925,NA,47
"3181","Frying Pan Mountain",2019-03-16,3,2019,"Haywood",35.379167,-82.7925,NA,47
"3182","Frying Pan Mountain",2019-03-17,3,2019,"Haywood",35.379167,-82.7925,NA,48
"3183","Frying Pan Mountain",2019-03-18,3,2019,"Haywood",35.379167,-82.7925,NA,48
"3184","Frying Pan Mountain",2019-03-19,3,2019,"Haywood",35.379167,-82.7925,NA,51
"3185","Frying Pan Mountain",2019-03-20,3,2019,"Haywood",35.379167,-82.7925,NA,71
"3186","Frying Pan Mountain",2019-03-21,3,2019,"Haywood",35.379167,-82.7925,NA,74
"3187","Frying Pan Mountain",2019-03-22,3,2019,"Haywood",35.379167,-82.7925,NA,49
"3188","Frying Pan Mountain",2019-03-23,3,2019,"Haywood",35.379167,-82.7925,NA,71
"3189","Frying Pan Mountain",2019-03-24,3,2019,"Haywood",35.379167,-82.7925,NA,87
"3190","Frying Pan Mountain",2019-03-25,3,2019,"Haywood",35.379167,-82.7925,NA,50
"3191","Frying Pan Mountain",2019-03-26,3,2019,"Haywood",35.379167,-82.7925,NA,43
"3192","Frying Pan Mountain",2019-03-27,3,2019,"Haywood",35.379167,-82.7925,NA,49
"3193","Frying Pan Mountain",2019-03-28,3,2019,"Haywood",35.379167,-82.7925,NA,61
"3194","Frying Pan Mountain",2019-03-29,3,2019,"Haywood",35.379167,-82.7925,NA,64
"3195","Frying Pan Mountain",2019-03-30,3,2019,"Haywood",35.379167,-82.7925,NA,51
"3196","Frying Pan Mountain",2019-03-31,3,2019,"Haywood",35.379167,-82.7925,NA,45
"3197","Frying Pan Mountain",2019-04-01,4,2019,"Haywood",35.379167,-82.7925,NA,50
"3198","Frying Pan Mountain",2019-04-02,4,2019,"Haywood",35.379167,-82.7925,NA,61
"3199","Frying Pan Mountain",2019-04-03,4,2019,"Haywood",35.379167,-82.7925,NA,67
"3200","Frying Pan Mountain",2019-04-04,4,2019,"Haywood",35.379167,-82.7925,NA,67
"3201","Frying Pan Mountain",2019-04-05,4,2019,"Haywood",35.379167,-82.7925,NA,44
"3202","Frying Pan Mountain",2019-04-06,4,2019,"Haywood",35.379167,-82.7925,NA,43
"3203","Frying Pan Mountain",2019-04-07,4,2019,"Haywood",35.379167,-82.7925,NA,43
"3204","Frying Pan Mountain",2019-04-08,4,2019,"Haywood",35.379167,-82.7925,NA,40
"3205","Frying Pan Mountain",2019-04-09,4,2019,"Haywood",35.379167,-82.7925,NA,47
"3206","Frying Pan Mountain",2019-04-10,4,2019,"Haywood",35.379167,-82.7925,NA,54
"3207","Frying Pan Mountain",2019-04-11,4,2019,"Haywood",35.379167,-82.7925,NA,58
"3208","Frying Pan Mountain",2019-04-12,4,2019,"Haywood",35.379167,-82.7925,NA,48
"3209","Frying Pan Mountain",2019-04-13,4,2019,"Haywood",35.379167,-82.7925,NA,43
"3210","Frying Pan Mountain",2019-04-14,4,2019,"Haywood",35.379167,-82.7925,NA,45
"3211","Frying Pan Mountain",2019-04-15,4,2019,"Haywood",35.379167,-82.7925,NA,64
"3212","Frying Pan Mountain",2019-04-16,4,2019,"Haywood",35.379167,-82.7925,NA,64
"3213","Frying Pan Mountain",2019-04-17,4,2019,"Haywood",35.379167,-82.7925,NA,93
"3214","Frying Pan Mountain",2019-04-18,4,2019,"Haywood",35.379167,-82.7925,NA,48
"3215","Frying Pan Mountain",2019-04-19,4,2019,"Haywood",35.379167,-82.7925,NA,43
"3216","Frying Pan Mountain",2019-04-20,4,2019,"Haywood",35.379167,-82.7925,NA,34
"3217","Frying Pan Mountain",2019-04-21,4,2019,"Haywood",35.379167,-82.7925,NA,49
"3218","Frying Pan Mountain",2019-04-22,4,2019,"Haywood",35.379167,-82.7925,NA,49
"3219","Frying Pan Mountain",2019-04-23,4,2019,"Haywood",35.379167,-82.7925,NA,48
"3220","Frying Pan Mountain",2019-04-24,4,2019,"Haywood",35.379167,-82.7925,NA,49
"3221","Frying Pan Mountain",2019-04-25,4,2019,"Haywood",35.379167,-82.7925,NA,49
"3222","Frying Pan Mountain",2019-04-26,4,2019,"Haywood",35.379167,-82.7925,NA,61
"3223","Frying Pan Mountain",2019-04-27,4,2019,"Haywood",35.379167,-82.7925,NA,64
"3224","Frying Pan Mountain",2019-04-28,4,2019,"Haywood",35.379167,-82.7925,NA,64
"3225","Frying Pan Mountain",2019-04-29,4,2019,"Haywood",35.379167,-82.7925,NA,51
"3226","Frying Pan Mountain",2019-04-30,4,2019,"Haywood",35.379167,-82.7925,NA,50
"3227","Frying Pan Mountain",2019-05-01,5,2019,"Haywood",35.379167,-82.7925,NA,34
"3228","Frying Pan Mountain",2019-05-02,5,2019,"Haywood",35.379167,-82.7925,NA,41
"3229","Frying Pan Mountain",2019-05-03,5,2019,"Haywood",35.379167,-82.7925,NA,47
"3230","Frying Pan Mountain",2019-05-04,5,2019,"Haywood",35.379167,-82.7925,NA,42
"3231","Frying Pan Mountain",2019-05-05,5,2019,"Haywood",35.379167,-82.7925,NA,41
"3232","Frying Pan Mountain",2019-05-06,5,2019,"Haywood",35.379167,-82.7925,NA,39
"3233","Frying Pan Mountain",2019-05-07,5,2019,"Haywood",35.379167,-82.7925,NA,47
"3234","Frying Pan Mountain",2019-05-08,5,2019,"Haywood",35.379167,-82.7925,NA,43
"3235","Frying Pan Mountain",2019-05-09,5,2019,"Haywood",35.379167,-82.7925,NA,44
"3236","Frying Pan Mountain",2019-05-10,5,2019,"Haywood",35.379167,-82.7925,NA,41
"3237","Frying Pan Mountain",2019-05-11,5,2019,"Haywood",35.379167,-82.7925,NA,39
"3238","Frying Pan Mountain",2019-05-12,5,2019,"Haywood",35.379167,-82.7925,NA,39
"3239","Frying Pan Mountain",2019-05-13,5,2019,"Haywood",35.379167,-82.7925,NA,40
"3240","Frying Pan Mountain",2019-05-14,5,2019,"Haywood",35.379167,-82.7925,NA,49
"3241","Frying Pan Mountain",2019-05-15,5,2019,"Haywood",35.379167,-82.7925,NA,51
"3242","Frying Pan Mountain",2019-05-16,5,2019,"Haywood",35.379167,-82.7925,NA,54
"3243","Frying Pan Mountain",2019-05-17,5,2019,"Haywood",35.379167,-82.7925,NA,58
"3244","Frying Pan Mountain",2019-05-18,5,2019,"Haywood",35.379167,-82.7925,NA,54
"3245","Frying Pan Mountain",2019-05-19,5,2019,"Haywood",35.379167,-82.7925,NA,49
"3246","Frying Pan Mountain",2019-05-20,5,2019,"Haywood",35.379167,-82.7925,NA,48
"3247","Frying Pan Mountain",2019-05-21,5,2019,"Haywood",35.379167,-82.7925,NA,67
"3248","Frying Pan Mountain",2019-05-22,5,2019,"Haywood",35.379167,-82.7925,NA,40
"3249","Frying Pan Mountain",2019-05-23,5,2019,"Haywood",35.379167,-82.7925,NA,43
"3250","Frying Pan Mountain",2019-05-24,5,2019,"Haywood",35.379167,-82.7925,NA,47
"3251","Frying Pan Mountain",2019-05-25,5,2019,"Haywood",35.379167,-82.7925,NA,43
"3252","Frying Pan Mountain",2019-05-26,5,2019,"Haywood",35.379167,-82.7925,NA,46
"3253","Frying Pan Mountain",2019-05-27,5,2019,"Haywood",35.379167,-82.7925,NA,44
"3254","Frying Pan Mountain",2019-05-28,5,2019,"Haywood",35.379167,-82.7925,NA,41
"3255","Frying Pan Mountain",2019-05-29,5,2019,"Haywood",35.379167,-82.7925,NA,46
"3256","Frying Pan Mountain",2019-05-30,5,2019,"Haywood",35.379167,-82.7925,NA,44
"3257","Frying Pan Mountain",2019-05-31,5,2019,"Haywood",35.379167,-82.7925,NA,50
"3258","Frying Pan Mountain",2019-06-01,6,2019,"Haywood",35.379167,-82.7925,NA,64
"3259","Frying Pan Mountain",2019-06-02,6,2019,"Haywood",35.379167,-82.7925,NA,54
"3260","Frying Pan Mountain",2019-06-03,6,2019,"Haywood",35.379167,-82.7925,NA,51
"3261","Frying Pan Mountain",2019-06-04,6,2019,"Haywood",35.379167,-82.7925,NA,61
"3262","Frying Pan Mountain",2019-06-05,6,2019,"Haywood",35.379167,-82.7925,NA,51
"3263","Frying Pan Mountain",2019-06-06,6,2019,"Haywood",35.379167,-82.7925,NA,36
"3264","Frying Pan Mountain",2019-06-07,6,2019,"Haywood",35.379167,-82.7925,NA,36
"3265","Frying Pan Mountain",2019-06-08,6,2019,"Haywood",35.379167,-82.7925,NA,42
"3266","Frying Pan Mountain",2019-06-09,6,2019,"Haywood",35.379167,-82.7925,NA,34
"3267","Frying Pan Mountain",2019-06-10,6,2019,"Haywood",35.379167,-82.7925,NA,39
"3268","Frying Pan Mountain",2019-06-11,6,2019,"Haywood",35.379167,-82.7925,NA,44
"3269","Frying Pan Mountain",2019-06-12,6,2019,"Haywood",35.379167,-82.7925,NA,43
"3270","Frying Pan Mountain",2019-06-13,6,2019,"Haywood",35.379167,-82.7925,NA,45
"3271","Frying Pan Mountain",2019-06-14,6,2019,"Haywood",35.379167,-82.7925,NA,46
"3272","Frying Pan Mountain",2019-06-15,6,2019,"Haywood",35.379167,-82.7925,NA,47
"3273","Frying Pan Mountain",2019-06-16,6,2019,"Haywood",35.379167,-82.7925,NA,40
"3274","Frying Pan Mountain",2019-06-17,6,2019,"Haywood",35.379167,-82.7925,NA,36
"3275","Frying Pan Mountain",2019-06-18,6,2019,"Haywood",35.379167,-82.7925,NA,30
"3276","Frying Pan Mountain",2019-06-19,6,2019,"Haywood",35.379167,-82.7925,NA,45
"3277","Frying Pan Mountain",2019-06-20,6,2019,"Haywood",35.379167,-82.7925,NA,48
"3278","Frying Pan Mountain",2019-06-21,6,2019,"Haywood",35.379167,-82.7925,NA,47
"3279","Frying Pan Mountain",2019-06-22,6,2019,"Haywood",35.379167,-82.7925,NA,39
"3280","Frying Pan Mountain",2019-06-23,6,2019,"Haywood",35.379167,-82.7925,NA,34
"3281","Frying Pan Mountain",2019-06-24,6,2019,"Haywood",35.379167,-82.7925,NA,44
"3282","Frying Pan Mountain",2019-06-25,6,2019,"Haywood",35.379167,-82.7925,NA,45
"3283","Frying Pan Mountain",2019-06-26,6,2019,"Haywood",35.379167,-82.7925,NA,47
"3284","Frying Pan Mountain",2019-06-27,6,2019,"Haywood",35.379167,-82.7925,NA,51
"3285","Frying Pan Mountain",2019-06-28,6,2019,"Haywood",35.379167,-82.7925,NA,51
"3286","Frying Pan Mountain",2019-06-29,6,2019,"Haywood",35.379167,-82.7925,NA,50
"3287","Frying Pan Mountain",2019-06-30,6,2019,"Haywood",35.379167,-82.7925,NA,47
"3288","Frying Pan Mountain",2019-07-01,7,2019,"Haywood",35.379167,-82.7925,NA,51
"3289","Frying Pan Mountain",2019-07-02,7,2019,"Haywood",35.379167,-82.7925,NA,46
"3290","Frying Pan Mountain",2019-07-03,7,2019,"Haywood",35.379167,-82.7925,NA,44
"3291","Frying Pan Mountain",2019-07-04,7,2019,"Haywood",35.379167,-82.7925,NA,42
"3292","Frying Pan Mountain",2019-07-05,7,2019,"Haywood",35.379167,-82.7925,NA,33
"3293","Frying Pan Mountain",2019-07-06,7,2019,"Haywood",35.379167,-82.7925,NA,31
"3294","Frying Pan Mountain",2019-07-07,7,2019,"Haywood",35.379167,-82.7925,NA,37
"3295","Frying Pan Mountain",2019-07-08,7,2019,"Haywood",35.379167,-82.7925,NA,43
"3296","Frying Pan Mountain",2019-07-09,7,2019,"Haywood",35.379167,-82.7925,NA,35
"3297","Frying Pan Mountain",2019-07-10,7,2019,"Haywood",35.379167,-82.7925,NA,38
"3298","Frying Pan Mountain",2019-07-11,7,2019,"Haywood",35.379167,-82.7925,NA,37
"3299","Frying Pan Mountain",2019-07-12,7,2019,"Haywood",35.379167,-82.7925,NA,39
"3300","Frying Pan Mountain",2019-07-13,7,2019,"Haywood",35.379167,-82.7925,NA,30
"3301","Frying Pan Mountain",2019-07-14,7,2019,"Haywood",35.379167,-82.7925,NA,32
"3302","Frying Pan Mountain",2019-07-15,7,2019,"Haywood",35.379167,-82.7925,NA,29
"3303","Frying Pan Mountain",2019-07-16,7,2019,"Haywood",35.379167,-82.7925,NA,31
"3304","Frying Pan Mountain",2019-07-17,7,2019,"Haywood",35.379167,-82.7925,NA,29
"3305","Frying Pan Mountain",2019-07-18,7,2019,"Haywood",35.379167,-82.7925,NA,39
"3306","Frying Pan Mountain",2019-07-19,7,2019,"Haywood",35.379167,-82.7925,NA,34
"3307","Frying Pan Mountain",2019-07-20,7,2019,"Haywood",35.379167,-82.7925,NA,43
"3308","Frying Pan Mountain",2019-07-21,7,2019,"Haywood",35.379167,-82.7925,NA,32
"3309","Frying Pan Mountain",2019-07-22,7,2019,"Haywood",35.379167,-82.7925,NA,31
"3310","Frying Pan Mountain",2019-07-23,7,2019,"Haywood",35.379167,-82.7925,NA,31
"3311","Frying Pan Mountain",2019-07-24,7,2019,"Haywood",35.379167,-82.7925,NA,44
"3312","Frying Pan Mountain",2019-07-25,7,2019,"Haywood",35.379167,-82.7925,NA,45
"3313","Frying Pan Mountain",2019-07-26,7,2019,"Haywood",35.379167,-82.7925,NA,54
"3314","Frying Pan Mountain",2019-07-27,7,2019,"Haywood",35.379167,-82.7925,NA,84
"3315","Frying Pan Mountain",2019-07-28,7,2019,"Haywood",35.379167,-82.7925,NA,50
"3316","Frying Pan Mountain",2019-07-29,7,2019,"Haywood",35.379167,-82.7925,NA,54
"3317","Frying Pan Mountain",2019-07-30,7,2019,"Haywood",35.379167,-82.7925,NA,47
"3318","Frying Pan Mountain",2019-07-31,7,2019,"Haywood",35.379167,-82.7925,NA,44
"3319","Frying Pan Mountain",2019-08-01,8,2019,"Haywood",35.379167,-82.7925,NA,44
"3320","Frying Pan Mountain",2019-08-02,8,2019,"Haywood",35.379167,-82.7925,NA,42
"3321","Frying Pan Mountain",2019-08-03,8,2019,"Haywood",35.379167,-82.7925,NA,43
"3322","Frying Pan Mountain",2019-08-04,8,2019,"Haywood",35.379167,-82.7925,NA,47
"3323","Frying Pan Mountain",2019-08-05,8,2019,"Haywood",35.379167,-82.7925,NA,46
"3324","Frying Pan Mountain",2019-08-06,8,2019,"Haywood",35.379167,-82.7925,NA,45
"3325","Frying Pan Mountain",2019-08-07,8,2019,"Haywood",35.379167,-82.7925,NA,44
"3326","Frying Pan Mountain",2019-08-08,8,2019,"Haywood",35.379167,-82.7925,NA,50
"3327","Frying Pan Mountain",2019-08-09,8,2019,"Haywood",35.379167,-82.7925,NA,46
"3328","Frying Pan Mountain",2019-08-10,8,2019,"Haywood",35.379167,-82.7925,NA,41
"3329","Frying Pan Mountain",2019-08-11,8,2019,"Haywood",35.379167,-82.7925,NA,31
"3330","Frying Pan Mountain",2019-08-12,8,2019,"Haywood",35.379167,-82.7925,NA,41
"3331","Frying Pan Mountain",2019-08-13,8,2019,"Haywood",35.379167,-82.7925,NA,45
"3332","Frying Pan Mountain",2019-08-14,8,2019,"Haywood",35.379167,-82.7925,NA,42
"3333","Frying Pan Mountain",2019-08-15,8,2019,"Haywood",35.379167,-82.7925,NA,51
"3334","Frying Pan Mountain",2019-08-16,8,2019,"Haywood",35.379167,-82.7925,NA,47
"3335","Frying Pan Mountain",2019-08-17,8,2019,"Haywood",35.379167,-82.7925,NA,44
"3336","Frying Pan Mountain",2019-08-18,8,2019,"Haywood",35.379167,-82.7925,NA,50
"3337","Frying Pan Mountain",2019-08-19,8,2019,"Haywood",35.379167,-82.7925,NA,47
"3338","Frying Pan Mountain",2019-08-20,8,2019,"Haywood",35.379167,-82.7925,NA,44
"3339","Frying Pan Mountain",2019-08-21,8,2019,"Haywood",35.379167,-82.7925,NA,44
"3340","Frying Pan Mountain",2019-08-22,8,2019,"Haywood",35.379167,-82.7925,NA,36
"3341","Frying Pan Mountain",2019-08-23,8,2019,"Haywood",35.379167,-82.7925,NA,30
"3342","Frying Pan Mountain",2019-08-24,8,2019,"Haywood",35.379167,-82.7925,NA,31
"3343","Frying Pan Mountain",2019-08-25,8,2019,"Haywood",35.379167,-82.7925,NA,30
"3344","Frying Pan Mountain",2019-08-26,8,2019,"Haywood",35.379167,-82.7925,NA,29
"3345","Frying Pan Mountain",2019-08-27,8,2019,"Haywood",35.379167,-82.7925,NA,31
"3346","Frying Pan Mountain",2019-08-28,8,2019,"Haywood",35.379167,-82.7925,NA,41
"3347","Frying Pan Mountain",2019-08-29,8,2019,"Haywood",35.379167,-82.7925,NA,45
"3348","Frying Pan Mountain",2019-08-30,8,2019,"Haywood",35.379167,-82.7925,NA,64
"3349","Frying Pan Mountain",2019-08-31,8,2019,"Haywood",35.379167,-82.7925,NA,67
"3350","Frying Pan Mountain",2019-09-01,9,2019,"Haywood",35.379167,-82.7925,NA,43
"3351","Frying Pan Mountain",2019-09-02,9,2019,"Haywood",35.379167,-82.7925,NA,44
"3352","Frying Pan Mountain",2019-09-03,9,2019,"Haywood",35.379167,-82.7925,NA,44
"3353","Frying Pan Mountain",2019-09-04,9,2019,"Haywood",35.379167,-82.7925,NA,44
"3354","Frying Pan Mountain",2019-09-05,9,2019,"Haywood",35.379167,-82.7925,NA,44
"3355","Frying Pan Mountain",2019-09-06,9,2019,"Haywood",35.379167,-82.7925,NA,51
"3356","Frying Pan Mountain",2019-09-07,9,2019,"Haywood",35.379167,-82.7925,NA,48
"3357","Frying Pan Mountain",2019-09-08,9,2019,"Haywood",35.379167,-82.7925,NA,44
"3358","Frying Pan Mountain",2019-09-09,9,2019,"Haywood",35.379167,-82.7925,NA,67
"3359","Frying Pan Mountain",2019-09-10,9,2019,"Haywood",35.379167,-82.7925,NA,47
"3360","Frying Pan Mountain",2019-09-11,9,2019,"Haywood",35.379167,-82.7925,NA,71
"3361","Frying Pan Mountain",2019-09-12,9,2019,"Haywood",35.379167,-82.7925,NA,58
"3362","Frying Pan Mountain",2019-09-13,9,2019,"Haywood",35.379167,-82.7925,NA,45
"3363","Frying Pan Mountain",2019-09-14,9,2019,"Haywood",35.379167,-82.7925,NA,48
"3364","Frying Pan Mountain",2019-09-15,9,2019,"Haywood",35.379167,-82.7925,NA,47
"3365","Frying Pan Mountain",2019-09-16,9,2019,"Haywood",35.379167,-82.7925,NA,64
"3366","Frying Pan Mountain",2019-09-17,9,2019,"Haywood",35.379167,-82.7925,NA,50
"3367","Frying Pan Mountain",2019-09-18,9,2019,"Haywood",35.379167,-82.7925,NA,36
"3368","Frying Pan Mountain",2019-09-19,9,2019,"Haywood",35.379167,-82.7925,NA,42
"3369","Frying Pan Mountain",2019-09-20,9,2019,"Haywood",35.379167,-82.7925,NA,49
"3370","Frying Pan Mountain",2019-09-21,9,2019,"Haywood",35.379167,-82.7925,NA,49
"3371","Frying Pan Mountain",2019-09-22,9,2019,"Haywood",35.379167,-82.7925,NA,44
"3372","Frying Pan Mountain",2019-09-23,9,2019,"Haywood",35.379167,-82.7925,NA,39
"3373","Frying Pan Mountain",2019-09-24,9,2019,"Haywood",35.379167,-82.7925,NA,46
"3374","Frying Pan Mountain",2019-09-25,9,2019,"Haywood",35.379167,-82.7925,NA,51
"3375","Frying Pan Mountain",2019-09-26,9,2019,"Haywood",35.379167,-82.7925,NA,40
"3376","Frying Pan Mountain",2019-09-27,9,2019,"Haywood",35.379167,-82.7925,NA,42
"3377","Frying Pan Mountain",2019-09-29,9,2019,"Haywood",35.379167,-82.7925,NA,43
"3378","Frying Pan Mountain",2019-09-30,9,2019,"Haywood",35.379167,-82.7925,NA,46
"3379","Frying Pan Mountain",2019-10-01,10,2019,"Haywood",35.379167,-82.7925,NA,50
"3380","Frying Pan Mountain",2019-10-02,10,2019,"Haywood",35.379167,-82.7925,NA,71
"3381","Frying Pan Mountain",2019-10-03,10,2019,"Haywood",35.379167,-82.7925,NA,67
"3382","Frying Pan Mountain",2019-10-04,10,2019,"Haywood",35.379167,-82.7925,NA,58
"3383","Frying Pan Mountain",2019-10-05,10,2019,"Haywood",35.379167,-82.7925,NA,40
"3384","Frying Pan Mountain",2019-10-06,10,2019,"Haywood",35.379167,-82.7925,NA,34
"3385","Frying Pan Mountain",2019-10-07,10,2019,"Haywood",35.379167,-82.7925,NA,35
"3386","Frying Pan Mountain",2019-10-08,10,2019,"Haywood",35.379167,-82.7925,NA,36
"3387","Frying Pan Mountain",2019-10-09,10,2019,"Haywood",35.379167,-82.7925,NA,31
"3388","Frying Pan Mountain",2019-10-10,10,2019,"Haywood",35.379167,-82.7925,NA,41
"3389","Frying Pan Mountain",2019-10-11,10,2019,"Haywood",35.379167,-82.7925,NA,43
"3390","Frying Pan Mountain",2019-10-12,10,2019,"Haywood",35.379167,-82.7925,NA,43
"3391","Frying Pan Mountain",2019-10-13,10,2019,"Haywood",35.379167,-82.7925,NA,46
"3392","Frying Pan Mountain",2019-10-14,10,2019,"Haywood",35.379167,-82.7925,NA,46
"3393","Frying Pan Mountain",2019-10-15,10,2019,"Haywood",35.379167,-82.7925,NA,44
"3394","Frying Pan Mountain",2019-10-16,10,2019,"Haywood",35.379167,-82.7925,NA,37
"3395","Frying Pan Mountain",2019-10-17,10,2019,"Haywood",35.379167,-82.7925,NA,38
"3396","Frying Pan Mountain",2019-10-18,10,2019,"Haywood",35.379167,-82.7925,NA,43
"3397","Frying Pan Mountain",2019-10-19,10,2019,"Haywood",35.379167,-82.7925,NA,41
"3398","Frying Pan Mountain",2019-10-20,10,2019,"Haywood",35.379167,-82.7925,NA,39
"3399","Frying Pan Mountain",2019-10-21,10,2019,"Haywood",35.379167,-82.7925,NA,29
"3400","Frying Pan Mountain",2019-10-22,10,2019,"Haywood",35.379167,-82.7925,NA,40
"3401","Frying Pan Mountain",2019-10-23,10,2019,"Haywood",35.379167,-82.7925,NA,39
"3402","Frying Pan Mountain",2019-10-24,10,2019,"Haywood",35.379167,-82.7925,NA,44
"3403","Frying Pan Mountain",2019-10-25,10,2019,"Haywood",35.379167,-82.7925,NA,41
"3404","Frying Pan Mountain",2019-10-26,10,2019,"Haywood",35.379167,-82.7925,NA,38
"3405","Frying Pan Mountain",2019-10-27,10,2019,"Haywood",35.379167,-82.7925,NA,47
"3406","Frying Pan Mountain",2019-10-28,10,2019,"Haywood",35.379167,-82.7925,NA,39
"3407","Frying Pan Mountain",2019-10-29,10,2019,"Haywood",35.379167,-82.7925,NA,42
"3408","Frying Pan Mountain",2019-10-30,10,2019,"Haywood",35.379167,-82.7925,NA,28
"3409","Frying Pan Mountain",2019-10-31,10,2019,"Haywood",35.379167,-82.7925,NA,31
"3410","Garinger High School",2018-01-01,1,2018,"Mecklenburg",35.2401000008895,-80.785683,20,32
"3411","Garinger High School",2018-01-02,1,2018,"Mecklenburg",35.2401000008895,-80.785683,38,31
"3412","Garinger High School",2018-01-03,1,2018,"Mecklenburg",35.2401000008895,-80.785683,59,21
"3413","Garinger High School",2018-01-04,1,2018,"Mecklenburg",35.2401000008895,-80.785683,39,30
"3414","Garinger High School",2018-01-05,1,2018,"Mecklenburg",35.2401000008895,-80.785683,32,30
"3415","Garinger High School",2018-01-06,1,2018,"Mecklenburg",35.2401000008895,-80.785683,40,31
"3416","Garinger High School",2018-01-07,1,2018,"Mecklenburg",35.2401000008895,-80.785683,47,31
"3417","Garinger High School",2018-01-08,1,2018,"Mecklenburg",35.2401000008895,-80.785683,53,16
"3418","Garinger High School",2018-01-09,1,2018,"Mecklenburg",35.2401000008895,-80.785683,53,28
"3419","Garinger High School",2018-01-10,1,2018,"Mecklenburg",35.2401000008895,-80.785683,38,31
"3420","Garinger High School",2018-01-11,1,2018,"Mecklenburg",35.2401000008895,-80.785683,35,26
"3421","Garinger High School",2018-01-12,1,2018,"Mecklenburg",35.2401000008895,-80.785683,20,33
"3422","Garinger High School",2018-01-13,1,2018,"Mecklenburg",35.2401000008895,-80.785683,15,32
"3423","Garinger High School",2018-01-14,1,2018,"Mecklenburg",35.2401000008895,-80.785683,26.5,31
"3424","Garinger High School",2018-01-15,1,2018,"Mecklenburg",35.2401000008895,-80.785683,43,27
"3425","Garinger High School",2018-01-16,1,2018,"Mecklenburg",35.2401000008895,-80.785683,61,28
"3426","Garinger High School",2018-01-17,1,2018,"Mecklenburg",35.2401000008895,-80.785683,40.5,28
"3427","Garinger High School",2018-01-18,1,2018,"Mecklenburg",35.2401000008895,-80.785683,40,31
"3428","Garinger High School",2018-01-19,1,2018,"Mecklenburg",35.2401000008895,-80.785683,49,22
"3429","Garinger High School",2018-01-20,1,2018,"Mecklenburg",35.2401000008895,-80.785683,43,32
"3430","Garinger High School",2018-01-21,1,2018,"Mecklenburg",35.2401000008895,-80.785683,53,36
"3431","Garinger High School",2018-01-22,1,2018,"Mecklenburg",35.2401000008895,-80.785683,57,37
"3432","Garinger High School",2018-01-23,1,2018,"Mecklenburg",35.2401000008895,-80.785683,15.5,36
"3433","Garinger High School",2018-01-24,1,2018,"Mecklenburg",35.2401000008895,-80.785683,22,28
"3434","Garinger High School",2018-01-25,1,2018,"Mecklenburg",35.2401000008895,-80.785683,30,31
"3435","Garinger High School",2018-01-26,1,2018,"Mecklenburg",35.2401000008895,-80.785683,46,34
"3436","Garinger High School",2018-01-27,1,2018,"Mecklenburg",35.2401000008895,-80.785683,49,31
"3437","Garinger High School",2018-01-28,1,2018,"Mecklenburg",35.2401000008895,-80.785683,43,29
"3438","Garinger High School",2018-01-29,1,2018,"Mecklenburg",35.2401000008895,-80.785683,13,23
"3439","Garinger High School",2018-01-30,1,2018,"Mecklenburg",35.2401000008895,-80.785683,17,NA
"3440","Garinger High School",2018-01-31,1,2018,"Mecklenburg",35.2401000008895,-80.785683,26,31
"3441","Garinger High School",2018-02-01,2,2018,"Mecklenburg",35.2401000008895,-80.785683,41,33
"3442","Garinger High School",2018-02-02,2,2018,"Mecklenburg",35.2401000008895,-80.785683,20,34
"3443","Garinger High School",2018-02-03,2,2018,"Mecklenburg",35.2401000008895,-80.785683,24,34
"3444","Garinger High School",2018-02-04,2,2018,"Mecklenburg",35.2401000008895,-80.785683,27.5,20
"3445","Garinger High School",2018-02-05,2,2018,"Mecklenburg",35.2401000008895,-80.785683,24,31
"3446","Garinger High School",2018-02-06,2,2018,"Mecklenburg",35.2401000008895,-80.785683,36,24
"3447","Garinger High School",2018-02-07,2,2018,"Mecklenburg",35.2401000008895,-80.785683,25.5,23
"3448","Garinger High School",2018-02-08,2,2018,"Mecklenburg",35.2401000008895,-80.785683,28,31
"3449","Garinger High School",2018-02-09,2,2018,"Mecklenburg",35.2401000008895,-80.785683,42,35
"3450","Garinger High School",2018-02-10,2,2018,"Mecklenburg",35.2401000008895,-80.785683,37,17
"3451","Garinger High School",2018-02-11,2,2018,"Mecklenburg",35.2401000008895,-80.785683,18,20
"3452","Garinger High School",2018-02-12,2,2018,"Mecklenburg",35.2401000008895,-80.785683,13,32
"3453","Garinger High School",2018-02-13,2,2018,"Mecklenburg",35.2401000008895,-80.785683,22.5,32
"3454","Garinger High School",2018-02-14,2,2018,"Mecklenburg",35.2401000008895,-80.785683,33,22
"3455","Garinger High School",2018-02-15,2,2018,"Mecklenburg",35.2401000008895,-80.785683,24,25
"3456","Garinger High School",2018-02-16,2,2018,"Mecklenburg",35.2401000008895,-80.785683,23,34
"3457","Garinger High School",2018-02-17,2,2018,"Mecklenburg",35.2401000008895,-80.785683,20,26
"3458","Garinger High School",2018-02-18,2,2018,"Mecklenburg",35.2401000008895,-80.785683,25,36
"3459","Garinger High School",2018-02-19,2,2018,"Mecklenburg",35.2401000008895,-80.785683,30.5,20
"3460","Garinger High School",2018-02-20,2,2018,"Mecklenburg",35.2401000008895,-80.785683,34,24
"3461","Garinger High School",2018-02-21,2,2018,"Mecklenburg",35.2401000008895,-80.785683,23,22
"3462","Garinger High School",2018-02-22,2,2018,"Mecklenburg",35.2401000008895,-80.785683,31,24
"3463","Garinger High School",2018-02-23,2,2018,"Mecklenburg",35.2401000008895,-80.785683,41,35
"3464","Garinger High School",2018-02-24,2,2018,"Mecklenburg",35.2401000008895,-80.785683,48,32
"3465","Garinger High School",2018-02-25,2,2018,"Mecklenburg",35.2401000008895,-80.785683,27.5,26
"3466","Garinger High School",2018-02-26,2,2018,"Mecklenburg",35.2401000008895,-80.785683,16,NA
"3467","Garinger High School",2018-02-27,2,2018,"Mecklenburg",35.2401000008895,-80.785683,22,42
"3468","Garinger High School",2018-02-28,2,2018,"Mecklenburg",35.2401000008895,-80.785683,43,32
"3469","Garinger High School",2018-03-01,3,2018,"Mecklenburg",35.2401000008895,-80.785683,26,36
"3470","Garinger High School",2018-03-02,3,2018,"Mecklenburg",35.2401000008895,-80.785683,11,44
"3471","Garinger High School",2018-03-03,3,2018,"Mecklenburg",35.2401000008895,-80.785683,8.5,43
"3472","Garinger High School",2018-03-04,3,2018,"Mecklenburg",35.2401000008895,-80.785683,20,44
"3473","Garinger High School",2018-03-05,3,2018,"Mecklenburg",35.2401000008895,-80.785683,32,44
"3474","Garinger High School",2018-03-06,3,2018,"Mecklenburg",35.2401000008895,-80.785683,55,19
"3475","Garinger High School",2018-03-07,3,2018,"Mecklenburg",35.2401000008895,-80.785683,29,33
"3476","Garinger High School",2018-03-08,3,2018,"Mecklenburg",35.2401000008895,-80.785683,27,39
"3477","Garinger High School",2018-03-09,3,2018,"Mecklenburg",35.2401000008895,-80.785683,30,43
"3478","Garinger High School",2018-03-10,3,2018,"Mecklenburg",35.2401000008895,-80.785683,74,33
"3479","Garinger High School",2018-03-11,3,2018,"Mecklenburg",35.2401000008895,-80.785683,74,26
"3480","Garinger High School",2018-03-12,3,2018,"Mecklenburg",35.2401000008895,-80.785683,19,34
"3481","Garinger High School",2018-03-13,3,2018,"Mecklenburg",35.2401000008895,-80.785683,30,42
"3482","Garinger High School",2018-03-14,3,2018,"Mecklenburg",35.2401000008895,-80.785683,21,43
"3483","Garinger High School",2018-03-15,3,2018,"Mecklenburg",35.2401000008895,-80.785683,29.5,48
"3484","Garinger High School",2018-03-16,3,2018,"Mecklenburg",35.2401000008895,-80.785683,57,67
"3485","Garinger High School",2018-03-17,3,2018,"Mecklenburg",35.2401000008895,-80.785683,50,43
"3486","Garinger High School",2018-03-18,3,2018,"Mecklenburg",35.2401000008895,-80.785683,28,44
"3487","Garinger High School",2018-03-19,3,2018,"Mecklenburg",35.2401000008895,-80.785683,34,43
"3488","Garinger High School",2018-03-20,3,2018,"Mecklenburg",35.2401000008895,-80.785683,27,29
"3489","Garinger High School",2018-03-21,3,2018,"Mecklenburg",35.2401000008895,-80.785683,12.5,32
"3490","Garinger High School",2018-03-22,3,2018,"Mecklenburg",35.2401000008895,-80.785683,20,45
"3491","Garinger High School",2018-03-23,3,2018,"Mecklenburg",35.2401000008895,-80.785683,30,48
"3492","Garinger High School",2018-03-24,3,2018,"Mecklenburg",35.2401000008895,-80.785683,34,42
"3493","Garinger High School",2018-03-25,3,2018,"Mecklenburg",35.2401000008895,-80.785683,25,44
"3494","Garinger High School",2018-03-26,3,2018,"Mecklenburg",35.2401000008895,-80.785683,19,44
"3495","Garinger High School",2018-03-27,3,2018,"Mecklenburg",35.2401000008895,-80.785683,35,34
"3496","Garinger High School",2018-03-28,3,2018,"Mecklenburg",35.2401000008895,-80.785683,46,38
"3497","Garinger High School",2018-03-29,3,2018,"Mecklenburg",35.2401000008895,-80.785683,45,45
"3498","Garinger High School",2018-03-30,3,2018,"Mecklenburg",35.2401000008895,-80.785683,17.5,41
"3499","Garinger High School",2018-03-31,3,2018,"Mecklenburg",35.2401000008895,-80.785683,14,46
"3500","Garinger High School",2018-04-01,4,2018,"Mecklenburg",35.2401000008895,-80.785683,26,49
"3501","Garinger High School",2018-04-02,4,2018,"Mecklenburg",35.2401000008895,-80.785683,36,48
"3502","Garinger High School",2018-04-03,4,2018,"Mecklenburg",35.2401000008895,-80.785683,54,44
"3503","Garinger High School",2018-04-04,4,2018,"Mecklenburg",35.2401000008895,-80.785683,24,44
"3504","Garinger High School",2018-04-05,4,2018,"Mecklenburg",35.2401000008895,-80.785683,22,44
"3505","Garinger High School",2018-04-06,4,2018,"Mecklenburg",35.2401000008895,-80.785683,55,NA
"3506","Garinger High School",2018-04-07,4,2018,"Mecklenburg",35.2401000008895,-80.785683,36,39
"3507","Garinger High School",2018-04-08,4,2018,"Mecklenburg",35.2401000008895,-80.785683,19,44
"3508","Garinger High School",2018-04-09,4,2018,"Mecklenburg",35.2401000008895,-80.785683,31,44
"3509","Garinger High School",2018-04-10,4,2018,"Mecklenburg",35.2401000008895,-80.785683,37,44
"3510","Garinger High School",2018-04-11,4,2018,"Mecklenburg",35.2401000008895,-80.785683,43,46
"3511","Garinger High School",2018-04-12,4,2018,"Mecklenburg",35.2401000008895,-80.785683,51,58
"3512","Garinger High School",2018-04-13,4,2018,"Mecklenburg",35.2401000008895,-80.785683,47,54
"3513","Garinger High School",2018-04-14,4,2018,"Mecklenburg",35.2401000008895,-80.785683,38,47
"3514","Garinger High School",2018-04-15,4,2018,"Mecklenburg",35.2401000008895,-80.785683,32,34
"3515","Garinger High School",2018-04-16,4,2018,"Mecklenburg",35.2401000008895,-80.785683,12,33
"3516","Garinger High School",2018-04-17,4,2018,"Mecklenburg",35.2401000008895,-80.785683,17.5,49
"3517","Garinger High School",2018-04-18,4,2018,"Mecklenburg",35.2401000008895,-80.785683,35,71
"3518","Garinger High School",2018-04-19,4,2018,"Mecklenburg",35.2401000008895,-80.785683,32,46
"3519","Garinger High School",2018-04-20,4,2018,"Mecklenburg",35.2401000008895,-80.785683,27,64
"3520","Garinger High School",2018-04-21,4,2018,"Mecklenburg",35.2401000008895,-80.785683,43,71
"3521","Garinger High School",2018-04-22,4,2018,"Mecklenburg",35.2401000008895,-80.785683,35,50
"3522","Garinger High School",2018-04-23,4,2018,"Mecklenburg",35.2401000008895,-80.785683,19.5,40
"3523","Garinger High School",2018-04-24,4,2018,"Mecklenburg",35.2401000008895,-80.785683,12,34
"3524","Garinger High School",2018-04-25,4,2018,"Mecklenburg",35.2401000008895,-80.785683,15,41
"3525","Garinger High School",2018-04-26,4,2018,"Mecklenburg",35.2401000008895,-80.785683,19,39
"3526","Garinger High School",2018-04-27,4,2018,"Mecklenburg",35.2401000008895,-80.785683,25,43
"3527","Garinger High School",2018-04-28,4,2018,"Mecklenburg",35.2401000008895,-80.785683,38,71
"3528","Garinger High School",2018-04-29,4,2018,"Mecklenburg",35.2401000008895,-80.785683,27,44
"3529","Garinger High School",2018-04-30,4,2018,"Mecklenburg",35.2401000008895,-80.785683,30,50
"3530","Garinger High School",2018-05-01,5,2018,"Mecklenburg",35.2401000008895,-80.785683,41,64
"3531","Garinger High School",2018-05-02,5,2018,"Mecklenburg",35.2401000008895,-80.785683,42,64
"3532","Garinger High School",2018-05-03,5,2018,"Mecklenburg",35.2401000008895,-80.785683,41,49
"3533","Garinger High School",2018-05-04,5,2018,"Mecklenburg",35.2401000008895,-80.785683,44,47
"3534","Garinger High School",2018-05-05,5,2018,"Mecklenburg",35.2401000008895,-80.785683,46.5,39
"3535","Garinger High School",2018-05-06,5,2018,"Mecklenburg",35.2401000008895,-80.785683,27,44
"3536","Garinger High School",2018-05-07,5,2018,"Mecklenburg",35.2401000008895,-80.785683,28,71
"3537","Garinger High School",2018-05-08,5,2018,"Mecklenburg",35.2401000008895,-80.785683,29,71
"3538","Garinger High School",2018-05-09,5,2018,"Mecklenburg",35.2401000008895,-80.785683,44,90
"3539","Garinger High School",2018-05-10,5,2018,"Mecklenburg",35.2401000008895,-80.785683,51,54
"3540","Garinger High School",2018-05-11,5,2018,"Mecklenburg",35.2401000008895,-80.785683,47.5,101
"3541","Garinger High School",2018-05-12,5,2018,"Mecklenburg",35.2401000008895,-80.785683,58,97
"3542","Garinger High School",2018-05-13,5,2018,"Mecklenburg",35.2401000008895,-80.785683,61,105
"3543","Garinger High School",2018-05-14,5,2018,"Mecklenburg",35.2401000008895,-80.785683,55,101
"3544","Garinger High School",2018-05-15,5,2018,"Mecklenburg",35.2401000008895,-80.785683,21,23
"3545","Garinger High School",2018-05-16,5,2018,"Mecklenburg",35.2401000008895,-80.785683,20,31
"3546","Garinger High School",2018-05-17,5,2018,"Mecklenburg",35.2401000008895,-80.785683,20,31
"3547","Garinger High School",2018-05-18,5,2018,"Mecklenburg",35.2401000008895,-80.785683,23,25
"3548","Garinger High School",2018-05-19,5,2018,"Mecklenburg",35.2401000008895,-80.785683,23,39
"3549","Garinger High School",2018-05-20,5,2018,"Mecklenburg",35.2401000008895,-80.785683,29,41
"3550","Garinger High School",2018-05-21,5,2018,"Mecklenburg",35.2401000008895,-80.785683,23,40
"3551","Garinger High School",2018-05-22,5,2018,"Mecklenburg",35.2401000008895,-80.785683,27,33
"3552","Garinger High School",2018-05-23,5,2018,"Mecklenburg",35.2401000008895,-80.785683,17.5,40
"3553","Garinger High School",2018-05-24,5,2018,"Mecklenburg",35.2401000008895,-80.785683,35,39
"3554","Garinger High School",2018-05-25,5,2018,"Mecklenburg",35.2401000008895,-80.785683,24,27
"3555","Garinger High School",2018-05-26,5,2018,"Mecklenburg",35.2401000008895,-80.785683,27,28
"3556","Garinger High School",2018-05-27,5,2018,"Mecklenburg",35.2401000008895,-80.785683,26,22
"3557","Garinger High School",2018-05-28,5,2018,"Mecklenburg",35.2401000008895,-80.785683,13,19
"3558","Garinger High School",2018-05-29,5,2018,"Mecklenburg",35.2401000008895,-80.785683,16,24
"3559","Garinger High School",2018-05-30,5,2018,"Mecklenburg",35.2401000008895,-80.785683,24,28
"3560","Garinger High School",2018-05-31,5,2018,"Mecklenburg",35.2401000008895,-80.785683,25,36
"3561","Garinger High School",2018-06-01,6,2018,"Mecklenburg",35.2401000008895,-80.785683,26,50
"3562","Garinger High School",2018-06-02,6,2018,"Mecklenburg",35.2401000008895,-80.785683,30,44
"3563","Garinger High School",2018-06-03,6,2018,"Mecklenburg",35.2401000008895,-80.785683,30,46
"3564","Garinger High School",2018-06-04,6,2018,"Mecklenburg",35.2401000008895,-80.785683,28,80
"3565","Garinger High School",2018-06-05,6,2018,"Mecklenburg",35.2401000008895,-80.785683,34.5,97
"3566","Garinger High School",2018-06-06,6,2018,"Mecklenburg",35.2401000008895,-80.785683,39.5,74
"3567","Garinger High School",2018-06-07,6,2018,"Mecklenburg",35.2401000008895,-80.785683,51,74
"3568","Garinger High School",2018-06-08,6,2018,"Mecklenburg",35.2401000008895,-80.785683,55,77
"3569","Garinger High School",2018-06-09,6,2018,"Mecklenburg",35.2401000008895,-80.785683,NA,54
"3570","Garinger High School",2018-06-10,6,2018,"Mecklenburg",35.2401000008895,-80.785683,44,51
"3571","Garinger High School",2018-06-11,6,2018,"Mecklenburg",35.2401000008895,-80.785683,NA,67
"3572","Garinger High School",2018-06-12,6,2018,"Mecklenburg",35.2401000008895,-80.785683,23,30
"3573","Garinger High School",2018-06-13,6,2018,"Mecklenburg",35.2401000008895,-80.785683,36,43
"3574","Garinger High School",2018-06-14,6,2018,"Mecklenburg",35.2401000008895,-80.785683,43,51
"3575","Garinger High School",2018-06-15,6,2018,"Mecklenburg",35.2401000008895,-80.785683,38,97
"3576","Garinger High School",2018-06-16,6,2018,"Mecklenburg",35.2401000008895,-80.785683,54.5,61
"3577","Garinger High School",2018-06-17,6,2018,"Mecklenburg",35.2401000008895,-80.785683,45,64
"3578","Garinger High School",2018-06-18,6,2018,"Mecklenburg",35.2401000008895,-80.785683,48,90
"3579","Garinger High School",2018-06-19,6,2018,"Mecklenburg",35.2401000008895,-80.785683,46.5,64
"3580","Garinger High School",2018-06-20,6,2018,"Mecklenburg",35.2401000008895,-80.785683,55,48
"3581","Garinger High School",2018-06-21,6,2018,"Mecklenburg",35.2401000008895,-80.785683,48,41
"3582","Garinger High School",2018-06-22,6,2018,"Mecklenburg",35.2401000008895,-80.785683,33.5,51
"3583","Garinger High School",2018-06-23,6,2018,"Mecklenburg",35.2401000008895,-80.785683,26,43
"3584","Garinger High School",2018-06-24,6,2018,"Mecklenburg",35.2401000008895,-80.785683,30,42
"3585","Garinger High School",2018-06-25,6,2018,"Mecklenburg",35.2401000008895,-80.785683,30.5,67
"3586","Garinger High School",2018-06-26,6,2018,"Mecklenburg",35.2401000008895,-80.785683,26,41
"3587","Garinger High School",2018-06-27,6,2018,"Mecklenburg",35.2401000008895,-80.785683,23,44
"3588","Garinger High School",2018-06-28,6,2018,"Mecklenburg",35.2401000008895,-80.785683,30.5,49
"3589","Garinger High School",2018-06-29,6,2018,"Mecklenburg",35.2401000008895,-80.785683,35,54
"3590","Garinger High School",2018-06-30,6,2018,"Mecklenburg",35.2401000008895,-80.785683,52,46
"3591","Garinger High School",2018-07-01,7,2018,"Mecklenburg",35.2401000008895,-80.785683,23,38
"3592","Garinger High School",2018-07-02,7,2018,"Mecklenburg",35.2401000008895,-80.785683,29,41
"3593","Garinger High School",2018-07-03,7,2018,"Mecklenburg",35.2401000008895,-80.785683,51,49
"3594","Garinger High School",2018-07-04,7,2018,"Mecklenburg",35.2401000008895,-80.785683,45.5,31
"3595","Garinger High School",2018-07-05,7,2018,"Mecklenburg",35.2401000008895,-80.785683,23,31
"3596","Garinger High School",2018-07-06,7,2018,"Mecklenburg",35.2401000008895,-80.785683,25,45
"3597","Garinger High School",2018-07-07,7,2018,"Mecklenburg",35.2401000008895,-80.785683,31.5,33
"3598","Garinger High School",2018-07-08,7,2018,"Mecklenburg",35.2401000008895,-80.785683,25,61
"3599","Garinger High School",2018-07-09,7,2018,"Mecklenburg",35.2401000008895,-80.785683,23,54
"3600","Garinger High School",2018-07-10,7,2018,"Mecklenburg",35.2401000008895,-80.785683,46.5,67
"3601","Garinger High School",2018-07-11,7,2018,"Mecklenburg",35.2401000008895,-80.785683,53,100
"3602","Garinger High School",2018-07-12,7,2018,"Mecklenburg",35.2401000008895,-80.785683,52,80
"3603","Garinger High School",2018-07-13,7,2018,"Mecklenburg",35.2401000008895,-80.785683,48.5,51
"3604","Garinger High School",2018-07-14,7,2018,"Mecklenburg",35.2401000008895,-80.785683,51,51
"3605","Garinger High School",2018-07-15,7,2018,"Mecklenburg",35.2401000008895,-80.785683,48,44
"3606","Garinger High School",2018-07-16,7,2018,"Mecklenburg",35.2401000008895,-80.785683,48,42
"3607","Garinger High School",2018-07-17,7,2018,"Mecklenburg",35.2401000008895,-80.785683,30,42
"3608","Garinger High School",2018-07-18,7,2018,"Mecklenburg",35.2401000008895,-80.785683,40,77
"3609","Garinger High School",2018-07-19,7,2018,"Mecklenburg",35.2401000008895,-80.785683,43.5,43
"3610","Garinger High School",2018-07-20,7,2018,"Mecklenburg",35.2401000008895,-80.785683,42,45
"3611","Garinger High School",2018-07-21,7,2018,"Mecklenburg",35.2401000008895,-80.785683,31,50
"3612","Garinger High School",2018-07-22,7,2018,"Mecklenburg",35.2401000008895,-80.785683,20.5,47
"3613","Garinger High School",2018-07-23,7,2018,"Mecklenburg",35.2401000008895,-80.785683,25,42
"3614","Garinger High School",2018-07-24,7,2018,"Mecklenburg",35.2401000008895,-80.785683,19,44
"3615","Garinger High School",2018-07-25,7,2018,"Mecklenburg",35.2401000008895,-80.785683,27.5,42
"3616","Garinger High School",2018-07-26,7,2018,"Mecklenburg",35.2401000008895,-80.785683,30,64
"3617","Garinger High School",2018-07-27,7,2018,"Mecklenburg",35.2401000008895,-80.785683,35,64
"3618","Garinger High School",2018-07-28,7,2018,"Mecklenburg",35.2401000008895,-80.785683,48.5,51
"3619","Garinger High School",2018-07-29,7,2018,"Mecklenburg",35.2401000008895,-80.785683,33,45
"3620","Garinger High School",2018-07-30,7,2018,"Mecklenburg",35.2401000008895,-80.785683,22,44
"3621","Garinger High School",2018-07-31,7,2018,"Mecklenburg",35.2401000008895,-80.785683,31,29
"3622","Garinger High School",2018-08-01,8,2018,"Mecklenburg",35.2401000008895,-80.785683,15,25
"3623","Garinger High School",2018-08-02,8,2018,"Mecklenburg",35.2401000008895,-80.785683,15,26
"3624","Garinger High School",2018-08-03,8,2018,"Mecklenburg",35.2401000008895,-80.785683,13.5,22
"3625","Garinger High School",2018-08-04,8,2018,"Mecklenburg",35.2401000008895,-80.785683,25,40
"3626","Garinger High School",2018-08-05,8,2018,"Mecklenburg",35.2401000008895,-80.785683,27,39
"3627","Garinger High School",2018-08-06,8,2018,"Mecklenburg",35.2401000008895,-80.785683,28,47
"3628","Garinger High School",2018-08-07,8,2018,"Mecklenburg",35.2401000008895,-80.785683,26,43
"3629","Garinger High School",2018-08-08,8,2018,"Mecklenburg",35.2401000008895,-80.785683,25,41
"3630","Garinger High School",2018-08-09,8,2018,"Mecklenburg",35.2401000008895,-80.785683,24.5,44
"3631","Garinger High School",2018-08-10,8,2018,"Mecklenburg",35.2401000008895,-80.785683,36,54
"3632","Garinger High School",2018-08-11,8,2018,"Mecklenburg",35.2401000008895,-80.785683,26,44
"3633","Garinger High School",2018-08-12,8,2018,"Mecklenburg",35.2401000008895,-80.785683,27,44
"3634","Garinger High School",2018-08-13,8,2018,"Mecklenburg",35.2401000008895,-80.785683,30,54
"3635","Garinger High School",2018-08-14,8,2018,"Mecklenburg",35.2401000008895,-80.785683,50,50
"3636","Garinger High School",2018-08-15,8,2018,"Mecklenburg",35.2401000008895,-80.785683,57,84
"3637","Garinger High School",2018-08-16,8,2018,"Mecklenburg",35.2401000008895,-80.785683,59,44
"3638","Garinger High School",2018-08-17,8,2018,"Mecklenburg",35.2401000008895,-80.785683,31,28
"3639","Garinger High School",2018-08-18,8,2018,"Mecklenburg",35.2401000008895,-80.785683,20.5,29
"3640","Garinger High School",2018-08-19,8,2018,"Mecklenburg",35.2401000008895,-80.785683,29,32
"3641","Garinger High School",2018-08-20,8,2018,"Mecklenburg",35.2401000008895,-80.785683,32,34
"3642","Garinger High School",2018-08-21,8,2018,"Mecklenburg",35.2401000008895,-80.785683,26.5,26
"3643","Garinger High School",2018-08-22,8,2018,"Mecklenburg",35.2401000008895,-80.785683,23,37
"3644","Garinger High School",2018-08-23,8,2018,"Mecklenburg",35.2401000008895,-80.785683,52,54
"3645","Garinger High School",2018-08-24,8,2018,"Mecklenburg",35.2401000008895,-80.785683,33,44
"3646","Garinger High School",2018-08-25,8,2018,"Mecklenburg",35.2401000008895,-80.785683,46,74
"3647","Garinger High School",2018-08-26,8,2018,"Mecklenburg",35.2401000008895,-80.785683,53,64
"3648","Garinger High School",2018-08-27,8,2018,"Mecklenburg",35.2401000008895,-80.785683,55.5,74
"3649","Garinger High School",2018-08-28,8,2018,"Mecklenburg",35.2401000008895,-80.785683,53,71
"3650","Garinger High School",2018-08-29,8,2018,"Mecklenburg",35.2401000008895,-80.785683,43,74
"3651","Garinger High School",2018-08-30,8,2018,"Mecklenburg",35.2401000008895,-80.785683,34.5,51
"3652","Garinger High School",2018-08-31,8,2018,"Mecklenburg",35.2401000008895,-80.785683,30,48
"3653","Garinger High School",2018-09-01,9,2018,"Mecklenburg",35.2401000008895,-80.785683,35,41
"3654","Garinger High School",2018-09-02,9,2018,"Mecklenburg",35.2401000008895,-80.785683,28.5,28
"3655","Garinger High School",2018-09-03,9,2018,"Mecklenburg",35.2401000008895,-80.785683,23,30
"3656","Garinger High School",2018-09-04,9,2018,"Mecklenburg",35.2401000008895,-80.785683,32,34
"3657","Garinger High School",2018-09-05,9,2018,"Mecklenburg",35.2401000008895,-80.785683,43,37
"3658","Garinger High School",2018-09-06,9,2018,"Mecklenburg",35.2401000008895,-80.785683,29,41
"3659","Garinger High School",2018-09-07,9,2018,"Mecklenburg",35.2401000008895,-80.785683,33,46
"3660","Garinger High School",2018-09-08,9,2018,"Mecklenburg",35.2401000008895,-80.785683,33.5,39
"3661","Garinger High School",2018-09-09,9,2018,"Mecklenburg",35.2401000008895,-80.785683,21,29
"3662","Garinger High School",2018-09-10,9,2018,"Mecklenburg",35.2401000008895,-80.785683,35,24
"3663","Garinger High School",2018-09-11,9,2018,"Mecklenburg",35.2401000008895,-80.785683,25.5,38
"3664","Garinger High School",2018-09-18,9,2018,"Mecklenburg",35.2401000008895,-80.785683,NA,33
"3665","Garinger High School",2018-09-19,9,2018,"Mecklenburg",35.2401000008895,-80.785683,NA,47
"3666","Garinger High School",2018-09-20,9,2018,"Mecklenburg",35.2401000008895,-80.785683,51.5,64
"3667","Garinger High School",2018-09-21,9,2018,"Mecklenburg",35.2401000008895,-80.785683,49.5,49
"3668","Garinger High School",2018-09-22,9,2018,"Mecklenburg",35.2401000008895,-80.785683,49,47
"3669","Garinger High School",2018-09-23,9,2018,"Mecklenburg",35.2401000008895,-80.785683,50,35
"3670","Garinger High School",2018-09-24,9,2018,"Mecklenburg",35.2401000008895,-80.785683,25,20
"3671","Garinger High School",2018-09-25,9,2018,"Mecklenburg",35.2401000008895,-80.785683,35,32
"3672","Garinger High School",2018-09-26,9,2018,"Mecklenburg",35.2401000008895,-80.785683,34,31
"3673","Garinger High School",2018-09-27,9,2018,"Mecklenburg",35.2401000008895,-80.785683,14,25
"3674","Garinger High School",2018-09-28,9,2018,"Mecklenburg",35.2401000008895,-80.785683,18,22
"3675","Garinger High School",2018-09-29,9,2018,"Mecklenburg",35.2401000008895,-80.785683,28.5,31
"3676","Garinger High School",2018-09-30,9,2018,"Mecklenburg",35.2401000008895,-80.785683,27,34
"3677","Garinger High School",2018-10-01,10,2018,"Mecklenburg",35.2401000008895,-80.785683,30,44
"3678","Garinger High School",2018-10-02,10,2018,"Mecklenburg",35.2401000008895,-80.785683,40,44
"3679","Garinger High School",2018-10-03,10,2018,"Mecklenburg",35.2401000008895,-80.785683,37,40
"3680","Garinger High School",2018-10-04,10,2018,"Mecklenburg",35.2401000008895,-80.785683,42,47
"3681","Garinger High School",2018-10-05,10,2018,"Mecklenburg",35.2401000008895,-80.785683,48.5,49
"3682","Garinger High School",2018-10-06,10,2018,"Mecklenburg",35.2401000008895,-80.785683,54,37
"3683","Garinger High School",2018-10-07,10,2018,"Mecklenburg",35.2401000008895,-80.785683,53,43
"3684","Garinger High School",2018-10-08,10,2018,"Mecklenburg",35.2401000008895,-80.785683,26,31
"3685","Garinger High School",2018-10-09,10,2018,"Mecklenburg",35.2401000008895,-80.785683,15,25
"3686","Garinger High School",2018-10-10,10,2018,"Mecklenburg",35.2401000008895,-80.785683,6,16
"3687","Garinger High School",2018-10-11,10,2018,"Mecklenburg",35.2401000008895,-80.785683,9,24
"3688","Garinger High School",2018-10-12,10,2018,"Mecklenburg",35.2401000008895,-80.785683,20,36
"3689","Garinger High School",2018-10-13,10,2018,"Mecklenburg",35.2401000008895,-80.785683,20,35
"3690","Garinger High School",2018-10-14,10,2018,"Mecklenburg",35.2401000008895,-80.785683,30.5,25
"3691","Garinger High School",2018-10-15,10,2018,"Mecklenburg",35.2401000008895,-80.785683,34,31
"3692","Garinger High School",2018-10-16,10,2018,"Mecklenburg",35.2401000008895,-80.785683,37,31
"3693","Garinger High School",2018-10-17,10,2018,"Mecklenburg",35.2401000008895,-80.785683,19.5,23
"3694","Garinger High School",2018-10-18,10,2018,"Mecklenburg",35.2401000008895,-80.785683,21,38
"3695","Garinger High School",2018-10-19,10,2018,"Mecklenburg",35.2401000008895,-80.785683,34,43
"3696","Garinger High School",2018-10-20,10,2018,"Mecklenburg",35.2401000008895,-80.785683,37,30
"3697","Garinger High School",2018-10-21,10,2018,"Mecklenburg",35.2401000008895,-80.785683,20,29
"3698","Garinger High School",2018-10-22,10,2018,"Mecklenburg",35.2401000008895,-80.785683,32,31
"3699","Garinger High School",2018-10-23,10,2018,"Mecklenburg",35.2401000008895,-80.785683,31,28
"3700","Garinger High School",2018-10-24,10,2018,"Mecklenburg",35.2401000008895,-80.785683,32,37
"3701","Garinger High School",2018-10-25,10,2018,"Mecklenburg",35.2401000008895,-80.785683,36,23
"3702","Garinger High School",2018-10-26,10,2018,"Mecklenburg",35.2401000008895,-80.785683,17.5,24
"3703","Garinger High School",2018-10-27,10,2018,"Mecklenburg",35.2401000008895,-80.785683,10,19
"3704","Garinger High School",2018-10-28,10,2018,"Mecklenburg",35.2401000008895,-80.785683,21,33
"3705","Garinger High School",2018-10-29,10,2018,"Mecklenburg",35.2401000008895,-80.785683,19,34
"3706","Garinger High School",2018-10-30,10,2018,"Mecklenburg",35.2401000008895,-80.785683,30,33
"3707","Garinger High School",2018-10-31,10,2018,"Mecklenburg",35.2401000008895,-80.785683,38,40
"3708","Garinger High School",2018-11-01,11,2018,"Mecklenburg",35.2401000008895,-80.785683,23.5,33
"3709","Garinger High School",2018-11-02,11,2018,"Mecklenburg",35.2401000008895,-80.785683,15,20
"3710","Garinger High School",2018-11-03,11,2018,"Mecklenburg",35.2401000008895,-80.785683,23,32
"3711","Garinger High School",2018-11-04,11,2018,"Mecklenburg",35.2401000008895,-80.785683,34.5,30
"3712","Garinger High School",2018-11-05,11,2018,"Mecklenburg",35.2401000008895,-80.785683,20,9
"3713","Garinger High School",2018-11-06,11,2018,"Mecklenburg",35.2401000008895,-80.785683,15,21
"3714","Garinger High School",2018-11-07,11,2018,"Mecklenburg",35.2401000008895,-80.785683,26.5,32
"3715","Garinger High School",2018-11-08,11,2018,"Mecklenburg",35.2401000008895,-80.785683,30,32
"3716","Garinger High School",2018-11-09,11,2018,"Mecklenburg",35.2401000008895,-80.785683,25,14
"3717","Garinger High School",2018-11-10,11,2018,"Mecklenburg",35.2401000008895,-80.785683,20.5,31
"3718","Garinger High School",2018-11-11,11,2018,"Mecklenburg",35.2401000008895,-80.785683,33,31
"3719","Garinger High School",2018-11-12,11,2018,"Mecklenburg",35.2401000008895,-80.785683,41,18
"3720","Garinger High School",2018-11-13,11,2018,"Mecklenburg",35.2401000008895,-80.785683,20,16
"3721","Garinger High School",2018-11-14,11,2018,"Mecklenburg",35.2401000008895,-80.785683,26,19
"3722","Garinger High School",2018-11-15,11,2018,"Mecklenburg",35.2401000008895,-80.785683,15,20
"3723","Garinger High School",2018-11-16,11,2018,"Mecklenburg",35.2401000008895,-80.785683,21.5,22
"3724","Garinger High School",2018-11-17,11,2018,"Mecklenburg",35.2401000008895,-80.785683,46,34
"3725","Garinger High School",2018-11-18,11,2018,"Mecklenburg",35.2401000008895,-80.785683,59,33
"3726","Garinger High School",2018-11-19,11,2018,"Mecklenburg",35.2401000008895,-80.785683,55,33
"3727","Garinger High School",2018-11-20,11,2018,"Mecklenburg",35.2401000008895,-80.785683,40,32
"3728","Garinger High School",2018-11-21,11,2018,"Mecklenburg",35.2401000008895,-80.785683,31,25
"3729","Garinger High School",2018-11-22,11,2018,"Mecklenburg",35.2401000008895,-80.785683,43,31
"3730","Garinger High School",2018-11-23,11,2018,"Mecklenburg",35.2401000008895,-80.785683,34,30
"3731","Garinger High School",2018-11-24,11,2018,"Mecklenburg",35.2401000008895,-80.785683,22,19
"3732","Garinger High School",2018-11-25,11,2018,"Mecklenburg",35.2401000008895,-80.785683,27.5,23
"3733","Garinger High School",2018-11-26,11,2018,"Mecklenburg",35.2401000008895,-80.785683,24,20
"3734","Garinger High School",2018-11-27,11,2018,"Mecklenburg",35.2401000008895,-80.785683,11,24
"3735","Garinger High School",2018-11-28,11,2018,"Mecklenburg",35.2401000008895,-80.785683,32,27
"3736","Garinger High School",2018-11-29,11,2018,"Mecklenburg",35.2401000008895,-80.785683,47,25
"3737","Garinger High School",2018-11-30,11,2018,"Mecklenburg",35.2401000008895,-80.785683,49,28
"3738","Garinger High School",2018-12-01,12,2018,"Mecklenburg",35.2401000008895,-80.785683,46,26
"3739","Garinger High School",2018-12-02,12,2018,"Mecklenburg",35.2401000008895,-80.785683,21,20
"3740","Garinger High School",2018-12-03,12,2018,"Mecklenburg",35.2401000008895,-80.785683,29,30
"3741","Garinger High School",2018-12-04,12,2018,"Mecklenburg",35.2401000008895,-80.785683,10.5,19
"3742","Garinger High School",2018-12-05,12,2018,"Mecklenburg",35.2401000008895,-80.785683,10,23
"3743","Garinger High School",2018-12-06,12,2018,"Mecklenburg",35.2401000008895,-80.785683,33,23
"3744","Garinger High School",2018-12-07,12,2018,"Mecklenburg",35.2401000008895,-80.785683,52,19
"3745","Garinger High School",2018-12-08,12,2018,"Mecklenburg",35.2401000008895,-80.785683,56,21
"3746","Garinger High School",2018-12-10,12,2018,"Mecklenburg",35.2401000008895,-80.785683,15.5,32
"3747","Garinger High School",2018-12-11,12,2018,"Mecklenburg",35.2401000008895,-80.785683,41,24
"3748","Garinger High School",2018-12-12,12,2018,"Mecklenburg",35.2401000008895,-80.785683,38,26
"3749","Garinger High School",2018-12-13,12,2018,"Mecklenburg",35.2401000008895,-80.785683,54,14
"3750","Garinger High School",2018-12-14,12,2018,"Mecklenburg",35.2401000008895,-80.785683,40,17
"3751","Garinger High School",2018-12-15,12,2018,"Mecklenburg",35.2401000008895,-80.785683,15,12
"3752","Garinger High School",2018-12-16,12,2018,"Mecklenburg",35.2401000008895,-80.785683,17,24
"3753","Garinger High School",2018-12-17,12,2018,"Mecklenburg",35.2401000008895,-80.785683,17,30
"3754","Garinger High School",2018-12-18,12,2018,"Mecklenburg",35.2401000008895,-80.785683,18,29
"3755","Garinger High School",2018-12-19,12,2018,"Mecklenburg",35.2401000008895,-80.785683,48.5,22
"3756","Garinger High School",2018-12-20,12,2018,"Mecklenburg",35.2401000008895,-80.785683,26,26
"3757","Garinger High School",2018-12-21,12,2018,"Mecklenburg",35.2401000008895,-80.785683,12,29
"3758","Garinger High School",2018-12-22,12,2018,"Mecklenburg",35.2401000008895,-80.785683,18,21
"3759","Garinger High School",2018-12-23,12,2018,"Mecklenburg",35.2401000008895,-80.785683,56,26
"3760","Garinger High School",2018-12-24,12,2018,"Mecklenburg",35.2401000008895,-80.785683,46,30
"3761","Garinger High School",2018-12-25,12,2018,"Mecklenburg",35.2401000008895,-80.785683,64,31
"3762","Garinger High School",2018-12-26,12,2018,"Mecklenburg",35.2401000008895,-80.785683,51,31
"3763","Garinger High School",2018-12-27,12,2018,"Mecklenburg",35.2401000008895,-80.785683,48,18
"3764","Garinger High School",2018-12-28,12,2018,"Mecklenburg",35.2401000008895,-80.785683,15.5,18
"3765","Garinger High School",2018-12-29,12,2018,"Mecklenburg",35.2401000008895,-80.785683,25,25
"3766","Garinger High School",2018-12-30,12,2018,"Mecklenburg",35.2401000008895,-80.785683,37,27
"3767","Garinger High School",2018-12-31,12,2018,"Mecklenburg",35.2401000008895,-80.785683,24.5,NA
"3768","Garinger High School",2019-01-01,1,2019,"Mecklenburg",35.2401000008895,-80.785683,22,24
"3769","Garinger High School",2019-01-02,1,2019,"Mecklenburg",35.2401000008895,-80.785683,28,19
"3770","Garinger High School",2019-01-03,1,2019,"Mecklenburg",35.2401000008895,-80.785683,24.3333333333333,12
"3771","Garinger High School",2019-01-04,1,2019,"Mecklenburg",35.2401000008895,-80.785683,8,22
"3772","Garinger High School",2019-01-05,1,2019,"Mecklenburg",35.2401000008895,-80.785683,8,31
"3773","Garinger High School",2019-01-06,1,2019,"Mecklenburg",35.2401000008895,-80.785683,29.6666666666667,30
"3774","Garinger High School",2019-01-07,1,2019,"Mecklenburg",35.2401000008895,-80.785683,35,27
"3775","Garinger High School",2019-01-08,1,2019,"Mecklenburg",35.2401000008895,-80.785683,31,32
"3776","Garinger High School",2019-01-09,1,2019,"Mecklenburg",35.2401000008895,-80.785683,7.66666666666667,34
"3777","Garinger High School",2019-01-10,1,2019,"Mecklenburg",35.2401000008895,-80.785683,17,25
"3778","Garinger High School",2019-01-11,1,2019,"Mecklenburg",35.2401000008895,-80.785683,31,29
"3779","Garinger High School",2019-01-12,1,2019,"Mecklenburg",35.2401000008895,-80.785683,42.3333333333333,27
"3780","Garinger High School",2019-01-13,1,2019,"Mecklenburg",35.2401000008895,-80.785683,15,23
"3781","Garinger High School",2019-01-14,1,2019,"Mecklenburg",35.2401000008895,-80.785683,24,20
"3782","Garinger High School",2019-01-15,1,2019,"Mecklenburg",35.2401000008895,-80.785683,29.6666666666667,22
"3783","Garinger High School",2019-01-16,1,2019,"Mecklenburg",35.2401000008895,-80.785683,38,27
"3784","Garinger High School",2019-01-17,1,2019,"Mecklenburg",35.2401000008895,-80.785683,35,20
"3785","Garinger High School",2019-01-18,1,2019,"Mecklenburg",35.2401000008895,-80.785683,56.6666666666667,14
"3786","Garinger High School",2019-01-19,1,2019,"Mecklenburg",35.2401000008895,-80.785683,54,35
"3787","Garinger High School",2019-01-20,1,2019,"Mecklenburg",35.2401000008895,-80.785683,17,32
"3788","Garinger High School",2019-01-21,1,2019,"Mecklenburg",35.2401000008895,-80.785683,22,32
"3789","Garinger High School",2019-01-22,1,2019,"Mecklenburg",35.2401000008895,-80.785683,27,31
"3790","Garinger High School",2019-01-23,1,2019,"Mecklenburg",35.2401000008895,-80.785683,22,31
"3791","Garinger High School",2019-01-24,1,2019,"Mecklenburg",35.2401000008895,-80.785683,6.66666666666667,NA
"3792","Garinger High School",2019-01-25,1,2019,"Mecklenburg",35.2401000008895,-80.785683,30,32
"3793","Garinger High School",2019-01-26,1,2019,"Mecklenburg",35.2401000008895,-80.785683,40,33
"3794","Garinger High School",2019-01-27,1,2019,"Mecklenburg",35.2401000008895,-80.785683,44.3333333333333,31
"3795","Garinger High School",2019-01-28,1,2019,"Mecklenburg",35.2401000008895,-80.785683,36.6666666666667,37
"3796","Garinger High School",2019-01-29,1,2019,"Mecklenburg",35.2401000008895,-80.785683,32,31
"3797","Garinger High School",2019-01-30,1,2019,"Mecklenburg",35.2401000008895,-80.785683,18.6666666666667,33
"3798","Garinger High School",2019-01-31,1,2019,"Mecklenburg",35.2401000008895,-80.785683,32,34
"3799","Garinger High School",2019-02-01,2,2019,"Mecklenburg",35.2401000008895,-80.785683,36,39
"3800","Garinger High School",2019-02-02,2,2019,"Mecklenburg",35.2401000008895,-80.785683,52,42
"3801","Garinger High School",2019-02-03,2,2019,"Mecklenburg",35.2401000008895,-80.785683,58,41
"3802","Garinger High School",2019-02-04,2,2019,"Mecklenburg",35.2401000008895,-80.785683,66,40
"3803","Garinger High School",2019-02-05,2,2019,"Mecklenburg",35.2401000008895,-80.785683,41.6666666666667,32
"3804","Garinger High School",2019-02-06,2,2019,"Mecklenburg",35.2401000008895,-80.785683,43,21
"3805","Garinger High School",2019-02-07,2,2019,"Mecklenburg",35.2401000008895,-80.785683,31,33
"3806","Garinger High School",2019-02-08,2,2019,"Mecklenburg",35.2401000008895,-80.785683,35.6666666666667,37
"3807","Garinger High School",2019-02-09,2,2019,"Mecklenburg",35.2401000008895,-80.785683,14,37
"3808","Garinger High School",2019-02-10,2,2019,"Mecklenburg",35.2401000008895,-80.785683,38,31
"3809","Garinger High School",2019-02-11,2,2019,"Mecklenburg",35.2401000008895,-80.785683,37,18
"3810","Garinger High School",2019-02-12,2,2019,"Mecklenburg",35.2401000008895,-80.785683,9,10
"3811","Garinger High School",2019-02-13,2,2019,"Mecklenburg",35.2401000008895,-80.785683,10,38
"3812","Garinger High School",2019-02-14,2,2019,"Mecklenburg",35.2401000008895,-80.785683,22.3333333333333,35
"3813","Garinger High School",2019-02-15,2,2019,"Mecklenburg",35.2401000008895,-80.785683,39,36
"3814","Garinger High School",2019-02-16,2,2019,"Mecklenburg",35.2401000008895,-80.785683,14,34
"3815","Garinger High School",2019-02-17,2,2019,"Mecklenburg",35.2401000008895,-80.785683,30.6666666666667,26
"3816","Garinger High School",2019-02-18,2,2019,"Mecklenburg",35.2401000008895,-80.785683,13,32
"3817","Garinger High School",2019-02-19,2,2019,"Mecklenburg",35.2401000008895,-80.785683,25,24
"3818","Garinger High School",2019-02-20,2,2019,"Mecklenburg",35.2401000008895,-80.785683,13,27
"3819","Garinger High School",2019-02-21,2,2019,"Mecklenburg",35.2401000008895,-80.785683,23,19
"3820","Garinger High School",2019-02-22,2,2019,"Mecklenburg",35.2401000008895,-80.785683,12,31
"3821","Garinger High School",2019-02-23,2,2019,"Mecklenburg",35.2401000008895,-80.785683,6.33333333333333,30
"3822","Garinger High School",2019-02-24,2,2019,"Mecklenburg",35.2401000008895,-80.785683,9,41
"3823","Garinger High School",2019-02-25,2,2019,"Mecklenburg",35.2401000008895,-80.785683,10,41
"3824","Garinger High School",2019-02-26,2,2019,"Mecklenburg",35.2401000008895,-80.785683,31,43
"3825","Garinger High School",2019-02-27,2,2019,"Mecklenburg",35.2401000008895,-80.785683,55,20
"3826","Garinger High School",2019-02-28,2,2019,"Mecklenburg",35.2401000008895,-80.785683,52,28
"3827","Garinger High School",2019-03-01,3,2019,"Mecklenburg",35.2401000008895,-80.785683,26.6666666666667,19
"3828","Garinger High School",2019-03-02,3,2019,"Mecklenburg",35.2401000008895,-80.785683,22,25
"3829","Garinger High School",2019-03-03,3,2019,"Mecklenburg",35.2401000008895,-80.785683,27,14
"3830","Garinger High School",2019-03-04,3,2019,"Mecklenburg",35.2401000008895,-80.785683,22,36
"3831","Garinger High School",2019-03-05,3,2019,"Mecklenburg",35.2401000008895,-80.785683,21,38
"3832","Garinger High School",2019-03-06,3,2019,"Mecklenburg",35.2401000008895,-80.785683,23,42
"3833","Garinger High School",2019-03-07,3,2019,"Mecklenburg",35.2401000008895,-80.785683,29,40
"3834","Garinger High School",2019-03-08,3,2019,"Mecklenburg",35.2401000008895,-80.785683,52,27
"3835","Garinger High School",2019-03-09,3,2019,"Mecklenburg",35.2401000008895,-80.785683,54,24
"3836","Garinger High School",2019-03-10,3,2019,"Mecklenburg",35.2401000008895,-80.785683,37.3333333333333,20
"3837","Garinger High School",2019-03-11,3,2019,"Mecklenburg",35.2401000008895,-80.785683,25,38
"3838","Garinger High School",2019-03-12,3,2019,"Mecklenburg",35.2401000008895,-80.785683,18,44
"3839","Garinger High School",2019-03-13,3,2019,"Mecklenburg",35.2401000008895,-80.785683,35,49
"3840","Garinger High School",2019-03-14,3,2019,"Mecklenburg",35.2401000008895,-80.785683,33,47
"3841","Garinger High School",2019-03-15,3,2019,"Mecklenburg",35.2401000008895,-80.785683,27,31
"3842","Garinger High School",2019-03-16,3,2019,"Mecklenburg",35.2401000008895,-80.785683,21,44
"3843","Garinger High School",2019-03-17,3,2019,"Mecklenburg",35.2401000008895,-80.785683,20,46
"3844","Garinger High School",2019-03-18,3,2019,"Mecklenburg",35.2401000008895,-80.785683,27,46
"3845","Garinger High School",2019-03-19,3,2019,"Mecklenburg",35.2401000008895,-80.785683,27,45
"3846","Garinger High School",2019-03-20,3,2019,"Mecklenburg",35.2401000008895,-80.785683,31,49
"3847","Garinger High School",2019-03-21,3,2019,"Mecklenburg",35.2401000008895,-80.785683,32,50
"3848","Garinger High School",2019-03-22,3,2019,"Mecklenburg",35.2401000008895,-80.785683,18,44
"3849","Garinger High School",2019-03-23,3,2019,"Mecklenburg",35.2401000008895,-80.785683,23,50
"3850","Garinger High School",2019-03-24,3,2019,"Mecklenburg",35.2401000008895,-80.785683,41,58
"3851","Garinger High School",2019-03-25,3,2019,"Mecklenburg",35.2401000008895,-80.785683,51,44
"3852","Garinger High School",2019-03-26,3,2019,"Mecklenburg",35.2401000008895,-80.785683,40,43
"3853","Garinger High School",2019-03-27,3,2019,"Mecklenburg",35.2401000008895,-80.785683,21,47
"3854","Garinger High School",2019-03-28,3,2019,"Mecklenburg",35.2401000008895,-80.785683,34,58
"3855","Garinger High School",2019-03-29,3,2019,"Mecklenburg",35.2401000008895,-80.785683,45,67
"3856","Garinger High School",2019-03-30,3,2019,"Mecklenburg",35.2401000008895,-80.785683,55,51
"3857","Garinger High School",2019-03-31,3,2019,"Mecklenburg",35.2401000008895,-80.785683,21,42
"3858","Garinger High School",2019-04-01,4,2019,"Mecklenburg",35.2401000008895,-80.785683,19,44
"3859","Garinger High School",2019-04-02,4,2019,"Mecklenburg",35.2401000008895,-80.785683,27,40
"3860","Garinger High School",2019-04-03,4,2019,"Mecklenburg",35.2401000008895,-80.785683,32,58
"3861","Garinger High School",2019-04-04,4,2019,"Mecklenburg",35.2401000008895,-80.785683,35,64
"3862","Garinger High School",2019-04-05,4,2019,"Mecklenburg",35.2401000008895,-80.785683,21,38
"3863","Garinger High School",2019-04-06,4,2019,"Mecklenburg",35.2401000008895,-80.785683,27.3333333333333,47
"3864","Garinger High School",2019-04-07,4,2019,"Mecklenburg",35.2401000008895,-80.785683,48,31
"3865","Garinger High School",2019-04-08,4,2019,"Mecklenburg",35.2401000008895,-80.785683,32,31
"3866","Garinger High School",2019-04-09,4,2019,"Mecklenburg",35.2401000008895,-80.785683,28.6666666666667,22
"3867","Garinger High School",2019-04-10,4,2019,"Mecklenburg",35.2401000008895,-80.785683,24,71
"3868","Garinger High School",2019-04-11,4,2019,"Mecklenburg",35.2401000008895,-80.785683,31,48
"3869","Garinger High School",2019-04-12,4,2019,"Mecklenburg",35.2401000008895,-80.785683,25,29
"3870","Garinger High School",2019-04-13,4,2019,"Mecklenburg",35.2401000008895,-80.785683,23,32
"3871","Garinger High School",2019-04-14,4,2019,"Mecklenburg",35.2401000008895,-80.785683,25,33
"3872","Garinger High School",2019-04-15,4,2019,"Mecklenburg",35.2401000008895,-80.785683,12.3333333333333,47
"3873","Garinger High School",2019-04-16,4,2019,"Mecklenburg",35.2401000008895,-80.785683,19,61
"3874","Garinger High School",2019-04-17,4,2019,"Mecklenburg",35.2401000008895,-80.785683,41.5,64
"3875","Garinger High School",2019-04-18,4,2019,"Mecklenburg",35.2401000008895,-80.785683,33.3333333333333,45
"3876","Garinger High School",2019-04-19,4,2019,"Mecklenburg",35.2401000008895,-80.785683,28,35
"3877","Garinger High School",2019-04-20,4,2019,"Mecklenburg",35.2401000008895,-80.785683,14,31
"3878","Garinger High School",2019-04-21,4,2019,"Mecklenburg",35.2401000008895,-80.785683,23,35
"3879","Garinger High School",2019-04-22,4,2019,"Mecklenburg",35.2401000008895,-80.785683,22,47
"3880","Garinger High School",2019-04-23,4,2019,"Mecklenburg",35.2401000008895,-80.785683,31,47
"3881","Garinger High School",2019-04-24,4,2019,"Mecklenburg",35.2401000008895,-80.785683,40,50
"3882","Garinger High School",2019-04-25,4,2019,"Mecklenburg",35.2401000008895,-80.785683,53,42
"3883","Garinger High School",2019-04-26,4,2019,"Mecklenburg",35.2401000008895,-80.785683,43,44
"3884","Garinger High School",2019-04-27,4,2019,"Mecklenburg",35.2401000008895,-80.785683,29,54
"3885","Garinger High School",2019-04-28,4,2019,"Mecklenburg",35.2401000008895,-80.785683,40.6666666666667,48
"3886","Garinger High School",2019-04-29,4,2019,"Mecklenburg",35.2401000008895,-80.785683,47,39
"3887","Garinger High School",2019-04-30,4,2019,"Mecklenburg",35.2401000008895,-80.785683,49.3333333333333,58
"3888","Garinger High School",2019-05-01,5,2019,"Mecklenburg",35.2401000008895,-80.785683,37.5,33
"3889","Garinger High School",2019-05-02,5,2019,"Mecklenburg",35.2401000008895,-80.785683,28,44
"3890","Garinger High School",2019-05-03,5,2019,"Mecklenburg",35.2401000008895,-80.785683,21.6666666666667,31
"3891","Garinger High School",2019-05-04,5,2019,"Mecklenburg",35.2401000008895,-80.785683,26,33
"3892","Garinger High School",2019-05-05,5,2019,"Mecklenburg",35.2401000008895,-80.785683,15,27
"3893","Garinger High School",2019-05-06,5,2019,"Mecklenburg",35.2401000008895,-80.785683,21.6666666666667,46
"3894","Garinger High School",2019-05-07,5,2019,"Mecklenburg",35.2401000008895,-80.785683,27,43
"3895","Garinger High School",2019-05-08,5,2019,"Mecklenburg",35.2401000008895,-80.785683,30,42
"3896","Garinger High School",2019-05-09,5,2019,"Mecklenburg",35.2401000008895,-80.785683,17.3333333333333,38
"3897","Garinger High School",2019-05-10,5,2019,"Mecklenburg",35.2401000008895,-80.785683,20,27
"3898","Garinger High School",2019-05-11,5,2019,"Mecklenburg",35.2401000008895,-80.785683,19,32
"3899","Garinger High School",2019-05-12,5,2019,"Mecklenburg",35.2401000008895,-80.785683,18,32
"3900","Garinger High School",2019-05-13,5,2019,"Mecklenburg",35.2401000008895,-80.785683,15,38
"3901","Garinger High School",2019-05-14,5,2019,"Mecklenburg",35.2401000008895,-80.785683,18,44
"3902","Garinger High School",2019-05-15,5,2019,"Mecklenburg",35.2401000008895,-80.785683,27.3333333333333,46
"3903","Garinger High School",2019-05-16,5,2019,"Mecklenburg",35.2401000008895,-80.785683,36,58
"3904","Garinger High School",2019-05-17,5,2019,"Mecklenburg",35.2401000008895,-80.785683,46,74
"3905","Garinger High School",2019-05-18,5,2019,"Mecklenburg",35.2401000008895,-80.785683,46,64
"3906","Garinger High School",2019-05-19,5,2019,"Mecklenburg",35.2401000008895,-80.785683,48,46
"3907","Garinger High School",2019-05-20,5,2019,"Mecklenburg",35.2401000008895,-80.785683,37,44
"3908","Garinger High School",2019-05-21,5,2019,"Mecklenburg",35.2401000008895,-80.785683,37,74
"3909","Garinger High School",2019-05-22,5,2019,"Mecklenburg",35.2401000008895,-80.785683,54,42
"3910","Garinger High School",2019-05-23,5,2019,"Mecklenburg",35.2401000008895,-80.785683,43,35
"3911","Garinger High School",2019-05-24,5,2019,"Mecklenburg",35.2401000008895,-80.785683,52,48
"3912","Garinger High School",2019-05-25,5,2019,"Mecklenburg",35.2401000008895,-80.785683,58,58
"3913","Garinger High School",2019-05-26,5,2019,"Mecklenburg",35.2401000008895,-80.785683,54,44
"3914","Garinger High School",2019-05-27,5,2019,"Mecklenburg",35.2401000008895,-80.785683,52.6666666666667,43
"3915","Garinger High School",2019-05-28,5,2019,"Mecklenburg",35.2401000008895,-80.785683,53,51
"3916","Garinger High School",2019-05-30,5,2019,"Mecklenburg",35.2401000008895,-80.785683,55,47
"3917","Garinger High School",2019-05-31,5,2019,"Mecklenburg",35.2401000008895,-80.785683,NA,61
"3918","Garinger High School",2019-06-01,6,2019,"Mecklenburg",35.2401000008895,-80.785683,NA,61
"3919","Garinger High School",2019-06-02,6,2019,"Mecklenburg",35.2401000008895,-80.785683,53,80
"3920","Garinger High School",2019-06-03,6,2019,"Mecklenburg",35.2401000008895,-80.785683,NA,71
"3921","Garinger High School",2019-06-04,6,2019,"Mecklenburg",35.2401000008895,-80.785683,40,64
"3922","Garinger High School",2019-06-05,6,2019,"Mecklenburg",35.2401000008895,-80.785683,55,41
"3923","Garinger High School",2019-06-06,6,2019,"Mecklenburg",35.2401000008895,-80.785683,39,39
"3924","Garinger High School",2019-06-07,6,2019,"Mecklenburg",35.2401000008895,-80.785683,36,20
"3925","Garinger High School",2019-06-08,6,2019,"Mecklenburg",35.2401000008895,-80.785683,22,44
"3926","Garinger High School",2019-06-09,6,2019,"Mecklenburg",35.2401000008895,-80.785683,NA,28
"3927","Garinger High School",2019-06-10,6,2019,"Mecklenburg",35.2401000008895,-80.785683,NA,33
"3928","Garinger High School",2019-06-11,6,2019,"Mecklenburg",35.2401000008895,-80.785683,21,47
"3929","Garinger High School",2019-06-12,6,2019,"Mecklenburg",35.2401000008895,-80.785683,24,36
"3930","Garinger High School",2019-06-13,6,2019,"Mecklenburg",35.2401000008895,-80.785683,27,42
"3931","Garinger High School",2019-06-14,6,2019,"Mecklenburg",35.2401000008895,-80.785683,22.6666666666667,71
"3932","Garinger High School",2019-06-15,6,2019,"Mecklenburg",35.2401000008895,-80.785683,38,50
"3933","Garinger High School",2019-06-16,6,2019,"Mecklenburg",35.2401000008895,-80.785683,45,41
"3934","Garinger High School",2019-06-17,6,2019,"Mecklenburg",35.2401000008895,-80.785683,37.6666666666667,40
"3935","Garinger High School",2019-06-18,6,2019,"Mecklenburg",35.2401000008895,-80.785683,21,31
"3936","Garinger High School",2019-06-19,6,2019,"Mecklenburg",35.2401000008895,-80.785683,23,31
"3937","Garinger High School",2019-06-20,6,2019,"Mecklenburg",35.2401000008895,-80.785683,36,42
"3938","Garinger High School",2019-06-21,6,2019,"Mecklenburg",35.2401000008895,-80.785683,25,44
"3939","Garinger High School",2019-06-22,6,2019,"Mecklenburg",35.2401000008895,-80.785683,24,48
"3940","Garinger High School",2019-06-23,6,2019,"Mecklenburg",35.2401000008895,-80.785683,43.6666666666667,44
"3941","Garinger High School",2019-06-24,6,2019,"Mecklenburg",35.2401000008895,-80.785683,54,30
"3942","Garinger High School",2019-06-25,6,2019,"Mecklenburg",35.2401000008895,-80.785683,28,42
"3943","Garinger High School",2019-06-26,6,2019,"Mecklenburg",35.2401000008895,-80.785683,29.6666666666667,49
"3944","Garinger High School",2019-06-27,6,2019,"Mecklenburg",35.2401000008895,-80.785683,43,64
"3945","Garinger High School",2019-06-28,6,2019,"Mecklenburg",35.2401000008895,-80.785683,45,93
"3946","Garinger High School",2019-06-29,6,2019,"Mecklenburg",35.2401000008895,-80.785683,49.3333333333333,71
"3947","Garinger High School",2019-06-30,6,2019,"Mecklenburg",35.2401000008895,-80.785683,45,47
"3948","Garinger High School",2019-07-01,7,2019,"Mecklenburg",35.2401000008895,-80.785683,48,74
"3949","Garinger High School",2019-07-02,7,2019,"Mecklenburg",35.2401000008895,-80.785683,51.6666666666667,122
"3950","Garinger High School",2019-07-03,7,2019,"Mecklenburg",35.2401000008895,-80.785683,43,90
"3951","Garinger High School",2019-07-04,7,2019,"Mecklenburg",35.2401000008895,-80.785683,64,49
"3952","Garinger High School",2019-07-05,7,2019,"Mecklenburg",35.2401000008895,-80.785683,53,47
"3953","Garinger High School",2019-07-06,7,2019,"Mecklenburg",35.2401000008895,-80.785683,38,34
"3954","Garinger High School",2019-07-07,7,2019,"Mecklenburg",35.2401000008895,-80.785683,49,40
"3955","Garinger High School",2019-07-08,7,2019,"Mecklenburg",35.2401000008895,-80.785683,52,80
"3956","Garinger High School",2019-07-09,7,2019,"Mecklenburg",35.2401000008895,-80.785683,29.5,31
"3957","Garinger High School",2019-07-10,7,2019,"Mecklenburg",35.2401000008895,-80.785683,30,38
"3958","Garinger High School",2019-07-11,7,2019,"Mecklenburg",35.2401000008895,-80.785683,28,37
"3959","Garinger High School",2019-07-12,7,2019,"Mecklenburg",35.2401000008895,-80.785683,24,38
"3960","Garinger High School",2019-07-13,7,2019,"Mecklenburg",35.2401000008895,-80.785683,30,49
"3961","Garinger High School",2019-07-14,7,2019,"Mecklenburg",35.2401000008895,-80.785683,26,42
"3962","Garinger High School",2019-07-15,7,2019,"Mecklenburg",35.2401000008895,-80.785683,44,61
"3963","Garinger High School",2019-07-16,7,2019,"Mecklenburg",35.2401000008895,-80.785683,56,50
"3964","Garinger High School",2019-07-17,7,2019,"Mecklenburg",35.2401000008895,-80.785683,55,31
"3965","Garinger High School",2019-07-18,7,2019,"Mecklenburg",35.2401000008895,-80.785683,26,40
"3966","Garinger High School",2019-07-19,7,2019,"Mecklenburg",35.2401000008895,-80.785683,35,97
"3967","Garinger High School",2019-07-20,7,2019,"Mecklenburg",35.2401000008895,-80.785683,25.5,39
"3968","Garinger High School",2019-07-21,7,2019,"Mecklenburg",35.2401000008895,-80.785683,34,33
"3969","Garinger High School",2019-07-22,7,2019,"Mecklenburg",35.2401000008895,-80.785683,23,33
"3970","Garinger High School",2019-07-23,7,2019,"Mecklenburg",35.2401000008895,-80.785683,25,30
"3971","Garinger High School",2019-07-24,7,2019,"Mecklenburg",35.2401000008895,-80.785683,36,44
"3972","Garinger High School",2019-07-25,7,2019,"Mecklenburg",35.2401000008895,-80.785683,40,50
"3973","Garinger High School",2019-07-26,7,2019,"Mecklenburg",35.2401000008895,-80.785683,46,49
"3974","Garinger High School",2019-07-27,7,2019,"Mecklenburg",35.2401000008895,-80.785683,57,64
"3975","Garinger High School",2019-07-28,7,2019,"Mecklenburg",35.2401000008895,-80.785683,56,97
"3976","Garinger High School",2019-07-29,7,2019,"Mecklenburg",35.2401000008895,-80.785683,51,80
"3977","Garinger High School",2019-07-30,7,2019,"Mecklenburg",35.2401000008895,-80.785683,49,67
"3978","Garinger High School",2019-07-31,7,2019,"Mecklenburg",35.2401000008895,-80.785683,40,46
"3979","Garinger High School",2019-08-01,8,2019,"Mecklenburg",35.2401000008895,-80.785683,42,77
"3980","Garinger High School",2019-08-02,8,2019,"Mecklenburg",35.2401000008895,-80.785683,46,43
"3981","Garinger High School",2019-08-03,8,2019,"Mecklenburg",35.2401000008895,-80.785683,50,46
"3982","Garinger High School",2019-08-04,8,2019,"Mecklenburg",35.2401000008895,-80.785683,38.5,41
"3983","Garinger High School",2019-08-05,8,2019,"Mecklenburg",35.2401000008895,-80.785683,35,64
"3984","Garinger High School",2019-08-06,8,2019,"Mecklenburg",35.2401000008895,-80.785683,40,58
"3985","Garinger High School",2019-08-07,8,2019,"Mecklenburg",35.2401000008895,-80.785683,41,67
"3986","Garinger High School",2019-08-08,8,2019,"Mecklenburg",35.2401000008895,-80.785683,40,44
"3987","Garinger High School",2019-08-09,8,2019,"Mecklenburg",35.2401000008895,-80.785683,44,112
"3988","Garinger High School",2019-08-10,8,2019,"Mecklenburg",35.2401000008895,-80.785683,51,44
"3989","Garinger High School",2019-08-11,8,2019,"Mecklenburg",35.2401000008895,-80.785683,46,42
"3990","Garinger High School",2019-08-12,8,2019,"Mecklenburg",35.2401000008895,-80.785683,51,47
"3991","Garinger High School",2019-08-13,8,2019,"Mecklenburg",35.2401000008895,-80.785683,42.5,41
"3992","Garinger High School",2019-08-14,8,2019,"Mecklenburg",35.2401000008895,-80.785683,29,49
"3993","Garinger High School",2019-08-15,8,2019,"Mecklenburg",35.2401000008895,-80.785683,40,105
"3994","Garinger High School",2019-08-16,8,2019,"Mecklenburg",35.2401000008895,-80.785683,40,100
"3995","Garinger High School",2019-08-17,8,2019,"Mecklenburg",35.2401000008895,-80.785683,34,43
"3996","Garinger High School",2019-08-18,8,2019,"Mecklenburg",35.2401000008895,-80.785683,34,54
"3997","Garinger High School",2019-08-19,8,2019,"Mecklenburg",35.2401000008895,-80.785683,39,46
"3998","Garinger High School",2019-08-20,8,2019,"Mecklenburg",35.2401000008895,-80.785683,27,30
"3999","Garinger High School",2019-08-21,8,2019,"Mecklenburg",35.2401000008895,-80.785683,22,41
"4000","Garinger High School",2019-08-22,8,2019,"Mecklenburg",35.2401000008895,-80.785683,36,41
"4001","Garinger High School",2019-08-23,8,2019,"Mecklenburg",35.2401000008895,-80.785683,25,44
"4002","Garinger High School",2019-08-24,8,2019,"Mecklenburg",35.2401000008895,-80.785683,16,26
"4003","Garinger High School",2019-08-25,8,2019,"Mecklenburg",35.2401000008895,-80.785683,21.5,31
"4004","Garinger High School",2019-08-26,8,2019,"Mecklenburg",35.2401000008895,-80.785683,20,27
"4005","Garinger High School",2019-08-27,8,2019,"Mecklenburg",35.2401000008895,-80.785683,23,28
"4006","Garinger High School",2019-08-28,8,2019,"Mecklenburg",35.2401000008895,-80.785683,26.5,40
"4007","Garinger High School",2019-08-29,8,2019,"Mecklenburg",35.2401000008895,-80.785683,29,50
"4008","Garinger High School",2019-08-30,8,2019,"Mecklenburg",35.2401000008895,-80.785683,44,101
"4009","Garinger High School",2019-08-31,8,2019,"Mecklenburg",35.2401000008895,-80.785683,48,50
"4010","Garinger High School",2019-09-01,9,2019,"Mecklenburg",35.2401000008895,-80.785683,34,37
"4011","Garinger High School",2019-09-02,9,2019,"Mecklenburg",35.2401000008895,-80.785683,25,35
"4012","Garinger High School",2019-09-03,9,2019,"Mecklenburg",35.2401000008895,-80.785683,39,48
"4013","Garinger High School",2019-09-04,9,2019,"Mecklenburg",35.2401000008895,-80.785683,37,37
"4014","Garinger High School",2019-09-05,9,2019,"Mecklenburg",35.2401000008895,-80.785683,23,30
"4015","Garinger High School",2019-09-06,9,2019,"Mecklenburg",35.2401000008895,-80.785683,36,54
"4016","Garinger High School",2019-09-07,9,2019,"Mecklenburg",35.2401000008895,-80.785683,49,87
"4017","Garinger High School",2019-09-08,9,2019,"Mecklenburg",35.2401000008895,-80.785683,51,77
"4018","Garinger High School",2019-09-09,9,2019,"Mecklenburg",35.2401000008895,-80.785683,59,129
"4019","Garinger High School",2019-09-10,9,2019,"Mecklenburg",35.2401000008895,-80.785683,60,49
"4020","Garinger High School",2019-09-11,9,2019,"Mecklenburg",35.2401000008895,-80.785683,59,126
"4021","Garinger High School",2019-09-12,9,2019,"Mecklenburg",35.2401000008895,-80.785683,56,67
"4022","Garinger High School",2019-09-13,9,2019,"Mecklenburg",35.2401000008895,-80.785683,52,44
"4023","Garinger High School",2019-09-14,9,2019,"Mecklenburg",35.2401000008895,-80.785683,26,34
"4024","Garinger High School",2019-09-15,9,2019,"Mecklenburg",35.2401000008895,-80.785683,41.5,43
"4025","Garinger High School",2019-09-16,9,2019,"Mecklenburg",35.2401000008895,-80.785683,38,54
"4026","Garinger High School",2019-09-17,9,2019,"Mecklenburg",35.2401000008895,-80.785683,53,108
"4027","Garinger High School",2019-09-18,9,2019,"Mecklenburg",35.2401000008895,-80.785683,26.5,42
"4028","Garinger High School",2019-09-19,9,2019,"Mecklenburg",35.2401000008895,-80.785683,23,44
"4029","Garinger High School",2019-09-20,9,2019,"Mecklenburg",35.2401000008895,-80.785683,35,46
"4030","Garinger High School",2019-09-21,9,2019,"Mecklenburg",35.2401000008895,-80.785683,55.5,51
"4031","Garinger High School",2019-09-22,9,2019,"Mecklenburg",35.2401000008895,-80.785683,46,45
"4032","Garinger High School",2019-09-23,9,2019,"Mecklenburg",35.2401000008895,-80.785683,31,71
"4033","Garinger High School",2019-09-24,9,2019,"Mecklenburg",35.2401000008895,-80.785683,33.5,51
"4034","Garinger High School",2019-09-25,9,2019,"Mecklenburg",35.2401000008895,-80.785683,46,100
"4035","Garinger High School",2019-09-26,9,2019,"Mecklenburg",35.2401000008895,-80.785683,47,80
"4036","Garinger High School",2019-09-27,9,2019,"Mecklenburg",35.2401000008895,-80.785683,46.5,50
"4037","Garinger High School",2019-09-28,9,2019,"Mecklenburg",35.2401000008895,-80.785683,38,43
"4038","Garinger High School",2019-09-29,9,2019,"Mecklenburg",35.2401000008895,-80.785683,52,51
"4039","Garinger High School",2019-09-30,9,2019,"Mecklenburg",35.2401000008895,-80.785683,63.5,44
"4040","Garinger High School",2019-10-01,10,2019,"Mecklenburg",35.2401000008895,-80.785683,70,97
"4041","Garinger High School",2019-10-02,10,2019,"Mecklenburg",35.2401000008895,-80.785683,60,77
"4042","Garinger High School",2019-10-03,10,2019,"Mecklenburg",35.2401000008895,-80.785683,58,90
"4043","Garinger High School",2019-10-04,10,2019,"Mecklenburg",35.2401000008895,-80.785683,49,67
"4044","Garinger High School",2019-10-05,10,2019,"Mecklenburg",35.2401000008895,-80.785683,23,28
"4045","Garinger High School",2019-10-06,10,2019,"Mecklenburg",35.2401000008895,-80.785683,27,35
"4046","Garinger High School",2019-10-07,10,2019,"Mecklenburg",35.2401000008895,-80.785683,21,35
"4047","Garinger High School",2019-10-08,10,2019,"Mecklenburg",35.2401000008895,-80.785683,18,28
"4048","Garinger High School",2019-10-09,10,2019,"Mecklenburg",35.2401000008895,-80.785683,16,41
"4049","Garinger High School",2019-10-10,10,2019,"Mecklenburg",35.2401000008895,-80.785683,24,43
"4050","Garinger High School",2019-10-11,10,2019,"Mecklenburg",35.2401000008895,-80.785683,32,48
"4051","Garinger High School",2019-10-12,10,2019,"Mecklenburg",35.2401000008895,-80.785683,38,43
"4052","Garinger High School",2019-10-13,10,2019,"Mecklenburg",35.2401000008895,-80.785683,38,18
"4053","Garinger High School",2019-10-14,10,2019,"Mecklenburg",35.2401000008895,-80.785683,21,42
"4054","Garinger High School",2019-10-15,10,2019,"Mecklenburg",35.2401000008895,-80.785683,40,45
"4055","Garinger High School",2019-10-16,10,2019,"Mecklenburg",35.2401000008895,-80.785683,16,29
"4056","Garinger High School",2019-10-17,10,2019,"Mecklenburg",35.2401000008895,-80.785683,11,31
"4057","Garinger High School",2019-10-18,10,2019,"Mecklenburg",35.2401000008895,-80.785683,20,36
"4058","Garinger High School",2019-10-19,10,2019,"Mecklenburg",35.2401000008895,-80.785683,35,30
"4059","Garinger High School",2019-10-20,10,2019,"Mecklenburg",35.2401000008895,-80.785683,12,31
"4060","Garinger High School",2019-10-21,10,2019,"Mecklenburg",35.2401000008895,-80.785683,18,31
"4061","Garinger High School",2019-10-22,10,2019,"Mecklenburg",35.2401000008895,-80.785683,15,29
"4062","Garinger High School",2019-10-23,10,2019,"Mecklenburg",35.2401000008895,-80.785683,23,36
"4063","Garinger High School",2019-10-24,10,2019,"Mecklenburg",35.2401000008895,-80.785683,35,42
"4064","Garinger High School",2019-10-25,10,2019,"Mecklenburg",35.2401000008895,-80.785683,35,33
"4065","Garinger High School",2019-10-26,10,2019,"Mecklenburg",35.2401000008895,-80.785683,28,34
"4066","Garinger High School",2019-10-27,10,2019,"Mecklenburg",35.2401000008895,-80.785683,18,31
"4067","Garinger High School",2019-10-28,10,2019,"Mecklenburg",35.2401000008895,-80.785683,22,36
"4068","Garinger High School",2019-10-29,10,2019,"Mecklenburg",35.2401000008895,-80.785683,46,30
"4069","Garinger High School",2019-10-30,10,2019,"Mecklenburg",35.2401000008895,-80.785683,26,19
"4070","Garinger High School",2019-10-31,10,2019,"Mecklenburg",35.2401000008895,-80.785683,15,19
"4071","Garinger High School",2019-11-01,11,2019,"Mecklenburg",35.2401000008895,-80.785683,15,28
"4072","Garinger High School",2019-11-02,11,2019,"Mecklenburg",35.2401000008895,-80.785683,37,31
"4073","Garinger High School",2019-11-03,11,2019,"Mecklenburg",35.2401000008895,-80.785683,42,33
"4074","Garinger High School",2019-11-04,11,2019,"Mecklenburg",35.2401000008895,-80.785683,48,31
"4075","Garinger High School",2019-11-05,11,2019,"Mecklenburg",35.2401000008895,-80.785683,45,24
"4076","Garinger High School",2019-11-06,11,2019,"Mecklenburg",35.2401000008895,-80.785683,40,36
"4077","Garinger High School",2019-11-07,11,2019,"Mecklenburg",35.2401000008895,-80.785683,53,32
"4078","Garinger High School",2019-11-08,11,2019,"Mecklenburg",35.2401000008895,-80.785683,21,31
"4079","Garinger High School",2019-11-09,11,2019,"Mecklenburg",35.2401000008895,-80.785683,44,31
"4080","Garinger High School",2019-11-10,11,2019,"Mecklenburg",35.2401000008895,-80.785683,67,34
"4081","Garinger High School",2019-11-11,11,2019,"Mecklenburg",35.2401000008895,-80.785683,41,34
"4082","Garinger High School",2019-11-12,11,2019,"Mecklenburg",35.2401000008895,-80.785683,24,27
"4083","Garinger High School",2019-11-13,11,2019,"Mecklenburg",35.2401000008895,-80.785683,35,31
"4084","Garinger High School",2019-11-14,11,2019,"Mecklenburg",35.2401000008895,-80.785683,54,14
"4085","Garinger High School",2019-11-15,11,2019,"Mecklenburg",35.2401000008895,-80.785683,50,31
"4086","Garinger High School",2019-11-16,11,2019,"Mecklenburg",35.2401000008895,-80.785683,25,31
"4087","Garinger High School",2019-11-17,11,2019,"Mecklenburg",35.2401000008895,-80.785683,20,32
"4088","Garinger High School",2019-11-18,11,2019,"Mecklenburg",35.2401000008895,-80.785683,27,11
"4089","Garinger High School",2019-11-19,11,2019,"Mecklenburg",35.2401000008895,-80.785683,56,14
"4090","Garinger High School",2019-11-20,11,2019,"Mecklenburg",35.2401000008895,-80.785683,38,31
"4091","Garinger High School",2019-11-21,11,2019,"Mecklenburg",35.2401000008895,-80.785683,39,30
"4092","Garinger High School",2019-11-22,11,2019,"Mecklenburg",35.2401000008895,-80.785683,61,32
"4093","Garinger High School",2019-11-23,11,2019,"Mecklenburg",35.2401000008895,-80.785683,49,15
"4094","Garinger High School",2019-11-24,11,2019,"Mecklenburg",35.2401000008895,-80.785683,25,33
"4095","Garinger High School",2019-11-25,11,2019,"Mecklenburg",35.2401000008895,-80.785683,50,31
"4096","Garinger High School",2019-11-26,11,2019,"Mecklenburg",35.2401000008895,-80.785683,59,30
"4097","Garinger High School",2019-11-27,11,2019,"Mecklenburg",35.2401000008895,-80.785683,48,22
"4098","Garinger High School",2019-11-28,11,2019,"Mecklenburg",35.2401000008895,-80.785683,10,34
"4099","Garinger High School",2019-11-29,11,2019,"Mecklenburg",35.2401000008895,-80.785683,28,24
"4100","Garinger High School",2019-11-30,11,2019,"Mecklenburg",35.2401000008895,-80.785683,52,22
"4101","Garinger High School",2019-12-01,12,2019,"Mecklenburg",35.2401000008895,-80.785683,32,37
"4102","Garinger High School",2019-12-02,12,2019,"Mecklenburg",35.2401000008895,-80.785683,9,19
"4103","Garinger High School",2019-12-03,12,2019,"Mecklenburg",35.2401000008895,-80.785683,15,23
"4104","Garinger High School",2019-12-04,12,2019,"Mecklenburg",35.2401000008895,-80.785683,26,32
"4105","Garinger High School",2019-12-05,12,2019,"Mecklenburg",35.2401000008895,-80.785683,26,31
"4106","Garinger High School",2019-12-06,12,2019,"Mecklenburg",35.2401000008895,-80.785683,62,20
"4107","Garinger High School",2019-12-07,12,2019,"Mecklenburg",35.2401000008895,-80.785683,56,31
"4108","Garinger High School",2019-12-08,12,2019,"Mecklenburg",35.2401000008895,-80.785683,26,31
"4109","Garinger High School",2019-12-09,12,2019,"Mecklenburg",35.2401000008895,-80.785683,53,13
"4110","Garinger High School",2019-12-10,12,2019,"Mecklenburg",35.2401000008895,-80.785683,37,28
"4111","Garinger High School",2019-12-11,12,2019,"Mecklenburg",35.2401000008895,-80.785683,18,32
"4112","Garinger High School",2019-12-12,12,2019,"Mecklenburg",35.2401000008895,-80.785683,33,30
"4113","Garinger High School",2019-12-13,12,2019,"Mecklenburg",35.2401000008895,-80.785683,22,19
"4114","Garinger High School",2019-12-14,12,2019,"Mecklenburg",35.2401000008895,-80.785683,15,26
"4115","Garinger High School",2019-12-15,12,2019,"Mecklenburg",35.2401000008895,-80.785683,35,29
"4116","Garinger High School",2019-12-16,12,2019,"Mecklenburg",35.2401000008895,-80.785683,37,33
"4117","Garinger High School",2019-12-17,12,2019,"Mecklenburg",35.2401000008895,-80.785683,15,27
"4118","Garinger High School",2019-12-18,12,2019,"Mecklenburg",35.2401000008895,-80.785683,14,32
"4119","Garinger High School",2019-12-19,12,2019,"Mecklenburg",35.2401000008895,-80.785683,33,28
"4120","Garinger High School",2019-12-20,12,2019,"Mecklenburg",35.2401000008895,-80.785683,58,19
"4121","Garinger High School",2019-12-21,12,2019,"Mecklenburg",35.2401000008895,-80.785683,58,23
"4122","Garinger High School",2019-12-22,12,2019,"Mecklenburg",35.2401000008895,-80.785683,71,25
"4123","Garinger High School",2019-12-23,12,2019,"Mecklenburg",35.2401000008895,-80.785683,33,26
"4124","Garinger High School",2019-12-24,12,2019,"Mecklenburg",35.2401000008895,-80.785683,22,33
"4125","Garinger High School",2019-12-25,12,2019,"Mecklenburg",35.2401000008895,-80.785683,52,31
"4126","Garinger High School",2019-12-26,12,2019,"Mecklenburg",35.2401000008895,-80.785683,62,24
"4127","Garinger High School",2019-12-27,12,2019,"Mecklenburg",35.2401000008895,-80.785683,NA,19
"4128","Garinger High School",2019-12-28,12,2019,"Mecklenburg",35.2401000008895,-80.785683,65,29
"4129","Garinger High School",2019-12-29,12,2019,"Mecklenburg",35.2401000008895,-80.785683,19,25
"4130","Garinger High School",2019-12-30,12,2019,"Mecklenburg",35.2401000008895,-80.785683,15,36
"4131","Garinger High School",2019-12-31,12,2019,"Mecklenburg",35.2401000008895,-80.785683,18,32
"4132","Hattie Avenue",2018-01-01,1,2018,"Forsyth",36.110693332,-80.2264378,22,NA
"4133","Hattie Avenue",2018-01-02,1,2018,"Forsyth",36.110693332,-80.2264378,25.5,NA
"4134","Hattie Avenue",2018-01-03,1,2018,"Forsyth",36.110693332,-80.2264378,55,NA
"4135","Hattie Avenue",2018-01-04,1,2018,"Forsyth",36.110693332,-80.2264378,35,NA
"4136","Hattie Avenue",2018-01-05,1,2018,"Forsyth",36.110693332,-80.2264378,27,NA
"4137","Hattie Avenue",2018-01-06,1,2018,"Forsyth",36.110693332,-80.2264378,22,NA
"4138","Hattie Avenue",2018-01-07,1,2018,"Forsyth",36.110693332,-80.2264378,28,NA
"4139","Hattie Avenue",2018-01-08,1,2018,"Forsyth",36.110693332,-80.2264378,40,NA
"4140","Hattie Avenue",2018-01-09,1,2018,"Forsyth",36.110693332,-80.2264378,54,NA
"4141","Hattie Avenue",2018-01-10,1,2018,"Forsyth",36.110693332,-80.2264378,32,NA
"4142","Hattie Avenue",2018-01-11,1,2018,"Forsyth",36.110693332,-80.2264378,48.5,NA
"4143","Hattie Avenue",2018-01-12,1,2018,"Forsyth",36.110693332,-80.2264378,23,NA
"4144","Hattie Avenue",2018-01-13,1,2018,"Forsyth",36.110693332,-80.2264378,10,NA
"4145","Hattie Avenue",2018-01-14,1,2018,"Forsyth",36.110693332,-80.2264378,20.3333333333333,NA
"4146","Hattie Avenue",2018-01-15,1,2018,"Forsyth",36.110693332,-80.2264378,30,NA
"4147","Hattie Avenue",2018-01-16,1,2018,"Forsyth",36.110693332,-80.2264378,68,NA
"4148","Hattie Avenue",2018-01-17,1,2018,"Forsyth",36.110693332,-80.2264378,47.5,NA
"4149","Hattie Avenue",2018-01-18,1,2018,"Forsyth",36.110693332,-80.2264378,35,NA
"4150","Hattie Avenue",2018-01-19,1,2018,"Forsyth",36.110693332,-80.2264378,43,NA
"4151","Hattie Avenue",2018-01-20,1,2018,"Forsyth",36.110693332,-80.2264378,36,NA
"4152","Hattie Avenue",2018-01-21,1,2018,"Forsyth",36.110693332,-80.2264378,49,NA
"4153","Hattie Avenue",2018-01-22,1,2018,"Forsyth",36.110693332,-80.2264378,52,NA
"4154","Hattie Avenue",2018-01-23,1,2018,"Forsyth",36.110693332,-80.2264378,20,NA
"4155","Hattie Avenue",2018-01-24,1,2018,"Forsyth",36.110693332,-80.2264378,15,NA
"4156","Hattie Avenue",2018-01-25,1,2018,"Forsyth",36.110693332,-80.2264378,34,NA
"4157","Hattie Avenue",2018-01-26,1,2018,"Forsyth",36.110693332,-80.2264378,57.6666666666667,NA
"4158","Hattie Avenue",2018-01-27,1,2018,"Forsyth",36.110693332,-80.2264378,76,NA
"4159","Hattie Avenue",2018-01-28,1,2018,"Forsyth",36.110693332,-80.2264378,46,NA
"4160","Hattie Avenue",2018-01-29,1,2018,"Forsyth",36.110693332,-80.2264378,12.5,NA
"4161","Hattie Avenue",2018-01-30,1,2018,"Forsyth",36.110693332,-80.2264378,22,NA
"4162","Hattie Avenue",2018-01-31,1,2018,"Forsyth",36.110693332,-80.2264378,31,NA
"4163","Hattie Avenue",2018-02-01,2,2018,"Forsyth",36.110693332,-80.2264378,38.3333333333333,NA
"4164","Hattie Avenue",2018-02-02,2,2018,"Forsyth",36.110693332,-80.2264378,16,NA
"4165","Hattie Avenue",2018-02-03,2,2018,"Forsyth",36.110693332,-80.2264378,24,NA
"4166","Hattie Avenue",2018-02-04,2,2018,"Forsyth",36.110693332,-80.2264378,36,NA
"4167","Hattie Avenue",2018-02-05,2,2018,"Forsyth",36.110693332,-80.2264378,22,NA
"4168","Hattie Avenue",2018-02-06,2,2018,"Forsyth",36.110693332,-80.2264378,37,NA
"4169","Hattie Avenue",2018-02-07,2,2018,"Forsyth",36.110693332,-80.2264378,23.5,NA
"4170","Hattie Avenue",2018-02-08,2,2018,"Forsyth",36.110693332,-80.2264378,32,NA
"4171","Hattie Avenue",2018-02-09,2,2018,"Forsyth",36.110693332,-80.2264378,53,NA
"4172","Hattie Avenue",2018-02-10,2,2018,"Forsyth",36.110693332,-80.2264378,50.5,NA
"4173","Hattie Avenue",2018-02-11,2,2018,"Forsyth",36.110693332,-80.2264378,23,NA
"4174","Hattie Avenue",2018-02-12,2,2018,"Forsyth",36.110693332,-80.2264378,15,NA
"4175","Hattie Avenue",2018-02-13,2,2018,"Forsyth",36.110693332,-80.2264378,24.5,NA
"4176","Hattie Avenue",2018-02-14,2,2018,"Forsyth",36.110693332,-80.2264378,45,NA
"4177","Hattie Avenue",2018-02-15,2,2018,"Forsyth",36.110693332,-80.2264378,34,NA
"4178","Hattie Avenue",2018-02-16,2,2018,"Forsyth",36.110693332,-80.2264378,20.5,NA
"4179","Hattie Avenue",2018-02-17,2,2018,"Forsyth",36.110693332,-80.2264378,23,NA
"4180","Hattie Avenue",2018-02-18,2,2018,"Forsyth",36.110693332,-80.2264378,18,NA
"4181","Hattie Avenue",2018-02-19,2,2018,"Forsyth",36.110693332,-80.2264378,38,NA
"4182","Hattie Avenue",2018-02-20,2,2018,"Forsyth",36.110693332,-80.2264378,43,NA
"4183","Hattie Avenue",2018-02-21,2,2018,"Forsyth",36.110693332,-80.2264378,36,NA
"4184","Hattie Avenue",2018-02-22,2,2018,"Forsyth",36.110693332,-80.2264378,36,NA
"4185","Hattie Avenue",2018-02-23,2,2018,"Forsyth",36.110693332,-80.2264378,53,NA
"4186","Hattie Avenue",2018-02-24,2,2018,"Forsyth",36.110693332,-80.2264378,52,NA
"4187","Hattie Avenue",2018-02-25,2,2018,"Forsyth",36.110693332,-80.2264378,30.6666666666667,NA
"4188","Hattie Avenue",2018-02-26,2,2018,"Forsyth",36.110693332,-80.2264378,18,NA
"4189","Hattie Avenue",2018-02-27,2,2018,"Forsyth",36.110693332,-80.2264378,28,NA
"4190","Hattie Avenue",2018-02-28,2,2018,"Forsyth",36.110693332,-80.2264378,44,NA
"4191","Hattie Avenue",2018-03-01,3,2018,"Forsyth",36.110693332,-80.2264378,37,40
"4192","Hattie Avenue",2018-03-02,3,2018,"Forsyth",36.110693332,-80.2264378,10,43
"4193","Hattie Avenue",2018-03-03,3,2018,"Forsyth",36.110693332,-80.2264378,9.66666666666667,46
"4194","Hattie Avenue",2018-03-04,3,2018,"Forsyth",36.110693332,-80.2264378,16,47
"4195","Hattie Avenue",2018-03-05,3,2018,"Forsyth",36.110693332,-80.2264378,22,42
"4196","Hattie Avenue",2018-03-06,3,2018,"Forsyth",36.110693332,-80.2264378,25,30
"4197","Hattie Avenue",2018-03-07,3,2018,"Forsyth",36.110693332,-80.2264378,28,34
"4198","Hattie Avenue",2018-03-08,3,2018,"Forsyth",36.110693332,-80.2264378,28,41
"4199","Hattie Avenue",2018-03-09,3,2018,"Forsyth",36.110693332,-80.2264378,25.3333333333333,44
"4200","Hattie Avenue",2018-03-10,3,2018,"Forsyth",36.110693332,-80.2264378,64,38
"4201","Hattie Avenue",2018-03-11,3,2018,"Forsyth",36.110693332,-80.2264378,66,33
"4202","Hattie Avenue",2018-03-12,3,2018,"Forsyth",36.110693332,-80.2264378,40,40
"4203","Hattie Avenue",2018-03-13,3,2018,"Forsyth",36.110693332,-80.2264378,31,44
"4204","Hattie Avenue",2018-03-14,3,2018,"Forsyth",36.110693332,-80.2264378,25,43
"4205","Hattie Avenue",2018-03-15,3,2018,"Forsyth",36.110693332,-80.2264378,34.6666666666667,61
"4206","Hattie Avenue",2018-03-16,3,2018,"Forsyth",36.110693332,-80.2264378,42,49
"4207","Hattie Avenue",2018-03-17,3,2018,"Forsyth",36.110693332,-80.2264378,41,51
"4208","Hattie Avenue",2018-03-18,3,2018,"Forsyth",36.110693332,-80.2264378,27,45
"4209","Hattie Avenue",2018-03-19,3,2018,"Forsyth",36.110693332,-80.2264378,42,44
"4210","Hattie Avenue",2018-03-20,3,2018,"Forsyth",36.110693332,-80.2264378,20,33
"4211","Hattie Avenue",2018-03-21,3,2018,"Forsyth",36.110693332,-80.2264378,13,33
"4212","Hattie Avenue",2018-03-22,3,2018,"Forsyth",36.110693332,-80.2264378,18,44
"4213","Hattie Avenue",2018-03-23,3,2018,"Forsyth",36.110693332,-80.2264378,26,49
"4214","Hattie Avenue",2018-03-24,3,2018,"Forsyth",36.110693332,-80.2264378,32.5,41
"4215","Hattie Avenue",2018-03-25,3,2018,"Forsyth",36.110693332,-80.2264378,21,49
"4216","Hattie Avenue",2018-03-26,3,2018,"Forsyth",36.110693332,-80.2264378,19,45
"4217","Hattie Avenue",2018-03-27,3,2018,"Forsyth",36.110693332,-80.2264378,28.6666666666667,37
"4218","Hattie Avenue",2018-03-28,3,2018,"Forsyth",36.110693332,-80.2264378,53,38
"4219","Hattie Avenue",2018-03-29,3,2018,"Forsyth",36.110693332,-80.2264378,59,46
"4220","Hattie Avenue",2018-03-30,3,2018,"Forsyth",36.110693332,-80.2264378,18.5,43
"4221","Hattie Avenue",2018-03-31,3,2018,"Forsyth",36.110693332,-80.2264378,19,50
"4222","Hattie Avenue",2018-04-01,4,2018,"Forsyth",36.110693332,-80.2264378,29,48
"4223","Hattie Avenue",2018-04-02,4,2018,"Forsyth",36.110693332,-80.2264378,28.3333333333333,51
"4224","Hattie Avenue",2018-04-03,4,2018,"Forsyth",36.110693332,-80.2264378,56,47
"4225","Hattie Avenue",2018-04-04,4,2018,"Forsyth",36.110693332,-80.2264378,32,44
"4226","Hattie Avenue",2018-04-05,4,2018,"Forsyth",36.110693332,-80.2264378,20,47
"4227","Hattie Avenue",2018-04-06,4,2018,"Forsyth",36.110693332,-80.2264378,45,51
"4228","Hattie Avenue",2018-04-07,4,2018,"Forsyth",36.110693332,-80.2264378,31,44
"4229","Hattie Avenue",2018-04-08,4,2018,"Forsyth",36.110693332,-80.2264378,21,46
"4230","Hattie Avenue",2018-04-09,4,2018,"Forsyth",36.110693332,-80.2264378,30,47
"4231","Hattie Avenue",2018-04-10,4,2018,"Forsyth",36.110693332,-80.2264378,42,46
"4232","Hattie Avenue",2018-04-11,4,2018,"Forsyth",36.110693332,-80.2264378,38,46
"4233","Hattie Avenue",2018-04-12,4,2018,"Forsyth",36.110693332,-80.2264378,56,67
"4234","Hattie Avenue",2018-04-13,4,2018,"Forsyth",36.110693332,-80.2264378,54,84
"4235","Hattie Avenue",2018-04-14,4,2018,"Forsyth",36.110693332,-80.2264378,41.5,47
"4236","Hattie Avenue",2018-04-15,4,2018,"Forsyth",36.110693332,-80.2264378,31.5,37
"4237","Hattie Avenue",2018-04-16,4,2018,"Forsyth",36.110693332,-80.2264378,9,35
"4238","Hattie Avenue",2018-04-17,4,2018,"Forsyth",36.110693332,-80.2264378,19,49
"4239","Hattie Avenue",2018-04-18,4,2018,"Forsyth",36.110693332,-80.2264378,29,80
"4240","Hattie Avenue",2018-04-19,4,2018,"Forsyth",36.110693332,-80.2264378,31,44
"4241","Hattie Avenue",2018-04-20,4,2018,"Forsyth",36.110693332,-80.2264378,18,67
"4242","Hattie Avenue",2018-04-21,4,2018,"Forsyth",36.110693332,-80.2264378,25,84
"4243","Hattie Avenue",2018-04-22,4,2018,"Forsyth",36.110693332,-80.2264378,33,61
"4244","Hattie Avenue",2018-04-23,4,2018,"Forsyth",36.110693332,-80.2264378,19,45
"4245","Hattie Avenue",2018-04-24,4,2018,"Forsyth",36.110693332,-80.2264378,14,37
"4246","Hattie Avenue",2018-04-25,4,2018,"Forsyth",36.110693332,-80.2264378,NA,37
"4247","Hattie Avenue",2018-04-26,4,2018,"Forsyth",36.110693332,-80.2264378,13,46
"4248","Hattie Avenue",2018-04-27,4,2018,"Forsyth",36.110693332,-80.2264378,NA,44
"4249","Hattie Avenue",2018-04-28,4,2018,"Forsyth",36.110693332,-80.2264378,NA,61
"4250","Hattie Avenue",2018-04-29,4,2018,"Forsyth",36.110693332,-80.2264378,NA,46
"4251","Hattie Avenue",2018-04-30,4,2018,"Forsyth",36.110693332,-80.2264378,NA,54
"4252","Hattie Avenue",2018-05-01,5,2018,"Forsyth",36.110693332,-80.2264378,43,71
"4253","Hattie Avenue",2018-05-02,5,2018,"Forsyth",36.110693332,-80.2264378,46.3333333333333,90
"4254","Hattie Avenue",2018-05-03,5,2018,"Forsyth",36.110693332,-80.2264378,62,74
"4255","Hattie Avenue",2018-05-04,5,2018,"Forsyth",36.110693332,-80.2264378,60,71
"4256","Hattie Avenue",2018-05-05,5,2018,"Forsyth",36.110693332,-80.2264378,60,44
"4257","Hattie Avenue",2018-05-06,5,2018,"Forsyth",36.110693332,-80.2264378,52,42
"4258","Hattie Avenue",2018-05-07,5,2018,"Forsyth",36.110693332,-80.2264378,34,54
"4259","Hattie Avenue",2018-05-08,5,2018,"Forsyth",36.110693332,-80.2264378,36,71
"4260","Hattie Avenue",2018-05-09,5,2018,"Forsyth",36.110693332,-80.2264378,58,80
"4261","Hattie Avenue",2018-05-10,5,2018,"Forsyth",36.110693332,-80.2264378,66,61
"4262","Hattie Avenue",2018-05-11,5,2018,"Forsyth",36.110693332,-80.2264378,50.5,58
"4263","Hattie Avenue",2018-05-12,5,2018,"Forsyth",36.110693332,-80.2264378,53,87
"4264","Hattie Avenue",2018-05-13,5,2018,"Forsyth",36.110693332,-80.2264378,60,64
"4265","Hattie Avenue",2018-05-14,5,2018,"Forsyth",36.110693332,-80.2264378,59.3333333333333,77
"4266","Hattie Avenue",2018-05-15,5,2018,"Forsyth",36.110693332,-80.2264378,29,36
"4267","Hattie Avenue",2018-05-16,5,2018,"Forsyth",36.110693332,-80.2264378,20,NA
"4268","Hattie Avenue",2018-05-17,5,2018,"Forsyth",36.110693332,-80.2264378,27,29
"4269","Hattie Avenue",2018-05-18,5,2018,"Forsyth",36.110693332,-80.2264378,23,25
"4270","Hattie Avenue",2018-05-19,5,2018,"Forsyth",36.110693332,-80.2264378,23,34
"4271","Hattie Avenue",2018-05-20,5,2018,"Forsyth",36.110693332,-80.2264378,33,44
"4272","Hattie Avenue",2018-05-21,5,2018,"Forsyth",36.110693332,-80.2264378,36,41
"4273","Hattie Avenue",2018-05-22,5,2018,"Forsyth",36.110693332,-80.2264378,33,37
"4274","Hattie Avenue",2018-05-23,5,2018,"Forsyth",36.110693332,-80.2264378,25.5,40
"4275","Hattie Avenue",2018-05-24,5,2018,"Forsyth",36.110693332,-80.2264378,32,48
"4276","Hattie Avenue",2018-05-25,5,2018,"Forsyth",36.110693332,-80.2264378,32,33
"4277","Hattie Avenue",2018-05-26,5,2018,"Forsyth",36.110693332,-80.2264378,21.6666666666667,30
"4278","Hattie Avenue",2018-05-27,5,2018,"Forsyth",36.110693332,-80.2264378,30,26
"4279","Hattie Avenue",2018-05-28,5,2018,"Forsyth",36.110693332,-80.2264378,19,21
"4280","Hattie Avenue",2018-05-29,5,2018,"Forsyth",36.110693332,-80.2264378,18,22
"4281","Hattie Avenue",2018-05-30,5,2018,"Forsyth",36.110693332,-80.2264378,28,28
"4282","Hattie Avenue",2018-05-31,5,2018,"Forsyth",36.110693332,-80.2264378,28,41
"4283","Hattie Avenue",2018-06-01,6,2018,"Forsyth",36.110693332,-80.2264378,24,44
"4284","Hattie Avenue",2018-06-02,6,2018,"Forsyth",36.110693332,-80.2264378,27,44
"4285","Hattie Avenue",2018-06-03,6,2018,"Forsyth",36.110693332,-80.2264378,35,43
"4286","Hattie Avenue",2018-06-04,6,2018,"Forsyth",36.110693332,-80.2264378,23,54
"4287","Hattie Avenue",2018-06-05,6,2018,"Forsyth",36.110693332,-80.2264378,23,61
"4288","Hattie Avenue",2018-06-06,6,2018,"Forsyth",36.110693332,-80.2264378,33,71
"4289","Hattie Avenue",2018-06-07,6,2018,"Forsyth",36.110693332,-80.2264378,38.6666666666667,87
"4290","Hattie Avenue",2018-06-08,6,2018,"Forsyth",36.110693332,-80.2264378,54,101
"4291","Hattie Avenue",2018-06-09,6,2018,"Forsyth",36.110693332,-80.2264378,52,67
"4292","Hattie Avenue",2018-06-10,6,2018,"Forsyth",36.110693332,-80.2264378,50.5,64
"4293","Hattie Avenue",2018-06-11,6,2018,"Forsyth",36.110693332,-80.2264378,39,45
"4294","Hattie Avenue",2018-06-12,6,2018,"Forsyth",36.110693332,-80.2264378,34,31
"4295","Hattie Avenue",2018-06-13,6,2018,"Forsyth",36.110693332,-80.2264378,37.3333333333333,49
"4296","Hattie Avenue",2018-06-14,6,2018,"Forsyth",36.110693332,-80.2264378,33,49
"4297","Hattie Avenue",2018-06-15,6,2018,"Forsyth",36.110693332,-80.2264378,29,90
"4298","Hattie Avenue",2018-06-16,6,2018,"Forsyth",36.110693332,-80.2264378,50,77
"4299","Hattie Avenue",2018-06-17,6,2018,"Forsyth",36.110693332,-80.2264378,48,71
"4300","Hattie Avenue",2018-06-18,6,2018,"Forsyth",36.110693332,-80.2264378,48,45
"4301","Hattie Avenue",2018-06-19,6,2018,"Forsyth",36.110693332,-80.2264378,56.3333333333333,49
"4302","Hattie Avenue",2018-06-20,6,2018,"Forsyth",36.110693332,-80.2264378,52,36
"4303","Hattie Avenue",2018-06-21,6,2018,"Forsyth",36.110693332,-80.2264378,37,34
"4304","Hattie Avenue",2018-06-22,6,2018,"Forsyth",36.110693332,-80.2264378,32,49
"4305","Hattie Avenue",2018-06-23,6,2018,"Forsyth",36.110693332,-80.2264378,29,44
"4306","Hattie Avenue",2018-06-24,6,2018,"Forsyth",36.110693332,-80.2264378,30,41
"4307","Hattie Avenue",2018-06-25,6,2018,"Forsyth",36.110693332,-80.2264378,28,38
"4308","Hattie Avenue",2018-06-26,6,2018,"Forsyth",36.110693332,-80.2264378,19,31
"4309","Hattie Avenue",2018-06-27,6,2018,"Forsyth",36.110693332,-80.2264378,26,42
"4310","Hattie Avenue",2018-06-28,6,2018,"Forsyth",36.110693332,-80.2264378,23.5,43
"4311","Hattie Avenue",2018-06-29,6,2018,"Forsyth",36.110693332,-80.2264378,36,71
"4312","Hattie Avenue",2018-06-30,6,2018,"Forsyth",36.110693332,-80.2264378,46,67
"4313","Hattie Avenue",2018-07-01,7,2018,"Forsyth",36.110693332,-80.2264378,34,44
"4314","Hattie Avenue",2018-07-02,7,2018,"Forsyth",36.110693332,-80.2264378,26,46
"4315","Hattie Avenue",2018-07-03,7,2018,"Forsyth",36.110693332,-80.2264378,44,58
"4316","Hattie Avenue",2018-07-04,7,2018,"Forsyth",36.110693332,-80.2264378,52.5,42
"4317","Hattie Avenue",2018-07-05,7,2018,"Forsyth",36.110693332,-80.2264378,26,35
"4318","Hattie Avenue",2018-07-06,7,2018,"Forsyth",36.110693332,-80.2264378,28,33
"4319","Hattie Avenue",2018-07-07,7,2018,"Forsyth",36.110693332,-80.2264378,27.6666666666667,35
"4320","Hattie Avenue",2018-07-08,7,2018,"Forsyth",36.110693332,-80.2264378,18,50
"4321","Hattie Avenue",2018-07-09,7,2018,"Forsyth",36.110693332,-80.2264378,20,44
"4322","Hattie Avenue",2018-07-10,7,2018,"Forsyth",36.110693332,-80.2264378,46,58
"4323","Hattie Avenue",2018-07-11,7,2018,"Forsyth",36.110693332,-80.2264378,52,61
"4324","Hattie Avenue",2018-07-12,7,2018,"Forsyth",36.110693332,-80.2264378,51,80
"4325","Hattie Avenue",2018-07-13,7,2018,"Forsyth",36.110693332,-80.2264378,52.6666666666667,80
"4326","Hattie Avenue",2018-07-14,7,2018,"Forsyth",36.110693332,-80.2264378,54,74
"4327","Hattie Avenue",2018-07-15,7,2018,"Forsyth",36.110693332,-80.2264378,55,64
"4328","Hattie Avenue",2018-07-16,7,2018,"Forsyth",36.110693332,-80.2264378,42.5,50
"4329","Hattie Avenue",2018-07-17,7,2018,"Forsyth",36.110693332,-80.2264378,33,43
"4330","Hattie Avenue",2018-07-18,7,2018,"Forsyth",36.110693332,-80.2264378,32,51
"4331","Hattie Avenue",2018-07-19,7,2018,"Forsyth",36.110693332,-80.2264378,31.6666666666667,74
"4332","Hattie Avenue",2018-07-20,7,2018,"Forsyth",36.110693332,-80.2264378,37,80
"4333","Hattie Avenue",2018-07-21,7,2018,"Forsyth",36.110693332,-80.2264378,32,64
"4334","Hattie Avenue",2018-07-22,7,2018,"Forsyth",36.110693332,-80.2264378,24.5,38
"4335","Hattie Avenue",2018-07-23,7,2018,"Forsyth",36.110693332,-80.2264378,27,40
"4336","Hattie Avenue",2018-07-24,7,2018,"Forsyth",36.110693332,-80.2264378,23,45
"4337","Hattie Avenue",2018-07-25,7,2018,"Forsyth",36.110693332,-80.2264378,23,41
"4338","Hattie Avenue",2018-07-26,7,2018,"Forsyth",36.110693332,-80.2264378,26,45
"4339","Hattie Avenue",2018-07-27,7,2018,"Forsyth",36.110693332,-80.2264378,41,71
"4340","Hattie Avenue",2018-07-28,7,2018,"Forsyth",36.110693332,-80.2264378,36,44
"4341","Hattie Avenue",2018-07-29,7,2018,"Forsyth",36.110693332,-80.2264378,34,44
"4342","Hattie Avenue",2018-07-30,7,2018,"Forsyth",36.110693332,-80.2264378,20,43
"4343","Hattie Avenue",2018-07-31,7,2018,"Forsyth",36.110693332,-80.2264378,28.5,29
"4344","Hattie Avenue",2018-08-01,8,2018,"Forsyth",36.110693332,-80.2264378,21,34
"4345","Hattie Avenue",2018-08-02,8,2018,"Forsyth",36.110693332,-80.2264378,18,30
"4346","Hattie Avenue",2018-08-03,8,2018,"Forsyth",36.110693332,-80.2264378,15,24
"4347","Hattie Avenue",2018-08-04,8,2018,"Forsyth",36.110693332,-80.2264378,23,34
"4348","Hattie Avenue",2018-08-05,8,2018,"Forsyth",36.110693332,-80.2264378,25,42
"4349","Hattie Avenue",2018-08-06,8,2018,"Forsyth",36.110693332,-80.2264378,34.3333333333333,43
"4350","Hattie Avenue",2018-08-07,8,2018,"Forsyth",36.110693332,-80.2264378,28,37
"4351","Hattie Avenue",2018-08-08,8,2018,"Forsyth",36.110693332,-80.2264378,23,32
"4352","Hattie Avenue",2018-08-09,8,2018,"Forsyth",36.110693332,-80.2264378,32.5,42
"4353","Hattie Avenue",2018-08-10,8,2018,"Forsyth",36.110693332,-80.2264378,46,58
"4354","Hattie Avenue",2018-08-11,8,2018,"Forsyth",36.110693332,-80.2264378,33,39
"4355","Hattie Avenue",2018-08-12,8,2018,"Forsyth",36.110693332,-80.2264378,32.6666666666667,39
"4356","Hattie Avenue",2018-08-13,8,2018,"Forsyth",36.110693332,-80.2264378,38,43
"4357","Hattie Avenue",2018-08-14,8,2018,"Forsyth",36.110693332,-80.2264378,44,40
"4358","Hattie Avenue",2018-08-15,8,2018,"Forsyth",36.110693332,-80.2264378,48.5,49
"4359","Hattie Avenue",2018-08-16,8,2018,"Forsyth",36.110693332,-80.2264378,59,58
"4360","Hattie Avenue",2018-08-17,8,2018,"Forsyth",36.110693332,-80.2264378,47,40
"4361","Hattie Avenue",2018-08-18,8,2018,"Forsyth",36.110693332,-80.2264378,28.5,29
"4362","Hattie Avenue",2018-08-19,8,2018,"Forsyth",36.110693332,-80.2264378,26,34
"4363","Hattie Avenue",2018-08-20,8,2018,"Forsyth",36.110693332,-80.2264378,30,39
"4364","Hattie Avenue",2018-08-21,8,2018,"Forsyth",36.110693332,-80.2264378,28,25
"4365","Hattie Avenue",2018-08-22,8,2018,"Forsyth",36.110693332,-80.2264378,30,33
"4366","Hattie Avenue",2018-08-23,8,2018,"Forsyth",36.110693332,-80.2264378,50,42
"4367","Hattie Avenue",2018-08-24,8,2018,"Forsyth",36.110693332,-80.2264378,24.6666666666667,49
"4368","Hattie Avenue",2018-08-25,8,2018,"Forsyth",36.110693332,-80.2264378,36,51
"4369","Hattie Avenue",2018-08-26,8,2018,"Forsyth",36.110693332,-80.2264378,45,47
"4370","Hattie Avenue",2018-08-27,8,2018,"Forsyth",36.110693332,-80.2264378,54.5,44
"4371","Hattie Avenue",2018-08-28,8,2018,"Forsyth",36.110693332,-80.2264378,56,51
"4372","Hattie Avenue",2018-08-29,8,2018,"Forsyth",36.110693332,-80.2264378,45,50
"4373","Hattie Avenue",2018-08-30,8,2018,"Forsyth",36.110693332,-80.2264378,50.6666666666667,64
"4374","Hattie Avenue",2018-08-31,8,2018,"Forsyth",36.110693332,-80.2264378,27,58
"4375","Hattie Avenue",2018-09-01,9,2018,"Forsyth",36.110693332,-80.2264378,27,44
"4376","Hattie Avenue",2018-09-02,9,2018,"Forsyth",36.110693332,-80.2264378,27.5,33
"4377","Hattie Avenue",2018-09-03,9,2018,"Forsyth",36.110693332,-80.2264378,29,45
"4378","Hattie Avenue",2018-09-04,9,2018,"Forsyth",36.110693332,-80.2264378,32,43
"4379","Hattie Avenue",2018-09-05,9,2018,"Forsyth",36.110693332,-80.2264378,42,44
"4380","Hattie Avenue",2018-09-06,9,2018,"Forsyth",36.110693332,-80.2264378,37,43
"4381","Hattie Avenue",2018-09-07,9,2018,"Forsyth",36.110693332,-80.2264378,40,54
"4382","Hattie Avenue",2018-09-08,9,2018,"Forsyth",36.110693332,-80.2264378,42,40
"4383","Hattie Avenue",2018-09-09,9,2018,"Forsyth",36.110693332,-80.2264378,14,16
"4384","Hattie Avenue",2018-09-10,9,2018,"Forsyth",36.110693332,-80.2264378,22,14
"4385","Hattie Avenue",2018-09-11,9,2018,"Forsyth",36.110693332,-80.2264378,24.3333333333333,38
"4386","Hattie Avenue",2018-09-12,9,2018,"Forsyth",36.110693332,-80.2264378,21,26
"4387","Hattie Avenue",2018-09-13,9,2018,"Forsyth",36.110693332,-80.2264378,20,18
"4388","Hattie Avenue",2018-09-14,9,2018,"Forsyth",36.110693332,-80.2264378,10.5,17
"4389","Hattie Avenue",2018-09-15,9,2018,"Forsyth",36.110693332,-80.2264378,13,16
"4390","Hattie Avenue",2018-09-16,9,2018,"Forsyth",36.110693332,-80.2264378,11,19
"4391","Hattie Avenue",2018-09-17,9,2018,"Forsyth",36.110693332,-80.2264378,16.5,29
"4392","Hattie Avenue",2018-09-18,9,2018,"Forsyth",36.110693332,-80.2264378,16,27
"4393","Hattie Avenue",2018-09-19,9,2018,"Forsyth",36.110693332,-80.2264378,29,45
"4394","Hattie Avenue",2018-09-20,9,2018,"Forsyth",36.110693332,-80.2264378,42.5,58
"4395","Hattie Avenue",2018-09-21,9,2018,"Forsyth",36.110693332,-80.2264378,45,51
"4396","Hattie Avenue",2018-09-22,9,2018,"Forsyth",36.110693332,-80.2264378,43,48
"4397","Hattie Avenue",2018-09-23,9,2018,"Forsyth",36.110693332,-80.2264378,25,19
"4398","Hattie Avenue",2018-09-24,9,2018,"Forsyth",36.110693332,-80.2264378,16,18
"4399","Hattie Avenue",2018-09-25,9,2018,"Forsyth",36.110693332,-80.2264378,29,34
"4400","Hattie Avenue",2018-09-26,9,2018,"Forsyth",36.110693332,-80.2264378,27,33
"4401","Hattie Avenue",2018-09-27,9,2018,"Forsyth",36.110693332,-80.2264378,27,25
"4402","Hattie Avenue",2018-09-28,9,2018,"Forsyth",36.110693332,-80.2264378,16,27
"4403","Hattie Avenue",2018-09-29,9,2018,"Forsyth",36.110693332,-80.2264378,18.6666666666667,37
"4404","Hattie Avenue",2018-09-30,9,2018,"Forsyth",36.110693332,-80.2264378,23,36
"4405","Hattie Avenue",2018-10-01,10,2018,"Forsyth",36.110693332,-80.2264378,31,47
"4406","Hattie Avenue",2018-10-02,10,2018,"Forsyth",36.110693332,-80.2264378,38,46
"4407","Hattie Avenue",2018-10-03,10,2018,"Forsyth",36.110693332,-80.2264378,34,38
"4408","Hattie Avenue",2018-10-04,10,2018,"Forsyth",36.110693332,-80.2264378,34,36
"4409","Hattie Avenue",2018-10-05,10,2018,"Forsyth",36.110693332,-80.2264378,32.5,38
"4410","Hattie Avenue",2018-10-06,10,2018,"Forsyth",36.110693332,-80.2264378,37,36
"4411","Hattie Avenue",2018-10-07,10,2018,"Forsyth",36.110693332,-80.2264378,40,44
"4412","Hattie Avenue",2018-10-08,10,2018,"Forsyth",36.110693332,-80.2264378,32.5,34
"4413","Hattie Avenue",2018-10-09,10,2018,"Forsyth",36.110693332,-80.2264378,21,34
"4414","Hattie Avenue",2018-10-10,10,2018,"Forsyth",36.110693332,-80.2264378,24,18
"4415","Hattie Avenue",2018-10-11,10,2018,"Forsyth",36.110693332,-80.2264378,12.5,22
"4416","Hattie Avenue",2018-10-12,10,2018,"Forsyth",36.110693332,-80.2264378,17,35
"4417","Hattie Avenue",2018-10-13,10,2018,"Forsyth",36.110693332,-80.2264378,14,33
"4418","Hattie Avenue",2018-10-14,10,2018,"Forsyth",36.110693332,-80.2264378,25,19
"4419","Hattie Avenue",2018-10-15,10,2018,"Forsyth",36.110693332,-80.2264378,35,36
"4420","Hattie Avenue",2018-10-16,10,2018,"Forsyth",36.110693332,-80.2264378,25,21
"4421","Hattie Avenue",2018-10-17,10,2018,"Forsyth",36.110693332,-80.2264378,14,33
"4422","Hattie Avenue",2018-10-18,10,2018,"Forsyth",36.110693332,-80.2264378,18,39
"4423","Hattie Avenue",2018-10-19,10,2018,"Forsyth",36.110693332,-80.2264378,36,43
"4424","Hattie Avenue",2018-10-20,10,2018,"Forsyth",36.110693332,-80.2264378,31.5,31
"4425","Hattie Avenue",2018-10-21,10,2018,"Forsyth",36.110693332,-80.2264378,11,30
"4426","Hattie Avenue",2018-10-22,10,2018,"Forsyth",36.110693332,-80.2264378,23,30
"4427","Hattie Avenue",2018-10-23,10,2018,"Forsyth",36.110693332,-80.2264378,29.5,32
"4428","Hattie Avenue",2018-10-24,10,2018,"Forsyth",36.110693332,-80.2264378,20,35
"4429","Hattie Avenue",2018-10-25,10,2018,"Forsyth",36.110693332,-80.2264378,24,25
"4430","Hattie Avenue",2018-10-26,10,2018,"Forsyth",36.110693332,-80.2264378,22.5,26
"4431","Hattie Avenue",2018-10-27,10,2018,"Forsyth",36.110693332,-80.2264378,14,22
"4432","Hattie Avenue",2018-10-28,10,2018,"Forsyth",36.110693332,-80.2264378,23,36
"4433","Hattie Avenue",2018-10-29,10,2018,"Forsyth",36.110693332,-80.2264378,15,33
"4434","Hattie Avenue",2018-10-30,10,2018,"Forsyth",36.110693332,-80.2264378,21,34
"4435","Hattie Avenue",2018-10-31,10,2018,"Forsyth",36.110693332,-80.2264378,43,NA
"4436","Hattie Avenue",2018-11-01,11,2018,"Forsyth",36.110693332,-80.2264378,30,NA
"4437","Hattie Avenue",2018-11-02,11,2018,"Forsyth",36.110693332,-80.2264378,20,NA
"4438","Hattie Avenue",2018-11-03,11,2018,"Forsyth",36.110693332,-80.2264378,18,NA
"4439","Hattie Avenue",2018-11-04,11,2018,"Forsyth",36.110693332,-80.2264378,24.5,NA
"4440","Hattie Avenue",2018-11-05,11,2018,"Forsyth",36.110693332,-80.2264378,20,NA
"4441","Hattie Avenue",2018-11-06,11,2018,"Forsyth",36.110693332,-80.2264378,18,NA
"4442","Hattie Avenue",2018-11-07,11,2018,"Forsyth",36.110693332,-80.2264378,19,NA
"4443","Hattie Avenue",2018-11-08,11,2018,"Forsyth",36.110693332,-80.2264378,20,NA
"4444","Hattie Avenue",2018-11-09,11,2018,"Forsyth",36.110693332,-80.2264378,25,NA
"4445","Hattie Avenue",2018-11-10,11,2018,"Forsyth",36.110693332,-80.2264378,24,NA
"4446","Hattie Avenue",2018-11-11,11,2018,"Forsyth",36.110693332,-80.2264378,30,NA
"4447","Hattie Avenue",2018-11-12,11,2018,"Forsyth",36.110693332,-80.2264378,39,NA
"4448","Hattie Avenue",2018-11-13,11,2018,"Forsyth",36.110693332,-80.2264378,18,NA
"4449","Hattie Avenue",2018-11-14,11,2018,"Forsyth",36.110693332,-80.2264378,28,NA
"4450","Hattie Avenue",2018-11-15,11,2018,"Forsyth",36.110693332,-80.2264378,16,NA
"4451","Hattie Avenue",2018-11-16,11,2018,"Forsyth",36.110693332,-80.2264378,18.5,NA
"4452","Hattie Avenue",2018-11-17,11,2018,"Forsyth",36.110693332,-80.2264378,40,NA
"4453","Hattie Avenue",2018-11-18,11,2018,"Forsyth",36.110693332,-80.2264378,59,NA
"4454","Hattie Avenue",2018-11-19,11,2018,"Forsyth",36.110693332,-80.2264378,59,NA
"4455","Hattie Avenue",2018-11-20,11,2018,"Forsyth",36.110693332,-80.2264378,45,NA
"4456","Hattie Avenue",2018-11-21,11,2018,"Forsyth",36.110693332,-80.2264378,25,NA
"4457","Hattie Avenue",2018-11-22,11,2018,"Forsyth",36.110693332,-80.2264378,36,NA
"4458","Hattie Avenue",2018-11-23,11,2018,"Forsyth",36.110693332,-80.2264378,32,NA
"4459","Hattie Avenue",2018-11-24,11,2018,"Forsyth",36.110693332,-80.2264378,21,NA
"4460","Hattie Avenue",2018-11-25,11,2018,"Forsyth",36.110693332,-80.2264378,31,NA
"4461","Hattie Avenue",2018-11-26,11,2018,"Forsyth",36.110693332,-80.2264378,33,NA
"4462","Hattie Avenue",2018-11-27,11,2018,"Forsyth",36.110693332,-80.2264378,10,NA
"4463","Hattie Avenue",2018-11-28,11,2018,"Forsyth",36.110693332,-80.2264378,25.5,NA
"4464","Hattie Avenue",2018-11-29,11,2018,"Forsyth",36.110693332,-80.2264378,35,NA
"4465","Hattie Avenue",2018-11-30,11,2018,"Forsyth",36.110693332,-80.2264378,49,NA
"4466","Hattie Avenue",2018-12-01,12,2018,"Forsyth",36.110693332,-80.2264378,51,NA
"4467","Hattie Avenue",2018-12-02,12,2018,"Forsyth",36.110693332,-80.2264378,25,NA
"4468","Hattie Avenue",2018-12-03,12,2018,"Forsyth",36.110693332,-80.2264378,30,NA
"4469","Hattie Avenue",2018-12-04,12,2018,"Forsyth",36.110693332,-80.2264378,13,NA
"4470","Hattie Avenue",2018-12-05,12,2018,"Forsyth",36.110693332,-80.2264378,15,NA
"4471","Hattie Avenue",2018-12-06,12,2018,"Forsyth",36.110693332,-80.2264378,28,NA
"4472","Hattie Avenue",2018-12-07,12,2018,"Forsyth",36.110693332,-80.2264378,44.5,NA
"4473","Hattie Avenue",2018-12-08,12,2018,"Forsyth",36.110693332,-80.2264378,48,NA
"4474","Hattie Avenue",2018-12-09,12,2018,"Forsyth",36.110693332,-80.2264378,28,NA
"4475","Hattie Avenue",2018-12-10,12,2018,"Forsyth",36.110693332,-80.2264378,29,NA
"4476","Hattie Avenue",2018-12-11,12,2018,"Forsyth",36.110693332,-80.2264378,51,NA
"4477","Hattie Avenue",2018-12-12,12,2018,"Forsyth",36.110693332,-80.2264378,49,NA
"4478","Hattie Avenue",2018-12-13,12,2018,"Forsyth",36.110693332,-80.2264378,64,NA
"4479","Hattie Avenue",2018-12-14,12,2018,"Forsyth",36.110693332,-80.2264378,50,NA
"4480","Hattie Avenue",2018-12-15,12,2018,"Forsyth",36.110693332,-80.2264378,13,NA
"4481","Hattie Avenue",2018-12-16,12,2018,"Forsyth",36.110693332,-80.2264378,16.5,NA
"4482","Hattie Avenue",2018-12-17,12,2018,"Forsyth",36.110693332,-80.2264378,12,NA
"4483","Hattie Avenue",2018-12-18,12,2018,"Forsyth",36.110693332,-80.2264378,20,NA
"4484","Hattie Avenue",2018-12-19,12,2018,"Forsyth",36.110693332,-80.2264378,60,NA
"4485","Hattie Avenue",2018-12-20,12,2018,"Forsyth",36.110693332,-80.2264378,46,NA
"4486","Hattie Avenue",2018-12-21,12,2018,"Forsyth",36.110693332,-80.2264378,13,NA
"4487","Hattie Avenue",2018-12-22,12,2018,"Forsyth",36.110693332,-80.2264378,8.5,NA
"4488","Hattie Avenue",2018-12-23,12,2018,"Forsyth",36.110693332,-80.2264378,34,NA
"4489","Hattie Avenue",2018-12-24,12,2018,"Forsyth",36.110693332,-80.2264378,19,NA
"4490","Hattie Avenue",2018-12-25,12,2018,"Forsyth",36.110693332,-80.2264378,29,NA
"4491","Hattie Avenue",2018-12-26,12,2018,"Forsyth",36.110693332,-80.2264378,51,NA
"4492","Hattie Avenue",2018-12-27,12,2018,"Forsyth",36.110693332,-80.2264378,52,NA
"4493","Hattie Avenue",2018-12-28,12,2018,"Forsyth",36.110693332,-80.2264378,16.5,NA
"4494","Hattie Avenue",2018-12-29,12,2018,"Forsyth",36.110693332,-80.2264378,23,NA
"4495","Hattie Avenue",2018-12-30,12,2018,"Forsyth",36.110693332,-80.2264378,41,NA
"4496","Hattie Avenue",2018-12-31,12,2018,"Forsyth",36.110693332,-80.2264378,32.5,NA
"4497","Hattie Avenue",2019-01-01,1,2019,"Forsyth",36.110693332,-80.2264378,22,NA
"4498","Hattie Avenue",2019-01-02,1,2019,"Forsyth",36.110693332,-80.2264378,24,NA
"4499","Hattie Avenue",2019-01-03,1,2019,"Forsyth",36.110693332,-80.2264378,25.5,NA
"4500","Hattie Avenue",2019-01-04,1,2019,"Forsyth",36.110693332,-80.2264378,29,NA
"4501","Hattie Avenue",2019-01-05,1,2019,"Forsyth",36.110693332,-80.2264378,13,NA
"4502","Hattie Avenue",2019-01-06,1,2019,"Forsyth",36.110693332,-80.2264378,12.5,NA
"4503","Hattie Avenue",2019-01-07,1,2019,"Forsyth",36.110693332,-80.2264378,24,NA
"4504","Hattie Avenue",2019-01-08,1,2019,"Forsyth",36.110693332,-80.2264378,45,NA
"4505","Hattie Avenue",2019-01-09,1,2019,"Forsyth",36.110693332,-80.2264378,10,NA
"4506","Hattie Avenue",2019-01-10,1,2019,"Forsyth",36.110693332,-80.2264378,24,NA
"4507","Hattie Avenue",2019-01-11,1,2019,"Forsyth",36.110693332,-80.2264378,33,NA
"4508","Hattie Avenue",2019-01-12,1,2019,"Forsyth",36.110693332,-80.2264378,51.5,NA
"4509","Hattie Avenue",2019-01-13,1,2019,"Forsyth",36.110693332,-80.2264378,17,NA
"4510","Hattie Avenue",2019-01-14,1,2019,"Forsyth",36.110693332,-80.2264378,38,NA
"4511","Hattie Avenue",2019-01-15,1,2019,"Forsyth",36.110693332,-80.2264378,48,NA
"4512","Hattie Avenue",2019-01-16,1,2019,"Forsyth",36.110693332,-80.2264378,38,NA
"4513","Hattie Avenue",2019-01-17,1,2019,"Forsyth",36.110693332,-80.2264378,40,NA
"4514","Hattie Avenue",2019-01-18,1,2019,"Forsyth",36.110693332,-80.2264378,60,NA
"4515","Hattie Avenue",2019-01-19,1,2019,"Forsyth",36.110693332,-80.2264378,46,NA
"4516","Hattie Avenue",2019-01-20,1,2019,"Forsyth",36.110693332,-80.2264378,16,NA
"4517","Hattie Avenue",2019-01-21,1,2019,"Forsyth",36.110693332,-80.2264378,12.5,NA
"4518","Hattie Avenue",2019-01-22,1,2019,"Forsyth",36.110693332,-80.2264378,25,NA
"4519","Hattie Avenue",2019-01-23,1,2019,"Forsyth",36.110693332,-80.2264378,47,NA
"4520","Hattie Avenue",2019-01-24,1,2019,"Forsyth",36.110693332,-80.2264378,9.5,NA
"4521","Hattie Avenue",2019-01-25,1,2019,"Forsyth",36.110693332,-80.2264378,30,NA
"4522","Hattie Avenue",2019-01-26,1,2019,"Forsyth",36.110693332,-80.2264378,42,NA
"4523","Hattie Avenue",2019-01-27,1,2019,"Forsyth",36.110693332,-80.2264378,48,NA
"4524","Hattie Avenue",2019-01-28,1,2019,"Forsyth",36.110693332,-80.2264378,36,NA
"4525","Hattie Avenue",2019-01-29,1,2019,"Forsyth",36.110693332,-80.2264378,39,NA
"4526","Hattie Avenue",2019-01-30,1,2019,"Forsyth",36.110693332,-80.2264378,17.5,NA
"4527","Hattie Avenue",2019-01-31,1,2019,"Forsyth",36.110693332,-80.2264378,24,NA
"4528","Hattie Avenue",2019-02-01,2,2019,"Forsyth",36.110693332,-80.2264378,55,NA
"4529","Hattie Avenue",2019-02-02,2,2019,"Forsyth",36.110693332,-80.2264378,54,NA
"4530","Hattie Avenue",2019-02-03,2,2019,"Forsyth",36.110693332,-80.2264378,65,NA
"4531","Hattie Avenue",2019-02-04,2,2019,"Forsyth",36.110693332,-80.2264378,43,NA
"4532","Hattie Avenue",2019-02-05,2,2019,"Forsyth",36.110693332,-80.2264378,39,NA
"4533","Hattie Avenue",2019-02-06,2,2019,"Forsyth",36.110693332,-80.2264378,37,NA
"4534","Hattie Avenue",2019-02-07,2,2019,"Forsyth",36.110693332,-80.2264378,30,NA
"4535","Hattie Avenue",2019-02-08,2,2019,"Forsyth",36.110693332,-80.2264378,21.5,NA
"4536","Hattie Avenue",2019-02-09,2,2019,"Forsyth",36.110693332,-80.2264378,17,NA
"4537","Hattie Avenue",2019-02-10,2,2019,"Forsyth",36.110693332,-80.2264378,41,NA
"4538","Hattie Avenue",2019-02-11,2,2019,"Forsyth",36.110693332,-80.2264378,37.5,NA
"4539","Hattie Avenue",2019-02-12,2,2019,"Forsyth",36.110693332,-80.2264378,12,NA
"4540","Hattie Avenue",2019-02-13,2,2019,"Forsyth",36.110693332,-80.2264378,14,NA
"4541","Hattie Avenue",2019-02-14,2,2019,"Forsyth",36.110693332,-80.2264378,15.5,NA
"4542","Hattie Avenue",2019-02-15,2,2019,"Forsyth",36.110693332,-80.2264378,48,NA
"4543","Hattie Avenue",2019-02-16,2,2019,"Forsyth",36.110693332,-80.2264378,28,NA
"4544","Hattie Avenue",2019-02-17,2,2019,"Forsyth",36.110693332,-80.2264378,35,NA
"4545","Hattie Avenue",2019-02-18,2,2019,"Forsyth",36.110693332,-80.2264378,23,NA
"4546","Hattie Avenue",2019-02-19,2,2019,"Forsyth",36.110693332,-80.2264378,27,NA
"4547","Hattie Avenue",2019-02-20,2,2019,"Forsyth",36.110693332,-80.2264378,12.5,NA
"4548","Hattie Avenue",2019-02-21,2,2019,"Forsyth",36.110693332,-80.2264378,26,NA
"4549","Hattie Avenue",2019-02-22,2,2019,"Forsyth",36.110693332,-80.2264378,19,NA
"4550","Hattie Avenue",2019-02-23,2,2019,"Forsyth",36.110693332,-80.2264378,11.5,NA
"4551","Hattie Avenue",2019-02-24,2,2019,"Forsyth",36.110693332,-80.2264378,16,NA
"4552","Hattie Avenue",2019-02-25,2,2019,"Forsyth",36.110693332,-80.2264378,12,NA
"4553","Hattie Avenue",2019-02-26,2,2019,"Forsyth",36.110693332,-80.2264378,28.5,NA
"4554","Hattie Avenue",2019-02-27,2,2019,"Forsyth",36.110693332,-80.2264378,44,NA
"4555","Hattie Avenue",2019-02-28,2,2019,"Forsyth",36.110693332,-80.2264378,45,NA
"4556","Hattie Avenue",2019-03-01,3,2019,"Forsyth",36.110693332,-80.2264378,19,25
"4557","Hattie Avenue",2019-03-02,3,2019,"Forsyth",36.110693332,-80.2264378,21,30
"4558","Hattie Avenue",2019-03-03,3,2019,"Forsyth",36.110693332,-80.2264378,30,21
"4559","Hattie Avenue",2019-03-04,3,2019,"Forsyth",36.110693332,-80.2264378,19.5,39
"4560","Hattie Avenue",2019-03-05,3,2019,"Forsyth",36.110693332,-80.2264378,19,40
"4561","Hattie Avenue",2019-03-06,3,2019,"Forsyth",36.110693332,-80.2264378,20,41
"4562","Hattie Avenue",2019-03-07,3,2019,"Forsyth",36.110693332,-80.2264378,32,40
"4563","Hattie Avenue",2019-03-08,3,2019,"Forsyth",36.110693332,-80.2264378,53,27
"4564","Hattie Avenue",2019-03-09,3,2019,"Forsyth",36.110693332,-80.2264378,53,22
"4565","Hattie Avenue",2019-03-10,3,2019,"Forsyth",36.110693332,-80.2264378,26,25
"4566","Hattie Avenue",2019-03-11,3,2019,"Forsyth",36.110693332,-80.2264378,16,40
"4567","Hattie Avenue",2019-03-12,3,2019,"Forsyth",36.110693332,-80.2264378,16,47
"4568","Hattie Avenue",2019-03-13,3,2019,"Forsyth",36.110693332,-80.2264378,29,48
"4569","Hattie Avenue",2019-03-14,3,2019,"Forsyth",36.110693332,-80.2264378,30,47
"4570","Hattie Avenue",2019-03-15,3,2019,"Forsyth",36.110693332,-80.2264378,33,38
"4571","Hattie Avenue",2019-03-16,3,2019,"Forsyth",36.110693332,-80.2264378,13.5,43
"4572","Hattie Avenue",2019-03-17,3,2019,"Forsyth",36.110693332,-80.2264378,18,45
"4573","Hattie Avenue",2019-03-18,3,2019,"Forsyth",36.110693332,-80.2264378,23,45
"4574","Hattie Avenue",2019-03-19,3,2019,"Forsyth",36.110693332,-80.2264378,22,48
"4575","Hattie Avenue",2019-03-20,3,2019,"Forsyth",36.110693332,-80.2264378,35,61
"4576","Hattie Avenue",2019-03-21,3,2019,"Forsyth",36.110693332,-80.2264378,32,50
"4577","Hattie Avenue",2019-03-22,3,2019,"Forsyth",36.110693332,-80.2264378,20.5,46
"4578","Hattie Avenue",2019-03-23,3,2019,"Forsyth",36.110693332,-80.2264378,10,47
"4579","Hattie Avenue",2019-03-24,3,2019,"Forsyth",36.110693332,-80.2264378,50,67
"4580","Hattie Avenue",2019-03-25,3,2019,"Forsyth",36.110693332,-80.2264378,54,39
"4581","Hattie Avenue",2019-03-26,3,2019,"Forsyth",36.110693332,-80.2264378,39,42
"4582","Hattie Avenue",2019-03-27,3,2019,"Forsyth",36.110693332,-80.2264378,18,48
"4583","Hattie Avenue",2019-03-28,3,2019,"Forsyth",36.110693332,-80.2264378,31.5,58
"4584","Hattie Avenue",2019-03-29,3,2019,"Forsyth",36.110693332,-80.2264378,43,80
"4585","Hattie Avenue",2019-03-30,3,2019,"Forsyth",36.110693332,-80.2264378,60,51
"4586","Hattie Avenue",2019-03-31,3,2019,"Forsyth",36.110693332,-80.2264378,23,42
"4587","Hattie Avenue",2019-04-01,4,2019,"Forsyth",36.110693332,-80.2264378,18,45
"4588","Hattie Avenue",2019-04-02,4,2019,"Forsyth",36.110693332,-80.2264378,26,42
"4589","Hattie Avenue",2019-04-03,4,2019,"Forsyth",36.110693332,-80.2264378,33.5,54
"4590","Hattie Avenue",2019-04-04,4,2019,"Forsyth",36.110693332,-80.2264378,45,77
"4591","Hattie Avenue",2019-04-05,4,2019,"Forsyth",36.110693332,-80.2264378,28,41
"4592","Hattie Avenue",2019-04-06,4,2019,"Forsyth",36.110693332,-80.2264378,27,49
"4593","Hattie Avenue",2019-04-07,4,2019,"Forsyth",36.110693332,-80.2264378,47,34
"4594","Hattie Avenue",2019-04-08,4,2019,"Forsyth",36.110693332,-80.2264378,39,30
"4595","Hattie Avenue",2019-04-09,4,2019,"Forsyth",36.110693332,-80.2264378,20,40
"4596","Hattie Avenue",2019-04-10,4,2019,"Forsyth",36.110693332,-80.2264378,16,64
"4597","Hattie Avenue",2019-04-11,4,2019,"Forsyth",36.110693332,-80.2264378,28,51
"4598","Hattie Avenue",2019-04-12,4,2019,"Forsyth",36.110693332,-80.2264378,24,29
"4599","Hattie Avenue",2019-04-13,4,2019,"Forsyth",36.110693332,-80.2264378,28,36
"4600","Hattie Avenue",2019-04-14,4,2019,"Forsyth",36.110693332,-80.2264378,31,34
"4601","Hattie Avenue",2019-04-15,4,2019,"Forsyth",36.110693332,-80.2264378,6,45
"4602","Hattie Avenue",2019-04-16,4,2019,"Forsyth",36.110693332,-80.2264378,14,58
"4603","Hattie Avenue",2019-04-17,4,2019,"Forsyth",36.110693332,-80.2264378,35,74
"4604","Hattie Avenue",2019-04-18,4,2019,"Forsyth",36.110693332,-80.2264378,35,49
"4605","Hattie Avenue",2019-04-19,4,2019,"Forsyth",36.110693332,-80.2264378,30,36
"4606","Hattie Avenue",2019-04-20,4,2019,"Forsyth",36.110693332,-80.2264378,13,31
"4607","Hattie Avenue",2019-04-21,4,2019,"Forsyth",36.110693332,-80.2264378,10,34
"4608","Hattie Avenue",2019-04-22,4,2019,"Forsyth",36.110693332,-80.2264378,16,45
"4609","Hattie Avenue",2019-04-23,4,2019,"Forsyth",36.110693332,-80.2264378,28,47
"4610","Hattie Avenue",2019-04-24,4,2019,"Forsyth",36.110693332,-80.2264378,33,58
"4611","Hattie Avenue",2019-04-25,4,2019,"Forsyth",36.110693332,-80.2264378,49,45
"4612","Hattie Avenue",2019-04-26,4,2019,"Forsyth",36.110693332,-80.2264378,39,43
"4613","Hattie Avenue",2019-04-27,4,2019,"Forsyth",36.110693332,-80.2264378,23.5,50
"4614","Hattie Avenue",2019-04-28,4,2019,"Forsyth",36.110693332,-80.2264378,39,48
"4615","Hattie Avenue",2019-04-29,4,2019,"Forsyth",36.110693332,-80.2264378,36,36
"4616","Hattie Avenue",2019-04-30,4,2019,"Forsyth",36.110693332,-80.2264378,56,74
"4617","Hattie Avenue",2019-05-01,5,2019,"Forsyth",36.110693332,-80.2264378,48,46
"4618","Hattie Avenue",2019-05-02,5,2019,"Forsyth",36.110693332,-80.2264378,39,46
"4619","Hattie Avenue",2019-05-03,5,2019,"Forsyth",36.110693332,-80.2264378,32,37
"4620","Hattie Avenue",2019-05-04,5,2019,"Forsyth",36.110693332,-80.2264378,33,40
"4621","Hattie Avenue",2019-05-05,5,2019,"Forsyth",36.110693332,-80.2264378,18,29
"4622","Hattie Avenue",2019-05-06,5,2019,"Forsyth",36.110693332,-80.2264378,20.5,45
"4623","Hattie Avenue",2019-05-07,5,2019,"Forsyth",36.110693332,-80.2264378,29,45
"4624","Hattie Avenue",2019-05-08,5,2019,"Forsyth",36.110693332,-80.2264378,31,46
"4625","Hattie Avenue",2019-05-09,5,2019,"Forsyth",36.110693332,-80.2264378,24,43
"4626","Hattie Avenue",2019-05-10,5,2019,"Forsyth",36.110693332,-80.2264378,25,37
"4627","Hattie Avenue",2019-05-11,5,2019,"Forsyth",36.110693332,-80.2264378,30,25
"4628","Hattie Avenue",2019-05-12,5,2019,"Forsyth",36.110693332,-80.2264378,22.5,30
"4629","Hattie Avenue",2019-05-13,5,2019,"Forsyth",36.110693332,-80.2264378,18,36
"4630","Hattie Avenue",2019-05-14,5,2019,"Forsyth",36.110693332,-80.2264378,19,41
"4631","Hattie Avenue",2019-05-15,5,2019,"Forsyth",36.110693332,-80.2264378,25,48
"4632","Hattie Avenue",2019-05-16,5,2019,"Forsyth",36.110693332,-80.2264378,38,51
"4633","Hattie Avenue",2019-05-17,5,2019,"Forsyth",36.110693332,-80.2264378,48,48
"4634","Hattie Avenue",2019-05-18,5,2019,"Forsyth",36.110693332,-80.2264378,46,61
"4635","Hattie Avenue",2019-05-19,5,2019,"Forsyth",36.110693332,-80.2264378,55,49
"4636","Hattie Avenue",2019-05-20,5,2019,"Forsyth",36.110693332,-80.2264378,42,45
"4637","Hattie Avenue",2019-05-21,5,2019,"Forsyth",36.110693332,-80.2264378,30,77
"4638","Hattie Avenue",2019-05-22,5,2019,"Forsyth",36.110693332,-80.2264378,39,50
"4639","Hattie Avenue",2019-05-23,5,2019,"Forsyth",36.110693332,-80.2264378,48,40
"4640","Hattie Avenue",2019-05-24,5,2019,"Forsyth",36.110693332,-80.2264378,50,37
"4641","Hattie Avenue",2019-05-25,5,2019,"Forsyth",36.110693332,-80.2264378,56,47
"4642","Hattie Avenue",2019-05-26,5,2019,"Forsyth",36.110693332,-80.2264378,48,41
"4643","Hattie Avenue",2019-05-27,5,2019,"Forsyth",36.110693332,-80.2264378,31.5,42
"4644","Hattie Avenue",2019-05-28,5,2019,"Forsyth",36.110693332,-80.2264378,51,45
"4645","Hattie Avenue",2019-05-29,5,2019,"Forsyth",36.110693332,-80.2264378,44,NA
"4646","Hattie Avenue",2019-05-30,5,2019,"Forsyth",36.110693332,-80.2264378,46.5,61
"4647","Hattie Avenue",2019-05-31,5,2019,"Forsyth",36.110693332,-80.2264378,NA,43
"4648","Hattie Avenue",2019-06-01,6,2019,"Forsyth",36.110693332,-80.2264378,NA,51
"4649","Hattie Avenue",2019-06-02,6,2019,"Forsyth",36.110693332,-80.2264378,43,54
"4650","Hattie Avenue",2019-06-03,6,2019,"Forsyth",36.110693332,-80.2264378,NA,46
"4651","Hattie Avenue",2019-06-04,6,2019,"Forsyth",36.110693332,-80.2264378,NA,74
"4652","Hattie Avenue",2019-06-05,6,2019,"Forsyth",36.110693332,-80.2264378,54,43
"4653","Hattie Avenue",2019-06-06,6,2019,"Forsyth",36.110693332,-80.2264378,56,46
"4654","Hattie Avenue",2019-06-07,6,2019,"Forsyth",36.110693332,-80.2264378,27,26
"4655","Hattie Avenue",2019-06-08,6,2019,"Forsyth",36.110693332,-80.2264378,13.5,33
"4656","Hattie Avenue",2019-06-09,6,2019,"Forsyth",36.110693332,-80.2264378,20,22
"4657","Hattie Avenue",2019-06-10,6,2019,"Forsyth",36.110693332,-80.2264378,22,35
"4658","Hattie Avenue",2019-06-11,6,2019,"Forsyth",36.110693332,-80.2264378,24,41
"4659","Hattie Avenue",2019-06-12,6,2019,"Forsyth",36.110693332,-80.2264378,21,41
"4660","Hattie Avenue",2019-06-13,6,2019,"Forsyth",36.110693332,-80.2264378,19,41
"4661","Hattie Avenue",2019-06-14,6,2019,"Forsyth",36.110693332,-80.2264378,16.5,41
"4662","Hattie Avenue",2019-06-15,6,2019,"Forsyth",36.110693332,-80.2264378,36,54
"4663","Hattie Avenue",2019-06-16,6,2019,"Forsyth",36.110693332,-80.2264378,43,44
"4664","Hattie Avenue",2019-06-17,6,2019,"Forsyth",36.110693332,-80.2264378,43.5,44
"4665","Hattie Avenue",2019-06-18,6,2019,"Forsyth",36.110693332,-80.2264378,18,33
"4666","Hattie Avenue",2019-06-19,6,2019,"Forsyth",36.110693332,-80.2264378,23,31
"4667","Hattie Avenue",2019-06-20,6,2019,"Forsyth",36.110693332,-80.2264378,27.5,44
"4668","Hattie Avenue",2019-06-21,6,2019,"Forsyth",36.110693332,-80.2264378,24,41
"4669","Hattie Avenue",2019-06-22,6,2019,"Forsyth",36.110693332,-80.2264378,28,42
"4670","Hattie Avenue",2019-06-23,6,2019,"Forsyth",36.110693332,-80.2264378,36,42
"4671","Hattie Avenue",2019-06-24,6,2019,"Forsyth",36.110693332,-80.2264378,47,37
"4672","Hattie Avenue",2019-06-25,6,2019,"Forsyth",36.110693332,-80.2264378,24,36
"4673","Hattie Avenue",2019-06-26,6,2019,"Forsyth",36.110693332,-80.2264378,27,50
"4674","Hattie Avenue",2019-06-27,6,2019,"Forsyth",36.110693332,-80.2264378,34,64
"4675","Hattie Avenue",2019-06-28,6,2019,"Forsyth",36.110693332,-80.2264378,46,64
"4676","Hattie Avenue",2019-06-29,6,2019,"Forsyth",36.110693332,-80.2264378,48,58
"4677","Hattie Avenue",2019-06-30,6,2019,"Forsyth",36.110693332,-80.2264378,44,44
"4678","Hattie Avenue",2019-07-01,7,2019,"Forsyth",36.110693332,-80.2264378,43,44
"4679","Hattie Avenue",2019-07-02,7,2019,"Forsyth",36.110693332,-80.2264378,38,45
"4680","Hattie Avenue",2019-07-03,7,2019,"Forsyth",36.110693332,-80.2264378,38,50
"4681","Hattie Avenue",2019-07-04,7,2019,"Forsyth",36.110693332,-80.2264378,53,42
"4682","Hattie Avenue",2019-07-05,7,2019,"Forsyth",36.110693332,-80.2264378,48,49
"4683","Hattie Avenue",2019-07-06,7,2019,"Forsyth",36.110693332,-80.2264378,40,35
"4684","Hattie Avenue",2019-07-07,7,2019,"Forsyth",36.110693332,-80.2264378,33,38
"4685","Hattie Avenue",2019-07-08,7,2019,"Forsyth",36.110693332,-80.2264378,32,40
"4686","Hattie Avenue",2019-07-09,7,2019,"Forsyth",36.110693332,-80.2264378,34,37
"4687","Hattie Avenue",2019-07-10,7,2019,"Forsyth",36.110693332,-80.2264378,33,41
"4688","Hattie Avenue",2019-07-11,7,2019,"Forsyth",36.110693332,-80.2264378,29,38
"4689","Hattie Avenue",2019-07-12,7,2019,"Forsyth",36.110693332,-80.2264378,28,41
"4690","Hattie Avenue",2019-07-13,7,2019,"Forsyth",36.110693332,-80.2264378,33,44
"4691","Hattie Avenue",2019-07-14,7,2019,"Forsyth",36.110693332,-80.2264378,35,44
"4692","Hattie Avenue",2019-07-15,7,2019,"Forsyth",36.110693332,-80.2264378,42,77
"4693","Hattie Avenue",2019-07-16,7,2019,"Forsyth",36.110693332,-80.2264378,52,64
"4694","Hattie Avenue",2019-07-17,7,2019,"Forsyth",36.110693332,-80.2264378,52,45
"4695","Hattie Avenue",2019-07-18,7,2019,"Forsyth",36.110693332,-80.2264378,20,35
"4696","Hattie Avenue",2019-07-19,7,2019,"Forsyth",36.110693332,-80.2264378,27,44
"4697","Hattie Avenue",2019-07-20,7,2019,"Forsyth",36.110693332,-80.2264378,30,37
"4698","Hattie Avenue",2019-07-21,7,2019,"Forsyth",36.110693332,-80.2264378,30,43
"4699","Hattie Avenue",2019-07-22,7,2019,"Forsyth",36.110693332,-80.2264378,22,41
"4700","Hattie Avenue",2019-07-23,7,2019,"Forsyth",36.110693332,-80.2264378,21,31
"4701","Hattie Avenue",2019-07-24,7,2019,"Forsyth",36.110693332,-80.2264378,30,41
"4702","Hattie Avenue",2019-07-25,7,2019,"Forsyth",36.110693332,-80.2264378,31,44
"4703","Hattie Avenue",2019-07-26,7,2019,"Forsyth",36.110693332,-80.2264378,41,51
"4704","Hattie Avenue",2019-07-27,7,2019,"Forsyth",36.110693332,-80.2264378,53,80
"4705","Hattie Avenue",2019-07-28,7,2019,"Forsyth",36.110693332,-80.2264378,52,54
"4706","Hattie Avenue",2019-07-29,7,2019,"Forsyth",36.110693332,-80.2264378,53,NA
"4707","Hattie Avenue",2019-07-30,7,2019,"Forsyth",36.110693332,-80.2264378,53,74
"4708","Hattie Avenue",2019-07-31,7,2019,"Forsyth",36.110693332,-80.2264378,41,50
"4709","Hattie Avenue",2019-08-01,8,2019,"Forsyth",36.110693332,-80.2264378,42.5,84
"4710","Hattie Avenue",2019-08-02,8,2019,"Forsyth",36.110693332,-80.2264378,28,90
"4711","Hattie Avenue",2019-08-03,8,2019,"Forsyth",36.110693332,-80.2264378,40,43
"4712","Hattie Avenue",2019-08-04,8,2019,"Forsyth",36.110693332,-80.2264378,36,43
"4713","Hattie Avenue",2019-08-05,8,2019,"Forsyth",36.110693332,-80.2264378,43,54
"4714","Hattie Avenue",2019-08-06,8,2019,"Forsyth",36.110693332,-80.2264378,46,49
"4715","Hattie Avenue",2019-08-07,8,2019,"Forsyth",36.110693332,-80.2264378,40.5,44
"4716","Hattie Avenue",2019-08-08,8,2019,"Forsyth",36.110693332,-80.2264378,31,46
"4717","Hattie Avenue",2019-08-09,8,2019,"Forsyth",36.110693332,-80.2264378,38,44
"4718","Hattie Avenue",2019-08-10,8,2019,"Forsyth",36.110693332,-80.2264378,44,54
"4719","Hattie Avenue",2019-08-11,8,2019,"Forsyth",36.110693332,-80.2264378,36,47
"4720","Hattie Avenue",2019-08-12,8,2019,"Forsyth",36.110693332,-80.2264378,44,47
"4721","Hattie Avenue",2019-08-13,8,2019,"Forsyth",36.110693332,-80.2264378,43.5,44
"4722","Hattie Avenue",2019-08-14,8,2019,"Forsyth",36.110693332,-80.2264378,28,43
"4723","Hattie Avenue",2019-08-15,8,2019,"Forsyth",36.110693332,-80.2264378,34,50
"4724","Hattie Avenue",2019-08-16,8,2019,"Forsyth",36.110693332,-80.2264378,35.5,51
"4725","Hattie Avenue",2019-08-17,8,2019,"Forsyth",36.110693332,-80.2264378,35,44
"4726","Hattie Avenue",2019-08-18,8,2019,"Forsyth",36.110693332,-80.2264378,37,51
"4727","Hattie Avenue",2019-08-19,8,2019,"Forsyth",36.110693332,-80.2264378,38.5,58
"4728","Hattie Avenue",2019-08-20,8,2019,"Forsyth",36.110693332,-80.2264378,30,40
"4729","Hattie Avenue",2019-08-21,8,2019,"Forsyth",36.110693332,-80.2264378,27,43
"4730","Hattie Avenue",2019-08-22,8,2019,"Forsyth",36.110693332,-80.2264378,35,41
"4731","Hattie Avenue",2019-08-23,8,2019,"Forsyth",36.110693332,-80.2264378,23,37
"4732","Hattie Avenue",2019-08-24,8,2019,"Forsyth",36.110693332,-80.2264378,20,24
"4733","Hattie Avenue",2019-08-25,8,2019,"Forsyth",36.110693332,-80.2264378,24,34
"4734","Hattie Avenue",2019-08-26,8,2019,"Forsyth",36.110693332,-80.2264378,23,29
"4735","Hattie Avenue",2019-08-27,8,2019,"Forsyth",36.110693332,-80.2264378,29,25
"4736","Hattie Avenue",2019-08-28,8,2019,"Forsyth",36.110693332,-80.2264378,27,34
"4737","Hattie Avenue",2019-08-29,8,2019,"Forsyth",36.110693332,-80.2264378,25,44
"4738","Hattie Avenue",2019-08-30,8,2019,"Forsyth",36.110693332,-80.2264378,30,49
"4739","Hattie Avenue",2019-08-31,8,2019,"Forsyth",36.110693332,-80.2264378,39,77
"4740","Hattie Avenue",2019-09-01,9,2019,"Forsyth",36.110693332,-80.2264378,34,40
"4741","Hattie Avenue",2019-09-02,9,2019,"Forsyth",36.110693332,-80.2264378,29,43
"4742","Hattie Avenue",2019-09-03,9,2019,"Forsyth",36.110693332,-80.2264378,43,51
"4743","Hattie Avenue",2019-09-04,9,2019,"Forsyth",36.110693332,-80.2264378,44,80
"4744","Hattie Avenue",2019-09-05,9,2019,"Forsyth",36.110693332,-80.2264378,33,34
"4745","Hattie Avenue",2019-09-06,9,2019,"Forsyth",36.110693332,-80.2264378,30,43
"4746","Hattie Avenue",2019-09-07,9,2019,"Forsyth",36.110693332,-80.2264378,35,45
"4747","Hattie Avenue",2019-09-08,9,2019,"Forsyth",36.110693332,-80.2264378,39,51
"4748","Hattie Avenue",2019-09-09,9,2019,"Forsyth",36.110693332,-80.2264378,53,74
"4749","Hattie Avenue",2019-09-10,9,2019,"Forsyth",36.110693332,-80.2264378,56,74
"4750","Hattie Avenue",2019-09-11,9,2019,"Forsyth",36.110693332,-80.2264378,58,97
"4751","Hattie Avenue",2019-09-12,9,2019,"Forsyth",36.110693332,-80.2264378,55,51
"4752","Hattie Avenue",2019-09-13,9,2019,"Forsyth",36.110693332,-80.2264378,48,43
"4753","Hattie Avenue",2019-09-14,9,2019,"Forsyth",36.110693332,-80.2264378,34,40
"4754","Hattie Avenue",2019-09-15,9,2019,"Forsyth",36.110693332,-80.2264378,43.5,45
"4755","Hattie Avenue",2019-09-16,9,2019,"Forsyth",36.110693332,-80.2264378,37,51
"4756","Hattie Avenue",2019-09-17,9,2019,"Forsyth",36.110693332,-80.2264378,44,61
"4757","Hattie Avenue",2019-09-18,9,2019,"Forsyth",36.110693332,-80.2264378,29,43
"4758","Hattie Avenue",2019-09-19,9,2019,"Forsyth",36.110693332,-80.2264378,25,43
"4759","Hattie Avenue",2019-09-20,9,2019,"Forsyth",36.110693332,-80.2264378,35,48
"4760","Hattie Avenue",2019-09-21,9,2019,"Forsyth",36.110693332,-80.2264378,45,64
"4761","Hattie Avenue",2019-09-22,9,2019,"Forsyth",36.110693332,-80.2264378,45,58
"4762","Hattie Avenue",2019-09-23,9,2019,"Forsyth",36.110693332,-80.2264378,37,48
"4763","Hattie Avenue",2019-09-24,9,2019,"Forsyth",36.110693332,-80.2264378,25.5,44
"4764","Hattie Avenue",2019-09-25,9,2019,"Forsyth",36.110693332,-80.2264378,38,71
"4765","Hattie Avenue",2019-09-26,9,2019,"Forsyth",36.110693332,-80.2264378,41,45
"4766","Hattie Avenue",2019-09-27,9,2019,"Forsyth",36.110693332,-80.2264378,41.5,87
"4767","Hattie Avenue",2019-09-28,9,2019,"Forsyth",36.110693332,-80.2264378,48,43
"4768","Hattie Avenue",2019-09-29,9,2019,"Forsyth",36.110693332,-80.2264378,53,46
"4769","Hattie Avenue",2019-09-30,9,2019,"Forsyth",36.110693332,-80.2264378,62,44
"4770","Hattie Avenue",2019-10-01,10,2019,"Forsyth",36.110693332,-80.2264378,58,64
"4771","Hattie Avenue",2019-10-02,10,2019,"Forsyth",36.110693332,-80.2264378,57,48
"4772","Hattie Avenue",2019-10-03,10,2019,"Forsyth",36.110693332,-80.2264378,48,48
"4773","Hattie Avenue",2019-10-04,10,2019,"Forsyth",36.110693332,-80.2264378,38,51
"4774","Hattie Avenue",2019-10-05,10,2019,"Forsyth",36.110693332,-80.2264378,18,26
"4775","Hattie Avenue",2019-10-06,10,2019,"Forsyth",36.110693332,-80.2264378,24,34
"4776","Hattie Avenue",2019-10-07,10,2019,"Forsyth",36.110693332,-80.2264378,23,36
"4777","Hattie Avenue",2019-10-08,10,2019,"Forsyth",36.110693332,-80.2264378,15,31
"4778","Hattie Avenue",2019-10-09,10,2019,"Forsyth",36.110693332,-80.2264378,19,38
"4779","Hattie Avenue",2019-10-10,10,2019,"Forsyth",36.110693332,-80.2264378,24,39
"4780","Hattie Avenue",2019-10-11,10,2019,"Forsyth",36.110693332,-80.2264378,24,43
"4781","Hattie Avenue",2019-10-12,10,2019,"Forsyth",36.110693332,-80.2264378,35,45
"4782","Hattie Avenue",2019-10-13,10,2019,"Forsyth",36.110693332,-80.2264378,21,18
"4783","Hattie Avenue",2019-10-14,10,2019,"Forsyth",36.110693332,-80.2264378,30,42
"4784","Hattie Avenue",2019-10-15,10,2019,"Forsyth",36.110693332,-80.2264378,22,46
"4785","Hattie Avenue",2019-10-16,10,2019,"Forsyth",36.110693332,-80.2264378,15,29
"4786","Hattie Avenue",2019-10-17,10,2019,"Forsyth",36.110693332,-80.2264378,12,31
"4787","Hattie Avenue",2019-10-18,10,2019,"Forsyth",36.110693332,-80.2264378,21,34
"4788","Hattie Avenue",2019-10-19,10,2019,"Forsyth",36.110693332,-80.2264378,37,37
"4789","Hattie Avenue",2019-10-20,10,2019,"Forsyth",36.110693332,-80.2264378,7,31
"4790","Hattie Avenue",2019-10-21,10,2019,"Forsyth",36.110693332,-80.2264378,18,25
"4791","Hattie Avenue",2019-10-22,10,2019,"Forsyth",36.110693332,-80.2264378,18,23
"4792","Hattie Avenue",2019-10-23,10,2019,"Forsyth",36.110693332,-80.2264378,19,34
"4793","Hattie Avenue",2019-10-24,10,2019,"Forsyth",36.110693332,-80.2264378,26,44
"4794","Hattie Avenue",2019-10-25,10,2019,"Forsyth",36.110693332,-80.2264378,33,34
"4795","Hattie Avenue",2019-10-26,10,2019,"Forsyth",36.110693332,-80.2264378,30,40
"4796","Hattie Avenue",2019-10-27,10,2019,"Forsyth",36.110693332,-80.2264378,16,31
"4797","Hattie Avenue",2019-10-28,10,2019,"Forsyth",36.110693332,-80.2264378,20,42
"4798","Hattie Avenue",2019-10-29,10,2019,"Forsyth",36.110693332,-80.2264378,43,21
"4799","Hattie Avenue",2019-10-30,10,2019,"Forsyth",36.110693332,-80.2264378,36,18
"4800","Hattie Avenue",2019-10-31,10,2019,"Forsyth",36.110693332,-80.2264378,18,21
"4801","Hattie Avenue",2019-11-01,11,2019,"Forsyth",36.110693332,-80.2264378,21,NA
"4802","Hattie Avenue",2019-11-02,11,2019,"Forsyth",36.110693332,-80.2264378,26,NA
"4803","Hattie Avenue",2019-11-03,11,2019,"Forsyth",36.110693332,-80.2264378,28,NA
"4804","Hattie Avenue",2019-11-04,11,2019,"Forsyth",36.110693332,-80.2264378,39,NA
"4805","Hattie Avenue",2019-11-05,11,2019,"Forsyth",36.110693332,-80.2264378,45,NA
"4806","Hattie Avenue",2019-11-06,11,2019,"Forsyth",36.110693332,-80.2264378,35,NA
"4807","Hattie Avenue",2019-11-07,11,2019,"Forsyth",36.110693332,-80.2264378,59,NA
"4808","Hattie Avenue",2019-11-08,11,2019,"Forsyth",36.110693332,-80.2264378,20,NA
"4809","Hattie Avenue",2019-11-09,11,2019,"Forsyth",36.110693332,-80.2264378,39,NA
"4810","Hattie Avenue",2019-11-10,11,2019,"Forsyth",36.110693332,-80.2264378,63,NA
"4811","Hattie Avenue",2019-11-11,11,2019,"Forsyth",36.110693332,-80.2264378,54,NA
"4812","Hattie Avenue",2019-11-12,11,2019,"Forsyth",36.110693332,-80.2264378,24,NA
"4813","Hattie Avenue",2019-11-13,11,2019,"Forsyth",36.110693332,-80.2264378,25,NA
"4814","Hattie Avenue",2019-11-14,11,2019,"Forsyth",36.110693332,-80.2264378,57,NA
"4815","Hattie Avenue",2019-11-15,11,2019,"Forsyth",36.110693332,-80.2264378,41,NA
"4816","Hattie Avenue",2019-11-16,11,2019,"Forsyth",36.110693332,-80.2264378,38,NA
"4817","Hattie Avenue",2019-11-17,11,2019,"Forsyth",36.110693332,-80.2264378,21,NA
"4818","Hattie Avenue",2019-11-18,11,2019,"Forsyth",36.110693332,-80.2264378,26,NA
"4819","Hattie Avenue",2019-11-19,11,2019,"Forsyth",36.110693332,-80.2264378,55,NA
"4820","Hattie Avenue",2019-11-20,11,2019,"Forsyth",36.110693332,-80.2264378,42,NA
"4821","Hattie Avenue",2019-11-21,11,2019,"Forsyth",36.110693332,-80.2264378,48,NA
"4822","Hattie Avenue",2019-11-22,11,2019,"Forsyth",36.110693332,-80.2264378,61,NA
"4823","Hattie Avenue",2019-11-23,11,2019,"Forsyth",36.110693332,-80.2264378,25,NA
"4824","Hattie Avenue",2019-11-24,11,2019,"Forsyth",36.110693332,-80.2264378,14,NA
"4825","Hattie Avenue",2019-11-25,11,2019,"Forsyth",36.110693332,-80.2264378,28,NA
"4826","Hattie Avenue",2019-11-26,11,2019,"Forsyth",36.110693332,-80.2264378,47,NA
"4827","Hattie Avenue",2019-11-27,11,2019,"Forsyth",36.110693332,-80.2264378,54,NA
"4828","Hattie Avenue",2019-11-28,11,2019,"Forsyth",36.110693332,-80.2264378,14,NA
"4829","Hattie Avenue",2019-11-29,11,2019,"Forsyth",36.110693332,-80.2264378,27,NA
"4830","Hattie Avenue",2019-11-30,11,2019,"Forsyth",36.110693332,-80.2264378,53,NA
"4831","Hattie Avenue",2019-12-01,12,2019,"Forsyth",36.110693332,-80.2264378,26,NA
"4832","Hattie Avenue",2019-12-02,12,2019,"Forsyth",36.110693332,-80.2264378,5,NA
"4833","Hattie Avenue",2019-12-03,12,2019,"Forsyth",36.110693332,-80.2264378,11,NA
"4834","Hattie Avenue",2019-12-04,12,2019,"Forsyth",36.110693332,-80.2264378,21,NA
"4835","Hattie Avenue",2019-12-05,12,2019,"Forsyth",36.110693332,-80.2264378,17,NA
"4836","Hattie Avenue",2019-12-06,12,2019,"Forsyth",36.110693332,-80.2264378,56,NA
"4837","Hattie Avenue",2019-12-07,12,2019,"Forsyth",36.110693332,-80.2264378,49,NA
"4838","Hattie Avenue",2019-12-08,12,2019,"Forsyth",36.110693332,-80.2264378,37,NA
"4839","Hattie Avenue",2019-12-09,12,2019,"Forsyth",36.110693332,-80.2264378,43,NA
"4840","Hattie Avenue",2019-12-10,12,2019,"Forsyth",36.110693332,-80.2264378,31,NA
"4841","Hattie Avenue",2019-12-11,12,2019,"Forsyth",36.110693332,-80.2264378,15,NA
"4842","Hattie Avenue",2019-12-12,12,2019,"Forsyth",36.110693332,-80.2264378,27,NA
"4843","Hattie Avenue",2019-12-13,12,2019,"Forsyth",36.110693332,-80.2264378,28,NA
"4844","Hattie Avenue",2019-12-14,12,2019,"Forsyth",36.110693332,-80.2264378,12,NA
"4845","Hattie Avenue",2019-12-15,12,2019,"Forsyth",36.110693332,-80.2264378,28,NA
"4846","Hattie Avenue",2019-12-16,12,2019,"Forsyth",36.110693332,-80.2264378,51,NA
"4847","Hattie Avenue",2019-12-17,12,2019,"Forsyth",36.110693332,-80.2264378,15,NA
"4848","Hattie Avenue",2019-12-18,12,2019,"Forsyth",36.110693332,-80.2264378,17,NA
"4849","Hattie Avenue",2019-12-19,12,2019,"Forsyth",36.110693332,-80.2264378,39,NA
"4850","Hattie Avenue",2019-12-20,12,2019,"Forsyth",36.110693332,-80.2264378,45,NA
"4851","Hattie Avenue",2019-12-21,12,2019,"Forsyth",36.110693332,-80.2264378,60,NA
"4852","Hattie Avenue",2019-12-22,12,2019,"Forsyth",36.110693332,-80.2264378,81,NA
"4853","Hattie Avenue",2019-12-23,12,2019,"Forsyth",36.110693332,-80.2264378,53,NA
"4854","Hattie Avenue",2019-12-24,12,2019,"Forsyth",36.110693332,-80.2264378,18,NA
"4855","Hattie Avenue",2019-12-25,12,2019,"Forsyth",36.110693332,-80.2264378,52,NA
"4856","Hattie Avenue",2019-12-26,12,2019,"Forsyth",36.110693332,-80.2264378,57,NA
"4857","Hattie Avenue",2019-12-27,12,2019,"Forsyth",36.110693332,-80.2264378,64,NA
"4858","Hattie Avenue",2019-12-28,12,2019,"Forsyth",36.110693332,-80.2264378,65,NA
"4859","Hattie Avenue",2019-12-29,12,2019,"Forsyth",36.110693332,-80.2264378,41,NA
"4860","Hattie Avenue",2019-12-30,12,2019,"Forsyth",36.110693332,-80.2264378,14,NA
"4861","Hattie Avenue",2019-12-31,12,2019,"Forsyth",36.110693332,-80.2264378,11,NA
"4862","Leggett",2018-01-01,1,2018,"Edgecombe",35.988278,-77.5843,14,NA
"4863","Leggett",2018-01-02,1,2018,"Edgecombe",35.988278,-77.5843,20,NA
"4864","Leggett",2018-01-03,1,2018,"Edgecombe",35.988278,-77.5843,23,NA
"4865","Leggett",2018-01-04,1,2018,"Edgecombe",35.988278,-77.5843,23,NA
"4866","Leggett",2018-01-05,1,2018,"Edgecombe",35.988278,-77.5843,9,NA
"4867","Leggett",2018-01-06,1,2018,"Edgecombe",35.988278,-77.5843,8,NA
"4868","Leggett",2018-01-07,1,2018,"Edgecombe",35.988278,-77.5843,15,NA
"4869","Leggett",2018-01-08,1,2018,"Edgecombe",35.988278,-77.5843,40,NA
"4870","Leggett",2018-01-09,1,2018,"Edgecombe",35.988278,-77.5843,19,NA
"4871","Leggett",2018-01-10,1,2018,"Edgecombe",35.988278,-77.5843,35,NA
"4872","Leggett",2018-01-11,1,2018,"Edgecombe",35.988278,-77.5843,34,NA
"4873","Leggett",2018-01-12,1,2018,"Edgecombe",35.988278,-77.5843,8,NA
"4874","Leggett",2018-01-13,1,2018,"Edgecombe",35.988278,-77.5843,0,NA
"4875","Leggett",2018-01-14,1,2018,"Edgecombe",35.988278,-77.5843,10,NA
"4876","Leggett",2018-01-15,1,2018,"Edgecombe",35.988278,-77.5843,24,NA
"4877","Leggett",2018-01-16,1,2018,"Edgecombe",35.988278,-77.5843,29,NA
"4878","Leggett",2018-01-17,1,2018,"Edgecombe",35.988278,-77.5843,38,NA
"4879","Leggett",2018-01-18,1,2018,"Edgecombe",35.988278,-77.5843,31,NA
"4880","Leggett",2018-01-19,1,2018,"Edgecombe",35.988278,-77.5843,25,NA
"4881","Leggett",2018-01-20,1,2018,"Edgecombe",35.988278,-77.5843,28,NA
"4882","Leggett",2018-01-21,1,2018,"Edgecombe",35.988278,-77.5843,22,NA
"4883","Leggett",2018-01-22,1,2018,"Edgecombe",35.988278,-77.5843,40,NA
"4884","Leggett",2018-01-23,1,2018,"Edgecombe",35.988278,-77.5843,13,NA
"4885","Leggett",2018-01-24,1,2018,"Edgecombe",35.988278,-77.5843,3,NA
"4886","Leggett",2018-01-25,1,2018,"Edgecombe",35.988278,-77.5843,8,NA
"4887","Leggett",2018-01-26,1,2018,"Edgecombe",35.988278,-77.5843,16,NA
"4888","Leggett",2018-01-27,1,2018,"Edgecombe",35.988278,-77.5843,18,NA
"4889","Leggett",2018-01-28,1,2018,"Edgecombe",35.988278,-77.5843,10,NA
"4890","Leggett",2018-01-29,1,2018,"Edgecombe",35.988278,-77.5843,0,NA
"4891","Leggett",2018-01-30,1,2018,"Edgecombe",35.988278,-77.5843,18,NA
"4892","Leggett",2018-01-31,1,2018,"Edgecombe",35.988278,-77.5843,15,NA
"4893","Leggett",2018-02-01,2,2018,"Edgecombe",35.988278,-77.5843,23,NA
"4894","Leggett",2018-02-02,2,2018,"Edgecombe",35.988278,-77.5843,10,NA
"4895","Leggett",2018-02-03,2,2018,"Edgecombe",35.988278,-77.5843,11,NA
"4896","Leggett",2018-02-04,2,2018,"Edgecombe",35.988278,-77.5843,13,NA
"4897","Leggett",2018-02-05,2,2018,"Edgecombe",35.988278,-77.5843,10,NA
"4898","Leggett",2018-02-06,2,2018,"Edgecombe",35.988278,-77.5843,26,NA
"4899","Leggett",2018-02-07,2,2018,"Edgecombe",35.988278,-77.5843,21,NA
"4900","Leggett",2018-02-08,2,2018,"Edgecombe",35.988278,-77.5843,28,NA
"4901","Leggett",2018-02-09,2,2018,"Edgecombe",35.988278,-77.5843,30,NA
"4902","Leggett",2018-02-10,2,2018,"Edgecombe",35.988278,-77.5843,25,NA
"4903","Leggett",2018-02-11,2,2018,"Edgecombe",35.988278,-77.5843,23,NA
"4904","Leggett",2018-02-12,2,2018,"Edgecombe",35.988278,-77.5843,12,NA
"4905","Leggett",2018-02-13,2,2018,"Edgecombe",35.988278,-77.5843,23,NA
"4906","Leggett",2018-02-14,2,2018,"Edgecombe",35.988278,-77.5843,35,NA
"4907","Leggett",2018-02-15,2,2018,"Edgecombe",35.988278,-77.5843,30,NA
"4908","Leggett",2018-02-16,2,2018,"Edgecombe",35.988278,-77.5843,18,NA
"4909","Leggett",2018-02-17,2,2018,"Edgecombe",35.988278,-77.5843,13,NA
"4910","Leggett",2018-02-18,2,2018,"Edgecombe",35.988278,-77.5843,4,NA
"4911","Leggett",2018-02-19,2,2018,"Edgecombe",35.988278,-77.5843,23,NA
"4912","Leggett",2018-02-20,2,2018,"Edgecombe",35.988278,-77.5843,40,NA
"4913","Leggett",2018-02-21,2,2018,"Edgecombe",35.988278,-77.5843,23,NA
"4914","Leggett",2018-02-22,2,2018,"Edgecombe",35.988278,-77.5843,23,NA
"4915","Leggett",2018-02-23,2,2018,"Edgecombe",35.988278,-77.5843,28,NA
"4916","Leggett",2018-02-24,2,2018,"Edgecombe",35.988278,-77.5843,28,NA
"4917","Leggett",2018-02-25,2,2018,"Edgecombe",35.988278,-77.5843,18,NA
"4918","Leggett",2018-02-26,2,2018,"Edgecombe",35.988278,-77.5843,17,NA
"4919","Leggett",2018-02-27,2,2018,"Edgecombe",35.988278,-77.5843,15,NA
"4920","Leggett",2018-02-28,2,2018,"Edgecombe",35.988278,-77.5843,40,NA
"4921","Leggett",2018-03-01,3,2018,"Edgecombe",35.988278,-77.5843,33,32
"4922","Leggett",2018-03-02,3,2018,"Edgecombe",35.988278,-77.5843,3,42
"4923","Leggett",2018-03-03,3,2018,"Edgecombe",35.988278,-77.5843,10,44
"4924","Leggett",2018-03-04,3,2018,"Edgecombe",35.988278,-77.5843,10,42
"4925","Leggett",2018-03-05,3,2018,"Edgecombe",35.988278,-77.5843,8,43
"4926","Leggett",2018-03-06,3,2018,"Edgecombe",35.988278,-77.5843,13,35
"4927","Leggett",2018-03-07,3,2018,"Edgecombe",35.988278,-77.5843,12,36
"4928","Leggett",2018-03-08,3,2018,"Edgecombe",35.988278,-77.5843,15,40
"4929","Leggett",2018-03-09,3,2018,"Edgecombe",35.988278,-77.5843,21,41
"4930","Leggett",2018-03-10,3,2018,"Edgecombe",35.988278,-77.5843,46,37
"4931","Leggett",2018-03-11,3,2018,"Edgecombe",35.988278,-77.5843,39,34
"4932","Leggett",2018-03-12,3,2018,"Edgecombe",35.988278,-77.5843,25,33
"4933","Leggett",2018-03-13,3,2018,"Edgecombe",35.988278,-77.5843,22,44
"4934","Leggett",2018-03-14,3,2018,"Edgecombe",35.988278,-77.5843,13,42
"4935","Leggett",2018-03-15,3,2018,"Edgecombe",35.988278,-77.5843,29,50
"4936","Leggett",2018-03-16,3,2018,"Edgecombe",35.988278,-77.5843,25,51
"4937","Leggett",2018-03-17,3,2018,"Edgecombe",35.988278,-77.5843,32,45
"4938","Leggett",2018-03-18,3,2018,"Edgecombe",35.988278,-77.5843,18,43
"4939","Leggett",2018-03-19,3,2018,"Edgecombe",35.988278,-77.5843,23,39
"4940","Leggett",2018-03-20,3,2018,"Edgecombe",35.988278,-77.5843,9,35
"4941","Leggett",2018-03-21,3,2018,"Edgecombe",35.988278,-77.5843,8,31
"4942","Leggett",2018-03-22,3,2018,"Edgecombe",35.988278,-77.5843,11,43
"4943","Leggett",2018-03-23,3,2018,"Edgecombe",35.988278,-77.5843,15,47
"4944","Leggett",2018-03-24,3,2018,"Edgecombe",35.988278,-77.5843,21,44
"4945","Leggett",2018-03-25,3,2018,"Edgecombe",35.988278,-77.5843,15,47
"4946","Leggett",2018-03-26,3,2018,"Edgecombe",35.988278,-77.5843,NA,43
"4947","Leggett",2018-03-27,3,2018,"Edgecombe",35.988278,-77.5843,NA,35
"4948","Leggett",2018-03-29,3,2018,"Edgecombe",35.988278,-77.5843,NA,45
"4949","Leggett",2018-03-30,3,2018,"Edgecombe",35.988278,-77.5843,20,38
"4950","Leggett",2018-03-31,3,2018,"Edgecombe",35.988278,-77.5843,15,44
"4951","Leggett",2018-04-01,4,2018,"Edgecombe",35.988278,-77.5843,34,47
"4952","Leggett",2018-04-02,4,2018,"Edgecombe",35.988278,-77.5843,33,48
"4953","Leggett",2018-04-03,4,2018,"Edgecombe",35.988278,-77.5843,35,37
"4954","Leggett",2018-04-04,4,2018,"Edgecombe",35.988278,-77.5843,14,43
"4955","Leggett",2018-04-05,4,2018,"Edgecombe",35.988278,-77.5843,23,NA
"4956","Leggett",2018-04-06,4,2018,"Edgecombe",35.988278,-77.5843,29,61
"4957","Leggett",2018-04-07,4,2018,"Edgecombe",35.988278,-77.5843,25,NA
"4958","Leggett",2018-04-08,4,2018,"Edgecombe",35.988278,-77.5843,16,NA
"4959","Leggett",2018-04-09,4,2018,"Edgecombe",35.988278,-77.5843,22,39
"4960","Leggett",2018-04-10,4,2018,"Edgecombe",35.988278,-77.5843,33,NA
"4961","Leggett",2018-04-11,4,2018,"Edgecombe",35.988278,-77.5843,43,NA
"4962","Leggett",2018-04-12,4,2018,"Edgecombe",35.988278,-77.5843,40,54
"4963","Leggett",2018-04-13,4,2018,"Edgecombe",35.988278,-77.5843,36,54
"4964","Leggett",2018-04-14,4,2018,"Edgecombe",35.988278,-77.5843,29,45
"4965","Leggett",2018-04-15,4,2018,"Edgecombe",35.988278,-77.5843,30,36
"4966","Leggett",2018-04-16,4,2018,"Edgecombe",35.988278,-77.5843,10,33
"4967","Leggett",2018-04-17,4,2018,"Edgecombe",35.988278,-77.5843,15,45
"4968","Leggett",2018-04-18,4,2018,"Edgecombe",35.988278,-77.5843,39,64
"4969","Leggett",2018-04-19,4,2018,"Edgecombe",35.988278,-77.5843,24,48
"4970","Leggett",2018-04-20,4,2018,"Edgecombe",35.988278,-77.5843,15,NA
"4971","Leggett",2018-04-21,4,2018,"Edgecombe",35.988278,-77.5843,19,64
"4972","Leggett",2018-04-22,4,2018,"Edgecombe",35.988278,-77.5843,15,58
"4973","Leggett",2018-04-23,4,2018,"Edgecombe",35.988278,-77.5843,17,54
"4974","Leggett",2018-04-24,4,2018,"Edgecombe",35.988278,-77.5843,11,44
"4975","Leggett",2018-04-25,4,2018,"Edgecombe",35.988278,-77.5843,30,34
"4976","Leggett",2018-04-26,4,2018,"Edgecombe",35.988278,-77.5843,24,39
"4977","Leggett",2018-04-27,4,2018,"Edgecombe",35.988278,-77.5843,26,48
"4978","Leggett",2018-04-28,4,2018,"Edgecombe",35.988278,-77.5843,35,58
"4979","Leggett",2018-04-29,4,2018,"Edgecombe",35.988278,-77.5843,20,NA
"4980","Leggett",2018-04-30,4,2018,"Edgecombe",35.988278,-77.5843,15,50
"4981","Leggett",2018-05-01,5,2018,"Edgecombe",35.988278,-77.5843,31,77
"4982","Leggett",2018-05-02,5,2018,"Edgecombe",35.988278,-77.5843,43,74
"4983","Leggett",2018-05-03,5,2018,"Edgecombe",35.988278,-77.5843,31,61
"4984","Leggett",2018-05-04,5,2018,"Edgecombe",35.988278,-77.5843,28,51
"4985","Leggett",2018-05-05,5,2018,"Edgecombe",35.988278,-77.5843,31,44
"4986","Leggett",2018-05-06,5,2018,"Edgecombe",35.988278,-77.5843,24,32
"4987","Leggett",2018-05-07,5,2018,"Edgecombe",35.988278,-77.5843,50,33
"4988","Leggett",2018-05-08,5,2018,"Edgecombe",35.988278,-77.5843,22,37
"4989","Leggett",2018-05-09,5,2018,"Edgecombe",35.988278,-77.5843,13,25
"4990","Leggett",2018-05-10,5,2018,"Edgecombe",35.988278,-77.5843,38,67
"4991","Leggett",2018-05-11,5,2018,"Edgecombe",35.988278,-77.5843,47,71
"4992","Leggett",2018-05-12,5,2018,"Edgecombe",35.988278,-77.5843,53,80
"4993","Leggett",2018-05-13,5,2018,"Edgecombe",35.988278,-77.5843,55,NA
"4994","Leggett",2018-05-14,5,2018,"Edgecombe",35.988278,-77.5843,51,NA
"4995","Leggett",2018-05-15,5,2018,"Edgecombe",35.988278,-77.5843,19,27
"4996","Leggett",2018-05-16,5,2018,"Edgecombe",35.988278,-77.5843,17,27
"4997","Leggett",2018-05-17,5,2018,"Edgecombe",35.988278,-77.5843,11,NA
"4998","Leggett",2018-05-18,5,2018,"Edgecombe",35.988278,-77.5843,12,24
"4999","Leggett",2018-05-19,5,2018,"Edgecombe",35.988278,-77.5843,8,20
"5000","Leggett",2018-05-20,5,2018,"Edgecombe",35.988278,-77.5843,25,NA
"5001","Leggett",2018-05-21,5,2018,"Edgecombe",35.988278,-77.5843,35,40
"5002","Leggett",2018-05-22,5,2018,"Edgecombe",35.988278,-77.5843,33,31
"5003","Leggett",2018-05-23,5,2018,"Edgecombe",35.988278,-77.5843,27,35
"5004","Leggett",2018-05-24,5,2018,"Edgecombe",35.988278,-77.5843,28,45
"5005","Leggett",2018-05-25,5,2018,"Edgecombe",35.988278,-77.5843,36,48
"5006","Leggett",2018-05-26,5,2018,"Edgecombe",35.988278,-77.5843,21,24
"5007","Leggett",2018-05-27,5,2018,"Edgecombe",35.988278,-77.5843,20,24
"5008","Leggett",2018-05-28,5,2018,"Edgecombe",35.988278,-77.5843,11,18
"5009","Leggett",2018-05-29,5,2018,"Edgecombe",35.988278,-77.5843,12,23
"5010","Leggett",2018-05-30,5,2018,"Edgecombe",35.988278,-77.5843,20,25
"5011","Leggett",2018-05-31,5,2018,"Edgecombe",35.988278,-77.5843,26,23
"5012","Leggett",2018-06-01,6,2018,"Edgecombe",35.988278,-77.5843,31,61
"5013","Leggett",2018-06-02,6,2018,"Edgecombe",35.988278,-77.5843,25,40
"5014","Leggett",2018-06-03,6,2018,"Edgecombe",35.988278,-77.5843,21,37
"5015","Leggett",2018-06-04,6,2018,"Edgecombe",35.988278,-77.5843,16,NA
"5016","Leggett",2018-06-05,6,2018,"Edgecombe",35.988278,-77.5843,40,48
"5017","Leggett",2018-06-06,6,2018,"Edgecombe",35.988278,-77.5843,42,61
"5018","Leggett",2018-06-07,6,2018,"Edgecombe",35.988278,-77.5843,32,44
"5019","Leggett",2018-06-08,6,2018,"Edgecombe",35.988278,-77.5843,37,58
"5020","Leggett",2018-06-09,6,2018,"Edgecombe",35.988278,-77.5843,34,44
"5021","Leggett",2018-06-10,6,2018,"Edgecombe",35.988278,-77.5843,34,43
"5022","Leggett",2018-06-11,6,2018,"Edgecombe",35.988278,-77.5843,31,37
"5023","Leggett",2018-06-12,6,2018,"Edgecombe",35.988278,-77.5843,24,29
"5024","Leggett",2018-06-13,6,2018,"Edgecombe",35.988278,-77.5843,32,41
"5025","Leggett",2018-06-14,6,2018,"Edgecombe",35.988278,-77.5843,46,41
"5026","Leggett",2018-06-15,6,2018,"Edgecombe",35.988278,-77.5843,38,51
"5027","Leggett",2018-06-16,6,2018,"Edgecombe",35.988278,-77.5843,45,58
"5028","Leggett",2018-06-17,6,2018,"Edgecombe",35.988278,-77.5843,44,50
"5029","Leggett",2018-06-18,6,2018,"Edgecombe",35.988278,-77.5843,54,44
"5030","Leggett",2018-06-19,6,2018,"Edgecombe",35.988278,-77.5843,59,NA
"5031","Leggett",2018-06-20,6,2018,"Edgecombe",35.988278,-77.5843,35,45
"5032","Leggett",2018-06-21,6,2018,"Edgecombe",35.988278,-77.5843,44,40
"5033","Leggett",2018-06-22,6,2018,"Edgecombe",35.988278,-77.5843,49,42
"5034","Leggett",2018-06-23,6,2018,"Edgecombe",35.988278,-77.5843,47,40
"5035","Leggett",2018-06-24,6,2018,"Edgecombe",35.988278,-77.5843,48,43
"5036","Leggett",2018-06-25,6,2018,"Edgecombe",35.988278,-77.5843,34,35
"5037","Leggett",2018-06-26,6,2018,"Edgecombe",35.988278,-77.5843,33,35
"5038","Leggett",2018-06-27,6,2018,"Edgecombe",35.988278,-77.5843,28,36
"5039","Leggett",2018-06-28,6,2018,"Edgecombe",35.988278,-77.5843,38,46
"5040","Leggett",2018-06-29,6,2018,"Edgecombe",35.988278,-77.5843,38,46
"5041","Leggett",2018-06-30,6,2018,"Edgecombe",35.988278,-77.5843,48,45
"5042","Leggett",2018-07-01,7,2018,"Edgecombe",35.988278,-77.5843,35,42
"5043","Leggett",2018-07-02,7,2018,"Edgecombe",35.988278,-77.5843,36,42
"5044","Leggett",2018-07-03,7,2018,"Edgecombe",35.988278,-77.5843,44,44
"5045","Leggett",2018-07-04,7,2018,"Edgecombe",35.988278,-77.5843,22,25
"5046","Leggett",2018-07-05,7,2018,"Edgecombe",35.988278,-77.5843,18,24
"5047","Leggett",2018-07-06,7,2018,"Edgecombe",35.988278,-77.5843,NA,34
"5048","Leggett",2018-07-07,7,2018,"Edgecombe",35.988278,-77.5843,NA,26
"5049","Leggett",2018-07-08,7,2018,"Edgecombe",35.988278,-77.5843,NA,35
"5050","Leggett",2018-07-09,7,2018,"Edgecombe",35.988278,-77.5843,NA,43
"5051","Leggett",2018-07-10,7,2018,"Edgecombe",35.988278,-77.5843,56,74
"5052","Leggett",2018-07-11,7,2018,"Edgecombe",35.988278,-77.5843,54,64
"5053","Leggett",2018-07-12,7,2018,"Edgecombe",35.988278,-77.5843,48,48
"5054","Leggett",2018-07-13,7,2018,"Edgecombe",35.988278,-77.5843,46,44
"5055","Leggett",2018-07-14,7,2018,"Edgecombe",35.988278,-77.5843,22,37
"5056","Leggett",2018-07-15,7,2018,"Edgecombe",35.988278,-77.5843,35,47
"5057","Leggett",2018-07-16,7,2018,"Edgecombe",35.988278,-77.5843,46,45
"5058","Leggett",2018-07-17,7,2018,"Edgecombe",35.988278,-77.5843,42,43
"5059","Leggett",2018-07-18,7,2018,"Edgecombe",35.988278,-77.5843,31,46
"5060","Leggett",2018-07-19,7,2018,"Edgecombe",35.988278,-77.5843,33,54
"5061","Leggett",2018-07-20,7,2018,"Edgecombe",35.988278,-77.5843,32,38
"5062","Leggett",2018-07-21,7,2018,"Edgecombe",35.988278,-77.5843,13,26
"5063","Leggett",2018-07-22,7,2018,"Edgecombe",35.988278,-77.5843,20,37
"5064","Leggett",2018-07-23,7,2018,"Edgecombe",35.988278,-77.5843,22,40
"5065","Leggett",2018-07-24,7,2018,"Edgecombe",35.988278,-77.5843,11,34
"5066","Leggett",2018-07-25,7,2018,"Edgecombe",35.988278,-77.5843,13,37
"5067","Leggett",2018-07-26,7,2018,"Edgecombe",35.988278,-77.5843,30,42
"5068","Leggett",2018-07-27,7,2018,"Edgecombe",35.988278,-77.5843,45,34
"5069","Leggett",2018-07-28,7,2018,"Edgecombe",35.988278,-77.5843,35,36
"5070","Leggett",2018-07-29,7,2018,"Edgecombe",35.988278,-77.5843,NA,35
"5071","Leggett",2018-07-30,7,2018,"Edgecombe",35.988278,-77.5843,NA,22
"5072","Leggett",2018-07-31,7,2018,"Edgecombe",35.988278,-77.5843,NA,25
"5073","Leggett",2018-08-01,8,2018,"Edgecombe",35.988278,-77.5843,21,21
"5074","Leggett",2018-08-02,8,2018,"Edgecombe",35.988278,-77.5843,16,15
"5075","Leggett",2018-08-03,8,2018,"Edgecombe",35.988278,-77.5843,10,17
"5076","Leggett",2018-08-04,8,2018,"Edgecombe",35.988278,-77.5843,43,26
"5077","Leggett",2018-08-05,8,2018,"Edgecombe",35.988278,-77.5843,24,28
"5078","Leggett",2018-08-06,8,2018,"Edgecombe",35.988278,-77.5843,35,31
"5079","Leggett",2018-08-07,8,2018,"Edgecombe",35.988278,-77.5843,41,44
"5080","Leggett",2018-08-08,8,2018,"Edgecombe",35.988278,-77.5843,30,41
"5081","Leggett",2018-08-09,8,2018,"Edgecombe",35.988278,-77.5843,30,37
"5082","Leggett",2018-08-10,8,2018,"Edgecombe",35.988278,-77.5843,46,44
"5083","Leggett",2018-08-11,8,2018,"Edgecombe",35.988278,-77.5843,33,39
"5084","Leggett",2018-08-12,8,2018,"Edgecombe",35.988278,-77.5843,24,33
"5085","Leggett",2018-08-13,8,2018,"Edgecombe",35.988278,-77.5843,21,36
"5086","Leggett",2018-08-14,8,2018,"Edgecombe",35.988278,-77.5843,NA,33
"5087","Leggett",2018-08-15,8,2018,"Edgecombe",35.988278,-77.5843,NA,43
"5088","Leggett",2018-08-16,8,2018,"Edgecombe",35.988278,-77.5843,54,43
"5089","Leggett",2018-08-17,8,2018,"Edgecombe",35.988278,-77.5843,52,33
"5090","Leggett",2018-08-18,8,2018,"Edgecombe",35.988278,-77.5843,33,29
"5091","Leggett",2018-08-19,8,2018,"Edgecombe",35.988278,-77.5843,23,27
"5092","Leggett",2018-08-20,8,2018,"Edgecombe",35.988278,-77.5843,31,38
"5093","Leggett",2018-08-21,8,2018,"Edgecombe",35.988278,-77.5843,28,27
"5094","Leggett",2018-08-22,8,2018,"Edgecombe",35.988278,-77.5843,22,36
"5095","Leggett",2018-08-23,8,2018,"Edgecombe",35.988278,-77.5843,46,36
"5096","Leggett",2018-08-24,8,2018,"Edgecombe",35.988278,-77.5843,25,38
"5097","Leggett",2018-08-25,8,2018,"Edgecombe",35.988278,-77.5843,26,36
"5098","Leggett",2018-08-26,8,2018,"Edgecombe",35.988278,-77.5843,39,43
"5099","Leggett",2018-08-27,8,2018,"Edgecombe",35.988278,-77.5843,54,43
"5100","Leggett",2018-08-28,8,2018,"Edgecombe",35.988278,-77.5843,43,38
"5101","Leggett",2018-08-29,8,2018,"Edgecombe",35.988278,-77.5843,25,32
"5102","Leggett",2018-08-30,8,2018,"Edgecombe",35.988278,-77.5843,39,44
"5103","Leggett",2018-08-31,8,2018,"Edgecombe",35.988278,-77.5843,32,37
"5104","Leggett",2018-09-01,9,2018,"Edgecombe",35.988278,-77.5843,29,30
"5105","Leggett",2018-09-02,9,2018,"Edgecombe",35.988278,-77.5843,21,24
"5106","Leggett",2018-09-03,9,2018,"Edgecombe",35.988278,-77.5843,24,27
"5107","Leggett",2018-09-04,9,2018,"Edgecombe",35.988278,-77.5843,34,31
"5108","Leggett",2018-09-05,9,2018,"Edgecombe",35.988278,-77.5843,27,30
"5109","Leggett",2018-09-06,9,2018,"Edgecombe",35.988278,-77.5843,24,33
"5110","Leggett",2018-09-07,9,2018,"Edgecombe",35.988278,-77.5843,32,35
"5111","Leggett",2018-09-08,9,2018,"Edgecombe",35.988278,-77.5843,35,36
"5112","Leggett",2018-09-09,9,2018,"Edgecombe",35.988278,-77.5843,25,22
"5113","Leggett",2018-09-10,9,2018,"Edgecombe",35.988278,-77.5843,16,20
"5114","Leggett",2018-09-21,9,2018,"Edgecombe",35.988278,-77.5843,20,31
"5115","Leggett",2018-09-22,9,2018,"Edgecombe",35.988278,-77.5843,49,41
"5116","Leggett",2018-09-23,9,2018,"Edgecombe",35.988278,-77.5843,37,28
"5117","Leggett",2018-09-24,9,2018,"Edgecombe",35.988278,-77.5843,22,22
"5118","Leggett",2018-09-25,9,2018,"Edgecombe",35.988278,-77.5843,13,28
"5119","Leggett",2018-09-26,9,2018,"Edgecombe",35.988278,-77.5843,20,36
"5120","Leggett",2018-09-27,9,2018,"Edgecombe",35.988278,-77.5843,24,29
"5121","Leggett",2018-09-28,9,2018,"Edgecombe",35.988278,-77.5843,18,23
"5122","Leggett",2018-09-29,9,2018,"Edgecombe",35.988278,-77.5843,9,37
"5123","Leggett",2018-09-30,9,2018,"Edgecombe",35.988278,-77.5843,20,44
"5124","Leggett",2018-10-01,10,2018,"Edgecombe",35.988278,-77.5843,28,43
"5125","Leggett",2018-10-02,10,2018,"Edgecombe",35.988278,-77.5843,72,41
"5126","Leggett",2018-10-03,10,2018,"Edgecombe",35.988278,-77.5843,30,37
"5127","Leggett",2018-10-04,10,2018,"Edgecombe",35.988278,-77.5843,39,46
"5128","Leggett",2018-10-05,10,2018,"Edgecombe",35.988278,-77.5843,40,37
"5129","Leggett",2018-10-06,10,2018,"Edgecombe",35.988278,-77.5843,35,31
"5130","Leggett",2018-10-07,10,2018,"Edgecombe",35.988278,-77.5843,15,31
"5131","Leggett",2018-10-08,10,2018,"Edgecombe",35.988278,-77.5843,13,31
"5132","Leggett",2018-10-09,10,2018,"Edgecombe",35.988278,-77.5843,8,30
"5133","Leggett",2018-10-10,10,2018,"Edgecombe",35.988278,-77.5843,16,26
"5134","Leggett",2018-10-11,10,2018,"Edgecombe",35.988278,-77.5843,13,NA
"5135","Leggett",2018-10-12,10,2018,"Edgecombe",35.988278,-77.5843,15,31
"5136","Leggett",2018-10-13,10,2018,"Edgecombe",35.988278,-77.5843,13,32
"5137","Leggett",2018-10-14,10,2018,"Edgecombe",35.988278,-77.5843,15,24
"5138","Leggett",2018-10-15,10,2018,"Edgecombe",35.988278,-77.5843,21,35
"5139","Leggett",2018-10-16,10,2018,"Edgecombe",35.988278,-77.5843,17,19
"5140","Leggett",2018-10-17,10,2018,"Edgecombe",35.988278,-77.5843,11,25
"5141","Leggett",2018-10-18,10,2018,"Edgecombe",35.988278,-77.5843,17,33
"5142","Leggett",2018-10-19,10,2018,"Edgecombe",35.988278,-77.5843,22,39
"5143","Leggett",2018-10-20,10,2018,"Edgecombe",35.988278,-77.5843,24,28
"5144","Leggett",2018-10-21,10,2018,"Edgecombe",35.988278,-77.5843,0,29
"5145","Leggett",2018-10-22,10,2018,"Edgecombe",35.988278,-77.5843,9,30
"5146","Leggett",2018-10-23,10,2018,"Edgecombe",35.988278,-77.5843,17,33
"5147","Leggett",2018-10-24,10,2018,"Edgecombe",35.988278,-77.5843,17,31
"5148","Leggett",2018-10-25,10,2018,"Edgecombe",35.988278,-77.5843,11,26
"5149","Leggett",2018-10-26,10,2018,"Edgecombe",35.988278,-77.5843,13,31
"5150","Leggett",2018-10-27,10,2018,"Edgecombe",35.988278,-77.5843,4,21
"5151","Leggett",2018-10-28,10,2018,"Edgecombe",35.988278,-77.5843,10,33
"5152","Leggett",2018-10-29,10,2018,"Edgecombe",35.988278,-77.5843,10,34
"5153","Leggett",2018-10-30,10,2018,"Edgecombe",35.988278,-77.5843,14,34
"5154","Leggett",2018-10-31,10,2018,"Edgecombe",35.988278,-77.5843,25,42
"5155","Leggett",2018-11-01,11,2018,"Edgecombe",35.988278,-77.5843,19,NA
"5156","Leggett",2018-11-02,11,2018,"Edgecombe",35.988278,-77.5843,16,NA
"5157","Leggett",2018-11-03,11,2018,"Edgecombe",35.988278,-77.5843,5,NA
"5158","Leggett",2018-11-04,11,2018,"Edgecombe",35.988278,-77.5843,13,NA
"5159","Leggett",2018-11-05,11,2018,"Edgecombe",35.988278,-77.5843,13,NA
"5160","Leggett",2018-11-06,11,2018,"Edgecombe",35.988278,-77.5843,17,NA
"5161","Leggett",2018-11-07,11,2018,"Edgecombe",35.988278,-77.5843,19,NA
"5162","Leggett",2018-11-08,11,2018,"Edgecombe",35.988278,-77.5843,29,NA
"5163","Leggett",2018-11-09,11,2018,"Edgecombe",35.988278,-77.5843,22,NA
"5164","Leggett",2018-11-10,11,2018,"Edgecombe",35.988278,-77.5843,8,NA
"5165","Leggett",2018-11-11,11,2018,"Edgecombe",35.988278,-77.5843,10,NA
"5166","Leggett",2018-11-12,11,2018,"Edgecombe",35.988278,-77.5843,15,NA
"5167","Leggett",2018-11-13,11,2018,"Edgecombe",35.988278,-77.5843,7,NA
"5168","Leggett",2018-11-14,11,2018,"Edgecombe",35.988278,-77.5843,21,NA
"5169","Leggett",2018-11-15,11,2018,"Edgecombe",35.988278,-77.5843,6,NA
"5170","Leggett",2018-11-16,11,2018,"Edgecombe",35.988278,-77.5843,8,NA
"5171","Leggett",2018-11-17,11,2018,"Edgecombe",35.988278,-77.5843,27,NA
"5172","Leggett",2018-11-18,11,2018,"Edgecombe",35.988278,-77.5843,26,NA
"5173","Leggett",2018-11-19,11,2018,"Edgecombe",35.988278,-77.5843,35,NA
"5174","Leggett",2018-11-20,11,2018,"Edgecombe",35.988278,-77.5843,31,NA
"5175","Leggett",2018-11-21,11,2018,"Edgecombe",35.988278,-77.5843,24,NA
"5176","Leggett",2018-11-22,11,2018,"Edgecombe",35.988278,-77.5843,26,NA
"5177","Leggett",2018-11-23,11,2018,"Edgecombe",35.988278,-77.5843,6,NA
"5178","Leggett",2018-11-24,11,2018,"Edgecombe",35.988278,-77.5843,6,NA
"5179","Leggett",2018-11-25,11,2018,"Edgecombe",35.988278,-77.5843,23,NA
"5180","Leggett",2018-11-26,11,2018,"Edgecombe",35.988278,-77.5843,19,NA
"5181","Leggett",2018-11-27,11,2018,"Edgecombe",35.988278,-77.5843,2,NA
"5182","Leggett",2018-11-28,11,2018,"Edgecombe",35.988278,-77.5843,13,NA
"5183","Leggett",2018-11-29,11,2018,"Edgecombe",35.988278,-77.5843,18,NA
"5184","Leggett",2018-11-30,11,2018,"Edgecombe",35.988278,-77.5843,38,NA
"5185","Leggett",2018-12-01,12,2018,"Edgecombe",35.988278,-77.5843,47,NA
"5186","Leggett",2018-12-02,12,2018,"Edgecombe",35.988278,-77.5843,11,NA
"5187","Leggett",2018-12-03,12,2018,"Edgecombe",35.988278,-77.5843,25,NA
"5188","Leggett",2018-12-04,12,2018,"Edgecombe",35.988278,-77.5843,9,NA
"5189","Leggett",2018-12-05,12,2018,"Edgecombe",35.988278,-77.5843,7,NA
"5190","Leggett",2018-12-06,12,2018,"Edgecombe",35.988278,-77.5843,13,NA
"5191","Leggett",2018-12-07,12,2018,"Edgecombe",35.988278,-77.5843,18,NA
"5192","Leggett",2018-12-08,12,2018,"Edgecombe",35.988278,-77.5843,27,NA
"5193","Leggett",2018-12-09,12,2018,"Edgecombe",35.988278,-77.5843,13,NA
"5194","Leggett",2018-12-10,12,2018,"Edgecombe",35.988278,-77.5843,30,NA
"5195","Leggett",2018-12-11,12,2018,"Edgecombe",35.988278,-77.5843,54,NA
"5196","Leggett",2018-12-12,12,2018,"Edgecombe",35.988278,-77.5843,25,NA
"5197","Leggett",2018-12-13,12,2018,"Edgecombe",35.988278,-77.5843,36,NA
"5198","Leggett",2018-12-14,12,2018,"Edgecombe",35.988278,-77.5843,28,NA
"5199","Leggett",2018-12-15,12,2018,"Edgecombe",35.988278,-77.5843,3,NA
"5200","Leggett",2018-12-16,12,2018,"Edgecombe",35.988278,-77.5843,9,NA
"5201","Leggett",2018-12-17,12,2018,"Edgecombe",35.988278,-77.5843,5,NA
"5202","Leggett",2018-12-18,12,2018,"Edgecombe",35.988278,-77.5843,14,NA
"5203","Leggett",2018-12-19,12,2018,"Edgecombe",35.988278,-77.5843,17,NA
"5204","Leggett",2018-12-20,12,2018,"Edgecombe",35.988278,-77.5843,14,NA
"5205","Leggett",2018-12-21,12,2018,"Edgecombe",35.988278,-77.5843,8,NA
"5206","Leggett",2018-12-22,12,2018,"Edgecombe",35.988278,-77.5843,7,NA
"5207","Leggett",2018-12-23,12,2018,"Edgecombe",35.988278,-77.5843,13,NA
"5208","Leggett",2018-12-24,12,2018,"Edgecombe",35.988278,-77.5843,9,NA
"5209","Leggett",2018-12-25,12,2018,"Edgecombe",35.988278,-77.5843,17,NA
"5210","Leggett",2018-12-26,12,2018,"Edgecombe",35.988278,-77.5843,23,NA
"5211","Leggett",2018-12-27,12,2018,"Edgecombe",35.988278,-77.5843,17,NA
"5212","Leggett",2018-12-28,12,2018,"Edgecombe",35.988278,-77.5843,10,NA
"5213","Leggett",2018-12-29,12,2018,"Edgecombe",35.988278,-77.5843,5,NA
"5214","Leggett",2018-12-30,12,2018,"Edgecombe",35.988278,-77.5843,20,NA
"5215","Leggett",2018-12-31,12,2018,"Edgecombe",35.988278,-77.5843,20,NA
"5216","Leggett",2019-01-01,1,2019,"Edgecombe",35.988278,-77.5843,8,NA
"5217","Leggett",2019-01-02,1,2019,"Edgecombe",35.988278,-77.5843,10,NA
"5218","Leggett",2019-01-03,1,2019,"Edgecombe",35.988278,-77.5843,15,NA
"5219","Leggett",2019-01-04,1,2019,"Edgecombe",35.988278,-77.5843,16,NA
"5220","Leggett",2019-01-05,1,2019,"Edgecombe",35.988278,-77.5843,3,NA
"5221","Leggett",2019-01-06,1,2019,"Edgecombe",35.988278,-77.5843,6,NA
"5222","Leggett",2019-01-07,1,2019,"Edgecombe",35.988278,-77.5843,10,NA
"5223","Leggett",2019-01-08,1,2019,"Edgecombe",35.988278,-77.5843,21,NA
"5224","Leggett",2019-01-09,1,2019,"Edgecombe",35.988278,-77.5843,2,NA
"5225","Leggett",2019-01-10,1,2019,"Edgecombe",35.988278,-77.5843,8,NA
"5226","Leggett",2019-01-11,1,2019,"Edgecombe",35.988278,-77.5843,11,NA
"5227","Leggett",2019-01-12,1,2019,"Edgecombe",35.988278,-77.5843,17,NA
"5228","Leggett",2019-01-13,1,2019,"Edgecombe",35.988278,-77.5843,3,NA
"5229","Leggett",2019-01-14,1,2019,"Edgecombe",35.988278,-77.5843,21,NA
"5230","Leggett",2019-01-15,1,2019,"Edgecombe",35.988278,-77.5843,24,NA
"5231","Leggett",2019-01-16,1,2019,"Edgecombe",35.988278,-77.5843,30,NA
"5232","Leggett",2019-01-17,1,2019,"Edgecombe",35.988278,-77.5843,21,NA
"5233","Leggett",2019-01-18,1,2019,"Edgecombe",35.988278,-77.5843,21,NA
"5234","Leggett",2019-01-19,1,2019,"Edgecombe",35.988278,-77.5843,20,NA
"5235","Leggett",2019-01-20,1,2019,"Edgecombe",35.988278,-77.5843,9,NA
"5236","Leggett",2019-01-21,1,2019,"Edgecombe",35.988278,-77.5843,1,NA
"5237","Leggett",2019-01-22,1,2019,"Edgecombe",35.988278,-77.5843,5,NA
"5238","Leggett",2019-01-23,1,2019,"Edgecombe",35.988278,-77.5843,11,NA
"5239","Leggett",2019-01-24,1,2019,"Edgecombe",35.988278,-77.5843,0,NA
"5240","Leggett",2019-01-25,1,2019,"Edgecombe",35.988278,-77.5843,10,NA
"5241","Leggett",2019-01-26,1,2019,"Edgecombe",35.988278,-77.5843,13,NA
"5242","Leggett",2019-01-27,1,2019,"Edgecombe",35.988278,-77.5843,27,NA
"5243","Leggett",2019-01-28,1,2019,"Edgecombe",35.988278,-77.5843,15,NA
"5244","Leggett",2019-01-29,1,2019,"Edgecombe",35.988278,-77.5843,18,NA
"5245","Leggett",2019-01-30,1,2019,"Edgecombe",35.988278,-77.5843,8,35
"5246","Leggett",2019-01-31,1,2019,"Edgecombe",35.988278,-77.5843,10,36
"5247","Leggett",2019-02-01,2,2019,"Edgecombe",35.988278,-77.5843,25,38
"5248","Leggett",2019-02-02,2,2019,"Edgecombe",35.988278,-77.5843,42,30
"5249","Leggett",2019-02-03,2,2019,"Edgecombe",35.988278,-77.5843,38,32
"5250","Leggett",2019-02-04,2,2019,"Edgecombe",35.988278,-77.5843,43,43
"5251","Leggett",2019-02-05,2,2019,"Edgecombe",35.988278,-77.5843,30,37
"5252","Leggett",2019-02-06,2,2019,"Edgecombe",35.988278,-77.5843,46,39
"5253","Leggett",2019-02-07,2,2019,"Edgecombe",35.988278,-77.5843,43,31
"5254","Leggett",2019-02-08,2,2019,"Edgecombe",35.988278,-77.5843,35,40
"5255","Leggett",2019-02-09,2,2019,"Edgecombe",35.988278,-77.5843,5,34
"5256","Leggett",2019-02-10,2,2019,"Edgecombe",35.988278,-77.5843,16,34
"5257","Leggett",2019-02-11,2,2019,"Edgecombe",35.988278,-77.5843,5,27
"5258","Leggett",2019-02-12,2,2019,"Edgecombe",35.988278,-77.5843,4,25
"5259","Leggett",2019-02-13,2,2019,"Edgecombe",35.988278,-77.5843,0,NA
"5260","Leggett",2019-02-14,2,2019,"Edgecombe",35.988278,-77.5843,5,38
"5261","Leggett",2019-02-15,2,2019,"Edgecombe",35.988278,-77.5843,18,44
"5262","Leggett",2019-02-16,2,2019,"Edgecombe",35.988278,-77.5843,20,36
"5263","Leggett",2019-02-17,2,2019,"Edgecombe",35.988278,-77.5843,22,27
"5264","Leggett",2019-02-18,2,2019,"Edgecombe",35.988278,-77.5843,9,34
"5265","Leggett",2019-02-19,2,2019,"Edgecombe",35.988278,-77.5843,12,33
"5266","Leggett",2019-02-20,2,2019,"Edgecombe",35.988278,-77.5843,6,34
"5267","Leggett",2019-02-21,2,2019,"Edgecombe",35.988278,-77.5843,14,19
"5268","Leggett",2019-02-22,2,2019,"Edgecombe",35.988278,-77.5843,7,35
"5269","Leggett",2019-02-23,2,2019,"Edgecombe",35.988278,-77.5843,11,35
"5270","Leggett",2019-02-24,2,2019,"Edgecombe",35.988278,-77.5843,10,41
"5271","Leggett",2019-02-25,2,2019,"Edgecombe",35.988278,-77.5843,0,43
"5272","Leggett",2019-02-26,2,2019,"Edgecombe",35.988278,-77.5843,9,45
"5273","Leggett",2019-02-27,2,2019,"Edgecombe",35.988278,-77.5843,27,22
"5274","Leggett",2019-02-28,2,2019,"Edgecombe",35.988278,-77.5843,45,37
"5275","Leggett",2019-03-01,3,2019,"Edgecombe",35.988278,-77.5843,22,26
"5276","Leggett",2019-03-02,3,2019,"Edgecombe",35.988278,-77.5843,6,28
"5277","Leggett",2019-03-03,3,2019,"Edgecombe",35.988278,-77.5843,24,29
"5278","Leggett",2019-03-04,3,2019,"Edgecombe",35.988278,-77.5843,26,34
"5279","Leggett",2019-03-05,3,2019,"Edgecombe",35.988278,-77.5843,15,34
"5280","Leggett",2019-03-06,3,2019,"Edgecombe",35.988278,-77.5843,NA,39
"5281","Leggett",2019-03-07,3,2019,"Edgecombe",35.988278,-77.5843,NA,42
"5282","Leggett",2019-03-08,3,2019,"Edgecombe",35.988278,-77.5843,NA,35
"5283","Leggett",2019-03-09,3,2019,"Edgecombe",35.988278,-77.5843,NA,39
"5284","Leggett",2019-03-10,3,2019,"Edgecombe",35.988278,-77.5843,NA,32
"5285","Leggett",2019-03-11,3,2019,"Edgecombe",35.988278,-77.5843,NA,42
"5286","Leggett",2019-03-12,3,2019,"Edgecombe",35.988278,-77.5843,12,44
"5287","Leggett",2019-03-13,3,2019,"Edgecombe",35.988278,-77.5843,21,48
"5288","Leggett",2019-03-14,3,2019,"Edgecombe",35.988278,-77.5843,27,51
"5289","Leggett",2019-03-15,3,2019,"Edgecombe",35.988278,-77.5843,28,40
"5290","Leggett",2019-03-16,3,2019,"Edgecombe",35.988278,-77.5843,11,42
"5291","Leggett",2019-03-17,3,2019,"Edgecombe",35.988278,-77.5843,20,44
"5292","Leggett",2019-03-18,3,2019,"Edgecombe",35.988278,-77.5843,16,44
"5293","Leggett",2019-03-19,3,2019,"Edgecombe",35.988278,-77.5843,26,45
"5294","Leggett",2019-03-20,3,2019,"Edgecombe",35.988278,-77.5843,23,40
"5295","Leggett",2019-03-21,3,2019,"Edgecombe",35.988278,-77.5843,9,39
"5296","Leggett",2019-03-22,3,2019,"Edgecombe",35.988278,-77.5843,18,44
"5297","Leggett",2019-03-23,3,2019,"Edgecombe",35.988278,-77.5843,10,45
"5298","Leggett",2019-03-24,3,2019,"Edgecombe",35.988278,-77.5843,15,54
"5299","Leggett",2019-03-25,3,2019,"Edgecombe",35.988278,-77.5843,39,49
"5300","Leggett",2019-03-26,3,2019,"Edgecombe",35.988278,-77.5843,18,44
"5301","Leggett",2019-03-27,3,2019,"Edgecombe",35.988278,-77.5843,19,45
"5302","Leggett",2019-03-28,3,2019,"Edgecombe",35.988278,-77.5843,16,48
"5303","Leggett",2019-03-29,3,2019,"Edgecombe",35.988278,-77.5843,33,58
"5304","Leggett",2019-03-30,3,2019,"Edgecombe",35.988278,-77.5843,33,48
"5305","Leggett",2019-03-31,3,2019,"Edgecombe",35.988278,-77.5843,13,41
"5306","Leggett",2019-04-01,4,2019,"Edgecombe",35.988278,-77.5843,17,44
"5307","Leggett",2019-04-02,4,2019,"Edgecombe",35.988278,-77.5843,18,34
"5308","Leggett",2019-04-03,4,2019,"Edgecombe",35.988278,-77.5843,30,51
"5309","Leggett",2019-04-04,4,2019,"Edgecombe",35.988278,-77.5843,52,61
"5310","Leggett",2019-04-05,4,2019,"Edgecombe",35.988278,-77.5843,36,38
"5311","Leggett",2019-04-06,4,2019,"Edgecombe",35.988278,-77.5843,20,32
"5312","Leggett",2019-04-07,4,2019,"Edgecombe",35.988278,-77.5843,15,38
"5313","Leggett",2019-04-08,4,2019,"Edgecombe",35.988278,-77.5843,27,37
"5314","Leggett",2019-04-09,4,2019,"Edgecombe",35.988278,-77.5843,22,31
"5315","Leggett",2019-04-10,4,2019,"Edgecombe",35.988278,-77.5843,20,50
"5316","Leggett",2019-04-11,4,2019,"Edgecombe",35.988278,-77.5843,22,48
"5317","Leggett",2019-04-12,4,2019,"Edgecombe",35.988278,-77.5843,25,44
"5318","Leggett",2019-04-13,4,2019,"Edgecombe",35.988278,-77.5843,14,27
"5319","Leggett",2019-04-14,4,2019,"Edgecombe",35.988278,-77.5843,25,30
"5320","Leggett",2019-04-15,4,2019,"Edgecombe",35.988278,-77.5843,10,47
"5321","Leggett",2019-04-16,4,2019,"Edgecombe",35.988278,-77.5843,15,49
"5322","Leggett",2019-04-17,4,2019,"Edgecombe",35.988278,-77.5843,30,58
"5323","Leggett",2019-04-18,4,2019,"Edgecombe",35.988278,-77.5843,28,48
"5324","Leggett",2019-04-19,4,2019,"Edgecombe",35.988278,-77.5843,25,36
"5325","Leggett",2019-04-20,4,2019,"Edgecombe",35.988278,-77.5843,13,39
"5326","Leggett",2019-04-21,4,2019,"Edgecombe",35.988278,-77.5843,9,30
"5327","Leggett",2019-04-22,4,2019,"Edgecombe",35.988278,-77.5843,12,38
"5328","Leggett",2019-04-23,4,2019,"Edgecombe",35.988278,-77.5843,23,50
"5329","Leggett",2019-04-24,4,2019,"Edgecombe",35.988278,-77.5843,41,49
"5330","Leggett",2019-04-25,4,2019,"Edgecombe",35.988278,-77.5843,56,71
"5331","Leggett",2019-04-26,4,2019,"Edgecombe",35.988278,-77.5843,34,43
"5332","Leggett",2019-04-27,4,2019,"Edgecombe",35.988278,-77.5843,25,50
"5333","Leggett",2019-04-28,4,2019,"Edgecombe",35.988278,-77.5843,45,48
"5334","Leggett",2019-04-29,4,2019,"Edgecombe",35.988278,-77.5843,27,33
"5335","Leggett",2019-04-30,4,2019,"Edgecombe",35.988278,-77.5843,41,49
"5336","Leggett",2019-05-01,5,2019,"Edgecombe",35.988278,-77.5843,33,44
"5337","Leggett",2019-05-02,5,2019,"Edgecombe",35.988278,-77.5843,34,44
"5338","Leggett",2019-05-03,5,2019,"Edgecombe",35.988278,-77.5843,28,31
"5339","Leggett",2019-05-04,5,2019,"Edgecombe",35.988278,-77.5843,26,36
"5340","Leggett",2019-05-05,5,2019,"Edgecombe",35.988278,-77.5843,21,30
"5341","Leggett",2019-05-06,5,2019,"Edgecombe",35.988278,-77.5843,13,36
"5342","Leggett",2019-05-07,5,2019,"Edgecombe",35.988278,-77.5843,16,47
"5343","Leggett",2019-05-08,5,2019,"Edgecombe",35.988278,-77.5843,17,48
"5344","Leggett",2019-05-09,5,2019,"Edgecombe",35.988278,-77.5843,17,46
"5345","Leggett",2019-05-10,5,2019,"Edgecombe",35.988278,-77.5843,22,43
"5346","Leggett",2019-05-11,5,2019,"Edgecombe",35.988278,-77.5843,28,37
"5347","Leggett",2019-05-12,5,2019,"Edgecombe",35.988278,-77.5843,22,35
"5348","Leggett",2019-05-13,5,2019,"Edgecombe",35.988278,-77.5843,21,24
"5349","Leggett",2019-05-14,5,2019,"Edgecombe",35.988278,-77.5843,12,36
"5350","Leggett",2019-05-15,5,2019,"Edgecombe",35.988278,-77.5843,24,43
"5351","Leggett",2019-05-16,5,2019,"Edgecombe",35.988278,-77.5843,38,50
"5352","Leggett",2019-05-17,5,2019,"Edgecombe",35.988278,-77.5843,47,54
"5353","Leggett",2019-05-18,5,2019,"Edgecombe",35.988278,-77.5843,51,64
"5354","Leggett",2019-05-19,5,2019,"Edgecombe",35.988278,-77.5843,54,58
"5355","Leggett",2019-05-20,5,2019,"Edgecombe",35.988278,-77.5843,42,44
"5356","Leggett",2019-05-21,5,2019,"Edgecombe",35.988278,-77.5843,36,49
"5357","Leggett",2019-05-22,5,2019,"Edgecombe",35.988278,-77.5843,23,46
"5358","Leggett",2019-05-23,5,2019,"Edgecombe",35.988278,-77.5843,45,44
"5359","Leggett",2019-05-24,5,2019,"Edgecombe",35.988278,-77.5843,53,44
"5360","Leggett",2019-05-25,5,2019,"Edgecombe",35.988278,-77.5843,33,58
"5361","Leggett",2019-05-26,5,2019,"Edgecombe",35.988278,-77.5843,49,45
"5362","Leggett",2019-05-27,5,2019,"Edgecombe",35.988278,-77.5843,NA,44
"5363","Leggett",2019-05-28,5,2019,"Edgecombe",35.988278,-77.5843,NA,50
"5364","Leggett",2019-05-29,5,2019,"Edgecombe",35.988278,-77.5843,NA,46
"5365","Leggett",2019-05-30,5,2019,"Edgecombe",35.988278,-77.5843,NA,64
"5366","Leggett",2019-05-31,5,2019,"Edgecombe",35.988278,-77.5843,NA,44
"5367","Leggett",2019-06-01,6,2019,"Edgecombe",35.988278,-77.5843,29,47
"5368","Leggett",2019-06-02,6,2019,"Edgecombe",35.988278,-77.5843,41,67
"5369","Leggett",2019-06-03,6,2019,"Edgecombe",35.988278,-77.5843,46,46
"5370","Leggett",2019-06-04,6,2019,"Edgecombe",35.988278,-77.5843,35,54
"5371","Leggett",2019-06-05,6,2019,"Edgecombe",35.988278,-77.5843,52,46
"5372","Leggett",2019-06-06,6,2019,"Edgecombe",35.988278,-77.5843,53,45
"5373","Leggett",2019-06-07,6,2019,"Edgecombe",35.988278,-77.5843,54,30
"5374","Leggett",2019-06-08,6,2019,"Edgecombe",35.988278,-77.5843,43,31
"5375","Leggett",2019-06-09,6,2019,"Edgecombe",35.988278,-77.5843,22,25
"5376","Leggett",2019-06-10,6,2019,"Edgecombe",35.988278,-77.5843,23,28
"5377","Leggett",2019-06-11,6,2019,"Edgecombe",35.988278,-77.5843,21,36
"5378","Leggett",2019-06-12,6,2019,"Edgecombe",35.988278,-77.5843,20,38
"5379","Leggett",2019-06-13,6,2019,"Edgecombe",35.988278,-77.5843,18,37
"5380","Leggett",2019-06-14,6,2019,"Edgecombe",35.988278,-77.5843,15,37
"5381","Leggett",2019-06-15,6,2019,"Edgecombe",35.988278,-77.5843,31,54
"5382","Leggett",2019-06-16,6,2019,"Edgecombe",35.988278,-77.5843,41,46
"5383","Leggett",2019-06-17,6,2019,"Edgecombe",35.988278,-77.5843,43,38
"5384","Leggett",2019-06-18,6,2019,"Edgecombe",35.988278,-77.5843,30,29
"5385","Leggett",2019-06-19,6,2019,"Edgecombe",35.988278,-77.5843,26,27
"5386","Leggett",2019-06-20,6,2019,"Edgecombe",35.988278,-77.5843,39,41
"5387","Leggett",2019-06-21,6,2019,"Edgecombe",35.988278,-77.5843,23,44
"5388","Leggett",2019-06-22,6,2019,"Edgecombe",35.988278,-77.5843,38,35
"5389","Leggett",2019-06-23,6,2019,"Edgecombe",35.988278,-77.5843,37,42
"5390","Leggett",2019-06-24,6,2019,"Edgecombe",35.988278,-77.5843,52,45
"5391","Leggett",2019-06-25,6,2019,"Edgecombe",35.988278,-77.5843,36,41
"5392","Leggett",2019-06-26,6,2019,"Edgecombe",35.988278,-77.5843,36,49
"5393","Leggett",2019-06-27,6,2019,"Edgecombe",35.988278,-77.5843,54,61
"5394","Leggett",2019-06-28,6,2019,"Edgecombe",35.988278,-77.5843,57,67
"5395","Leggett",2019-06-29,6,2019,"Edgecombe",35.988278,-77.5843,55,71
"5396","Leggett",2019-06-30,6,2019,"Edgecombe",35.988278,-77.5843,56,50
"5397","Leggett",2019-07-01,7,2019,"Edgecombe",35.988278,-77.5843,36,44
"5398","Leggett",2019-07-02,7,2019,"Edgecombe",35.988278,-77.5843,51,64
"5399","Leggett",2019-07-03,7,2019,"Edgecombe",35.988278,-77.5843,47,47
"5400","Leggett",2019-07-04,7,2019,"Edgecombe",35.988278,-77.5843,54,49
"5401","Leggett",2019-07-05,7,2019,"Edgecombe",35.988278,-77.5843,31,43
"5402","Leggett",2019-07-06,7,2019,"Edgecombe",35.988278,-77.5843,47,44
"5403","Leggett",2019-07-07,7,2019,"Edgecombe",35.988278,-77.5843,41,35
"5404","Leggett",2019-07-08,7,2019,"Edgecombe",35.988278,-77.5843,36,31
"5405","Leggett",2019-07-09,7,2019,"Edgecombe",35.988278,-77.5843,27,35
"5406","Leggett",2019-07-10,7,2019,"Edgecombe",35.988278,-77.5843,29,45
"5407","Leggett",2019-07-11,7,2019,"Edgecombe",35.988278,-77.5843,37,38
"5408","Leggett",2019-07-12,7,2019,"Edgecombe",35.988278,-77.5843,27,39
"5409","Leggett",2019-07-13,7,2019,"Edgecombe",35.988278,-77.5843,49,44
"5410","Leggett",2019-07-14,7,2019,"Edgecombe",35.988278,-77.5843,47,45
"5411","Leggett",2019-07-15,7,2019,"Edgecombe",35.988278,-77.5843,52,46
"5412","Leggett",2019-07-16,7,2019,"Edgecombe",35.988278,-77.5843,60,47
"5413","Leggett",2019-07-17,7,2019,"Edgecombe",35.988278,-77.5843,63,44
"5414","Leggett",2019-07-18,7,2019,"Edgecombe",35.988278,-77.5843,43,37
"5415","Leggett",2019-07-19,7,2019,"Edgecombe",35.988278,-77.5843,43,46
"5416","Leggett",2019-07-20,7,2019,"Edgecombe",35.988278,-77.5843,51,51
"5417","Leggett",2019-07-21,7,2019,"Edgecombe",35.988278,-77.5843,44,37
"5418","Leggett",2019-07-22,7,2019,"Edgecombe",35.988278,-77.5843,38,42
"5419","Leggett",2019-07-23,7,2019,"Edgecombe",35.988278,-77.5843,28,26
"5420","Leggett",2019-07-24,7,2019,"Edgecombe",35.988278,-77.5843,27,32
"5421","Leggett",2019-07-25,7,2019,"Edgecombe",35.988278,-77.5843,40,44
"5422","Leggett",2019-07-26,7,2019,"Edgecombe",35.988278,-77.5843,41,45
"5423","Leggett",2019-07-27,7,2019,"Edgecombe",35.988278,-77.5843,31,44
"5424","Leggett",2019-07-28,7,2019,"Edgecombe",35.988278,-77.5843,40,50
"5425","Leggett",2019-07-29,7,2019,"Edgecombe",35.988278,-77.5843,49,50
"5426","Leggett",2019-07-30,7,2019,"Edgecombe",35.988278,-77.5843,35,51
"5427","Leggett",2019-07-31,7,2019,"Edgecombe",35.988278,-77.5843,39,46
"5428","Leggett",2019-08-01,8,2019,"Edgecombe",35.988278,-77.5843,46,45
"5429","Leggett",2019-08-02,8,2019,"Edgecombe",35.988278,-77.5843,38,32
"5430","Leggett",2019-08-03,8,2019,"Edgecombe",35.988278,-77.5843,24,30
"5431","Leggett",2019-08-04,8,2019,"Edgecombe",35.988278,-77.5843,23,42
"5432","Leggett",2019-08-05,8,2019,"Edgecombe",35.988278,-77.5843,18,29
"5433","Leggett",2019-08-06,8,2019,"Edgecombe",35.988278,-77.5843,34,36
"5434","Leggett",2019-08-07,8,2019,"Edgecombe",35.988278,-77.5843,48,40
"5435","Leggett",2019-08-08,8,2019,"Edgecombe",35.988278,-77.5843,38,47
"5436","Leggett",2019-08-09,8,2019,"Edgecombe",35.988278,-77.5843,43,49
"5437","Leggett",2019-08-10,8,2019,"Edgecombe",35.988278,-77.5843,41,42
"5438","Leggett",2019-08-11,8,2019,"Edgecombe",35.988278,-77.5843,37,44
"5439","Leggett",2019-08-12,8,2019,"Edgecombe",35.988278,-77.5843,40,44
"5440","Leggett",2019-08-13,8,2019,"Edgecombe",35.988278,-77.5843,35,41
"5441","Leggett",2019-08-14,8,2019,"Edgecombe",35.988278,-77.5843,35,42
"5442","Leggett",2019-08-15,8,2019,"Edgecombe",35.988278,-77.5843,28,41
"5443","Leggett",2019-08-16,8,2019,"Edgecombe",35.988278,-77.5843,21,31
"5444","Leggett",2019-08-17,8,2019,"Edgecombe",35.988278,-77.5843,27,29
"5445","Leggett",2019-08-18,8,2019,"Edgecombe",35.988278,-77.5843,21,31
"5446","Leggett",2019-08-19,8,2019,"Edgecombe",35.988278,-77.5843,41,37
"5447","Leggett",2019-08-20,8,2019,"Edgecombe",35.988278,-77.5843,38,34
"5448","Leggett",2019-08-21,8,2019,"Edgecombe",35.988278,-77.5843,45,37
"5449","Leggett",2019-08-22,8,2019,"Edgecombe",35.988278,-77.5843,38,43
"5450","Leggett",2019-08-23,8,2019,"Edgecombe",35.988278,-77.5843,31,35
"5451","Leggett",2019-08-24,8,2019,"Edgecombe",35.988278,-77.5843,23,19
"5452","Leggett",2019-08-25,8,2019,"Edgecombe",35.988278,-77.5843,18,25
"5453","Leggett",2019-08-26,8,2019,"Edgecombe",35.988278,-77.5843,16,19
"5454","Leggett",2019-08-27,8,2019,"Edgecombe",35.988278,-77.5843,21,25
"5455","Leggett",2019-08-28,8,2019,"Edgecombe",35.988278,-77.5843,33,27
"5456","Leggett",2019-08-29,8,2019,"Edgecombe",35.988278,-77.5843,24,40
"5457","Leggett",2019-08-30,8,2019,"Edgecombe",35.988278,-77.5843,30,50
"5458","Leggett",2019-08-31,8,2019,"Edgecombe",35.988278,-77.5843,35,44
"5459","Leggett",2019-09-01,9,2019,"Edgecombe",35.988278,-77.5843,27,38
"5460","Leggett",2019-09-02,9,2019,"Edgecombe",35.988278,-77.5843,26,29
"5461","Leggett",2019-09-03,9,2019,"Edgecombe",35.988278,-77.5843,22,30
"5462","Leggett",2019-09-06,9,2019,"Edgecombe",35.988278,-77.5843,NA,33
"5463","Leggett",2019-09-07,9,2019,"Edgecombe",35.988278,-77.5843,NA,44
"5464","Leggett",2019-09-08,9,2019,"Edgecombe",35.988278,-77.5843,55,33
"5465","Leggett",2019-09-09,9,2019,"Edgecombe",35.988278,-77.5843,44,31
"5466","Leggett",2019-09-10,9,2019,"Edgecombe",35.988278,-77.5843,29,33
"5467","Leggett",2019-09-11,9,2019,"Edgecombe",35.988278,-77.5843,34,35
"5468","Leggett",2019-09-12,9,2019,"Edgecombe",35.988278,-77.5843,56,47
"5469","Leggett",2019-09-13,9,2019,"Edgecombe",35.988278,-77.5843,29,31
"5470","Leggett",2019-09-14,9,2019,"Edgecombe",35.988278,-77.5843,25,29
"5471","Leggett",2019-09-15,9,2019,"Edgecombe",35.988278,-77.5843,18,25
"5472","Leggett",2019-09-16,9,2019,"Edgecombe",35.988278,-77.5843,27,32
"5473","Leggett",2019-09-17,9,2019,"Edgecombe",35.988278,-77.5843,24,36
"5474","Leggett",2019-09-18,9,2019,"Edgecombe",35.988278,-77.5843,17,31
"5475","Leggett",2019-09-19,9,2019,"Edgecombe",35.988278,-77.5843,18,34
"5476","Leggett",2019-09-20,9,2019,"Edgecombe",35.988278,-77.5843,14,32
"5477","Leggett",2019-09-21,9,2019,"Edgecombe",35.988278,-77.5843,30,41
"5478","Leggett",2019-09-22,9,2019,"Edgecombe",35.988278,-77.5843,35,38
"5479","Leggett",2019-09-23,9,2019,"Edgecombe",35.988278,-77.5843,35,41
"5480","Leggett",2019-09-24,9,2019,"Edgecombe",35.988278,-77.5843,31,39
"5481","Leggett",2019-09-25,9,2019,"Edgecombe",35.988278,-77.5843,32,44
"5482","Leggett",2019-09-26,9,2019,"Edgecombe",35.988278,-77.5843,50,47
"5483","Leggett",2019-09-27,9,2019,"Edgecombe",35.988278,-77.5843,40,41
"5484","Leggett",2019-09-28,9,2019,"Edgecombe",35.988278,-77.5843,39,37
"5485","Leggett",2019-09-29,9,2019,"Edgecombe",35.988278,-77.5843,58,44
"5486","Leggett",2019-09-30,9,2019,"Edgecombe",35.988278,-77.5843,37,39
"5487","Leggett",2019-10-01,10,2019,"Edgecombe",35.988278,-77.5843,35,32
"5488","Leggett",2019-10-02,10,2019,"Edgecombe",35.988278,-77.5843,58,49
"5489","Leggett",2019-10-03,10,2019,"Edgecombe",35.988278,-77.5843,59,51
"5490","Leggett",2019-10-04,10,2019,"Edgecombe",35.988278,-77.5843,56,35
"5491","Leggett",2019-10-05,10,2019,"Edgecombe",35.988278,-77.5843,16,31
"5492","Leggett",2019-10-06,10,2019,"Edgecombe",35.988278,-77.5843,18,33
"5493","Leggett",2019-10-07,10,2019,"Edgecombe",35.988278,-77.5843,18,31
"5494","Leggett",2019-10-08,10,2019,"Edgecombe",35.988278,-77.5843,16,25
"5495","Leggett",2019-10-09,10,2019,"Edgecombe",35.988278,-77.5843,20,26
"5496","Leggett",2019-10-10,10,2019,"Edgecombe",35.988278,-77.5843,15,31
"5497","Leggett",2019-10-11,10,2019,"Edgecombe",35.988278,-77.5843,23,40
"5498","Leggett",2019-10-12,10,2019,"Edgecombe",35.988278,-77.5843,36,50
"5499","Leggett",2019-10-13,10,2019,"Edgecombe",35.988278,-77.5843,35,31
"5500","Leggett",2019-10-14,10,2019,"Edgecombe",35.988278,-77.5843,28,31
"5501","Leggett",2019-10-15,10,2019,"Edgecombe",35.988278,-77.5843,24,39
"5502","Leggett",2019-10-16,10,2019,"Edgecombe",35.988278,-77.5843,18,28
"5503","Leggett",2019-10-17,10,2019,"Edgecombe",35.988278,-77.5843,13,31
"5504","Leggett",2019-10-18,10,2019,"Edgecombe",35.988278,-77.5843,14,33
"5505","Leggett",2019-10-19,10,2019,"Edgecombe",35.988278,-77.5843,20,37
"5506","Leggett",2019-10-20,10,2019,"Edgecombe",35.988278,-77.5843,10,30
"5507","Leggett",2019-10-21,10,2019,"Edgecombe",35.988278,-77.5843,17,27
"5508","Leggett",2019-10-22,10,2019,"Edgecombe",35.988278,-77.5843,22,24
"5509","Leggett",2019-10-23,10,2019,"Edgecombe",35.988278,-77.5843,18,33
"5510","Leggett",2019-10-24,10,2019,"Edgecombe",35.988278,-77.5843,22,35
"5511","Leggett",2019-10-25,10,2019,"Edgecombe",35.988278,-77.5843,24,33
"5512","Leggett",2019-10-26,10,2019,"Edgecombe",35.988278,-77.5843,22,36
"5513","Leggett",2019-10-27,10,2019,"Edgecombe",35.988278,-77.5843,24,18
"5514","Leggett",2019-10-28,10,2019,"Edgecombe",35.988278,-77.5843,22,35
"5515","Leggett",2019-10-29,10,2019,"Edgecombe",35.988278,-77.5843,25,24
"5516","Leggett",2019-10-30,10,2019,"Edgecombe",35.988278,-77.5843,22,19
"5517","Leggett",2019-10-31,10,2019,"Edgecombe",35.988278,-77.5843,22,28
"5518","Leggett",2019-11-01,11,2019,"Edgecombe",35.988278,-77.5843,9,NA
"5519","Leggett",2019-11-02,11,2019,"Edgecombe",35.988278,-77.5843,21,NA
"5520","Leggett",2019-11-03,11,2019,"Edgecombe",35.988278,-77.5843,19,NA
"5521","Leggett",2019-11-04,11,2019,"Edgecombe",35.988278,-77.5843,26,NA
"5522","Leggett",2019-11-05,11,2019,"Edgecombe",35.988278,-77.5843,44,NA
"5523","Leggett",2019-11-06,11,2019,"Edgecombe",35.988278,-77.5843,33,NA
"5524","Leggett",2019-11-07,11,2019,"Edgecombe",35.988278,-77.5843,29,NA
"5525","Leggett",2019-11-08,11,2019,"Edgecombe",35.988278,-77.5843,16,NA
"5526","Leggett",2019-11-09,11,2019,"Edgecombe",35.988278,-77.5843,19,NA
"5527","Leggett",2019-11-10,11,2019,"Edgecombe",35.988278,-77.5843,28,NA
"5528","Leggett",2019-11-11,11,2019,"Edgecombe",35.988278,-77.5843,38,NA
"5529","Leggett",2019-11-12,11,2019,"Edgecombe",35.988278,-77.5843,26,NA
"5530","Leggett",2019-11-13,11,2019,"Edgecombe",35.988278,-77.5843,13,NA
"5531","Leggett",2019-11-14,11,2019,"Edgecombe",35.988278,-77.5843,26,NA
"5532","Leggett",2019-11-15,11,2019,"Edgecombe",35.988278,-77.5843,40,NA
"5533","Leggett",2019-11-16,11,2019,"Edgecombe",35.988278,-77.5843,32,NA
"5534","Leggett",2019-11-17,11,2019,"Edgecombe",35.988278,-77.5843,18,NA
"5535","Leggett",2019-11-18,11,2019,"Edgecombe",35.988278,-77.5843,36,NA
"5536","Leggett",2019-11-19,11,2019,"Edgecombe",35.988278,-77.5843,42,NA
"5537","Leggett",2019-11-20,11,2019,"Edgecombe",35.988278,-77.5843,36,NA
"5538","Leggett",2019-11-21,11,2019,"Edgecombe",35.988278,-77.5843,44,NA
"5539","Leggett",2019-11-22,11,2019,"Edgecombe",35.988278,-77.5843,53,NA
"5540","Leggett",2019-11-23,11,2019,"Edgecombe",35.988278,-77.5843,29,NA
"5541","Leggett",2019-11-24,11,2019,"Edgecombe",35.988278,-77.5843,11,NA
"5542","Leggett",2019-11-25,11,2019,"Edgecombe",35.988278,-77.5843,26,NA
"5543","Leggett",2019-11-26,11,2019,"Edgecombe",35.988278,-77.5843,35,NA
"5544","Leggett",2019-11-27,11,2019,"Edgecombe",35.988278,-77.5843,52,NA
"5545","Leggett",2019-11-28,11,2019,"Edgecombe",35.988278,-77.5843,11,NA
"5546","Leggett",2019-11-29,11,2019,"Edgecombe",35.988278,-77.5843,18,NA
"5547","Leggett",2019-11-30,11,2019,"Edgecombe",35.988278,-77.5843,33,NA
"5548","Leggett",2019-12-01,12,2019,"Edgecombe",35.988278,-77.5843,26,NA
"5549","Leggett",2019-12-02,12,2019,"Edgecombe",35.988278,-77.5843,9,NA
"5550","Leggett",2019-12-03,12,2019,"Edgecombe",35.988278,-77.5843,14,NA
"5551","Leggett",2019-12-04,12,2019,"Edgecombe",35.988278,-77.5843,18,NA
"5552","Leggett",2019-12-05,12,2019,"Edgecombe",35.988278,-77.5843,15,NA
"5553","Leggett",2019-12-06,12,2019,"Edgecombe",35.988278,-77.5843,35,NA
"5554","Leggett",2019-12-07,12,2019,"Edgecombe",35.988278,-77.5843,27,NA
"5555","Leggett",2019-12-08,12,2019,"Edgecombe",35.988278,-77.5843,15,NA
"5556","Leggett",2019-12-09,12,2019,"Edgecombe",35.988278,-77.5843,22,NA
"5557","Leggett",2019-12-10,12,2019,"Edgecombe",35.988278,-77.5843,25,NA
"5558","Leggett",2019-12-11,12,2019,"Edgecombe",35.988278,-77.5843,3,NA
"5559","Leggett",2019-12-12,12,2019,"Edgecombe",35.988278,-77.5843,25,NA
"5560","Leggett",2019-12-13,12,2019,"Edgecombe",35.988278,-77.5843,25,NA
"5561","Leggett",2019-12-14,12,2019,"Edgecombe",35.988278,-77.5843,6,NA
"5562","Leggett",2019-12-15,12,2019,"Edgecombe",35.988278,-77.5843,15,NA
"5563","Leggett",2019-12-16,12,2019,"Edgecombe",35.988278,-77.5843,38,NA
"5564","Leggett",2019-12-17,12,2019,"Edgecombe",35.988278,-77.5843,16,NA
"5565","Leggett",2019-12-18,12,2019,"Edgecombe",35.988278,-77.5843,8,NA
"5566","Leggett",2019-12-19,12,2019,"Edgecombe",35.988278,-77.5843,23,NA
"5567","Leggett",2019-12-20,12,2019,"Edgecombe",35.988278,-77.5843,35,NA
"5568","Leggett",2019-12-21,12,2019,"Edgecombe",35.988278,-77.5843,43,NA
"5569","Leggett",2019-12-22,12,2019,"Edgecombe",35.988278,-77.5843,49,NA
"5570","Leggett",2019-12-23,12,2019,"Edgecombe",35.988278,-77.5843,45,NA
"5571","Leggett",2019-12-24,12,2019,"Edgecombe",35.988278,-77.5843,32,NA
"5572","Leggett",2019-12-25,12,2019,"Edgecombe",35.988278,-77.5843,30,NA
"5573","Leggett",2019-12-26,12,2019,"Edgecombe",35.988278,-77.5843,30,NA
"5574","Leggett",2019-12-27,12,2019,"Edgecombe",35.988278,-77.5843,26,NA
"5575","Leggett",2019-12-28,12,2019,"Edgecombe",35.988278,-77.5843,30,NA
"5576","Leggett",2019-12-29,12,2019,"Edgecombe",35.988278,-77.5843,32,NA
"5577","Leggett",2019-12-30,12,2019,"Edgecombe",35.988278,-77.5843,15,NA
"5578","Leggett",2019-12-31,12,2019,"Edgecombe",35.988278,-77.5843,13,NA
"5579","Linville Falls",2018-01-02,1,2018,"Avery",35.972347,-81.933072,12,NA
"5580","Linville Falls",2018-01-05,1,2018,"Avery",35.972347,-81.933072,15,NA
"5581","Linville Falls",2018-01-08,1,2018,"Avery",35.972347,-81.933072,22,NA
"5582","Linville Falls",2018-01-11,1,2018,"Avery",35.972347,-81.933072,3,NA
"5583","Linville Falls",2018-01-14,1,2018,"Avery",35.972347,-81.933072,10,NA
"5584","Linville Falls",2018-01-17,1,2018,"Avery",35.972347,-81.933072,19,NA
"5585","Linville Falls",2018-01-20,1,2018,"Avery",35.972347,-81.933072,8,NA
"5586","Linville Falls",2018-01-23,1,2018,"Avery",35.972347,-81.933072,10,NA
"5587","Linville Falls",2018-01-26,1,2018,"Avery",35.972347,-81.933072,18,NA
"5588","Linville Falls",2018-01-29,1,2018,"Avery",35.972347,-81.933072,7,NA
"5589","Linville Falls",2018-02-01,2,2018,"Avery",35.972347,-81.933072,24,NA
"5590","Linville Falls",2018-02-04,2,2018,"Avery",35.972347,-81.933072,5,NA
"5591","Linville Falls",2018-02-07,2,2018,"Avery",35.972347,-81.933072,9,NA
"5592","Linville Falls",2018-02-10,2,2018,"Avery",35.972347,-81.933072,14,NA
"5593","Linville Falls",2018-02-13,2,2018,"Avery",35.972347,-81.933072,11,NA
"5594","Linville Falls",2018-02-16,2,2018,"Avery",35.972347,-81.933072,10,NA
"5595","Linville Falls",2018-02-19,2,2018,"Avery",35.972347,-81.933072,13,NA
"5596","Linville Falls",2018-02-22,2,2018,"Avery",35.972347,-81.933072,33,NA
"5597","Linville Falls",2018-02-25,2,2018,"Avery",35.972347,-81.933072,17,NA
"5598","Linville Falls",2018-02-28,2,2018,"Avery",35.972347,-81.933072,15,NA
"5599","Linville Falls",2018-03-01,3,2018,"Avery",35.972347,-81.933072,NA,42
"5600","Linville Falls",2018-03-05,3,2018,"Avery",35.972347,-81.933072,NA,44
"5601","Linville Falls",2018-03-06,3,2018,"Avery",35.972347,-81.933072,44,38
"5602","Linville Falls",2018-03-07,3,2018,"Avery",35.972347,-81.933072,NA,38
"5603","Linville Falls",2018-03-08,3,2018,"Avery",35.972347,-81.933072,NA,41
"5604","Linville Falls",2018-03-09,3,2018,"Avery",35.972347,-81.933072,18,45
"5605","Linville Falls",2018-03-10,3,2018,"Avery",35.972347,-81.933072,NA,47
"5606","Linville Falls",2018-03-11,3,2018,"Avery",35.972347,-81.933072,NA,41
"5607","Linville Falls",2018-03-12,3,2018,"Avery",35.972347,-81.933072,10,43
"5608","Linville Falls",2018-03-13,3,2018,"Avery",35.972347,-81.933072,NA,43
"5609","Linville Falls",2018-03-14,3,2018,"Avery",35.972347,-81.933072,NA,43
"5610","Linville Falls",2018-03-15,3,2018,"Avery",35.972347,-81.933072,30,NA
"5611","Linville Falls",2018-03-16,3,2018,"Avery",35.972347,-81.933072,NA,61
"5612","Linville Falls",2018-03-17,3,2018,"Avery",35.972347,-81.933072,NA,50
"5613","Linville Falls",2018-03-18,3,2018,"Avery",35.972347,-81.933072,23,44
"5614","Linville Falls",2018-03-19,3,2018,"Avery",35.972347,-81.933072,NA,43
"5615","Linville Falls",2018-03-20,3,2018,"Avery",35.972347,-81.933072,NA,38
"5616","Linville Falls",2018-03-21,3,2018,"Avery",35.972347,-81.933072,5,36
"5617","Linville Falls",2018-03-23,3,2018,"Avery",35.972347,-81.933072,NA,49
"5618","Linville Falls",2018-03-24,3,2018,"Avery",35.972347,-81.933072,21,43
"5619","Linville Falls",2018-03-25,3,2018,"Avery",35.972347,-81.933072,NA,45
"5620","Linville Falls",2018-03-26,3,2018,"Avery",35.972347,-81.933072,NA,46
"5621","Linville Falls",2018-03-27,3,2018,"Avery",35.972347,-81.933072,18,43
"5622","Linville Falls",2018-03-28,3,2018,"Avery",35.972347,-81.933072,NA,42
"5623","Linville Falls",2018-03-29,3,2018,"Avery",35.972347,-81.933072,NA,49
"5624","Linville Falls",2018-03-30,3,2018,"Avery",35.972347,-81.933072,7,41
"5625","Linville Falls",2018-04-01,4,2018,"Avery",35.972347,-81.933072,NA,46
"5626","Linville Falls",2018-04-02,4,2018,"Avery",35.972347,-81.933072,25,NA
"5627","Linville Falls",2018-04-03,4,2018,"Avery",35.972347,-81.933072,NA,47
"5628","Linville Falls",2018-04-04,4,2018,"Avery",35.972347,-81.933072,NA,44
"5629","Linville Falls",2018-04-05,4,2018,"Avery",35.972347,-81.933072,19,48
"5630","Linville Falls",2018-04-06,4,2018,"Avery",35.972347,-81.933072,NA,54
"5631","Linville Falls",2018-04-07,4,2018,"Avery",35.972347,-81.933072,NA,42
"5632","Linville Falls",2018-04-08,4,2018,"Avery",35.972347,-81.933072,12,45
"5633","Linville Falls",2018-04-09,4,2018,"Avery",35.972347,-81.933072,NA,34
"5634","Linville Falls",2018-04-10,4,2018,"Avery",35.972347,-81.933072,NA,44
"5635","Linville Falls",2018-04-11,4,2018,"Avery",35.972347,-81.933072,19,44
"5636","Linville Falls",2018-04-12,4,2018,"Avery",35.972347,-81.933072,NA,64
"5637","Linville Falls",2018-04-13,4,2018,"Avery",35.972347,-81.933072,NA,84
"5638","Linville Falls",2018-04-14,4,2018,"Avery",35.972347,-81.933072,32,45
"5639","Linville Falls",2018-04-15,4,2018,"Avery",35.972347,-81.933072,NA,41
"5640","Linville Falls",2018-04-17,4,2018,"Avery",35.972347,-81.933072,15,64
"5641","Linville Falls",2018-04-18,4,2018,"Avery",35.972347,-81.933072,NA,77
"5642","Linville Falls",2018-04-19,4,2018,"Avery",35.972347,-81.933072,NA,42
"5643","Linville Falls",2018-04-20,4,2018,"Avery",35.972347,-81.933072,11,61
"5644","Linville Falls",2018-04-21,4,2018,"Avery",35.972347,-81.933072,NA,74
"5645","Linville Falls",2018-04-22,4,2018,"Avery",35.972347,-81.933072,NA,49
"5646","Linville Falls",2018-04-23,4,2018,"Avery",35.972347,-81.933072,7,48
"5647","Linville Falls",2018-04-24,4,2018,"Avery",35.972347,-81.933072,NA,40
"5648","Linville Falls",2018-04-25,4,2018,"Avery",35.972347,-81.933072,NA,40
"5649","Linville Falls",2018-04-26,4,2018,"Avery",35.972347,-81.933072,9,39
"5650","Linville Falls",2018-04-27,4,2018,"Avery",35.972347,-81.933072,NA,48
"5651","Linville Falls",2018-04-28,4,2018,"Avery",35.972347,-81.933072,NA,67
"5652","Linville Falls",2018-04-29,4,2018,"Avery",35.972347,-81.933072,11,45
"5653","Linville Falls",2018-04-30,4,2018,"Avery",35.972347,-81.933072,NA,54
"5654","Linville Falls",2018-05-01,5,2018,"Avery",35.972347,-81.933072,NA,80
"5655","Linville Falls",2018-05-02,5,2018,"Avery",35.972347,-81.933072,30,87
"5656","Linville Falls",2018-05-03,5,2018,"Avery",35.972347,-81.933072,NA,84
"5657","Linville Falls",2018-05-04,5,2018,"Avery",35.972347,-81.933072,NA,49
"5658","Linville Falls",2018-05-05,5,2018,"Avery",35.972347,-81.933072,42,45
"5659","Linville Falls",2018-05-06,5,2018,"Avery",35.972347,-81.933072,NA,47
"5660","Linville Falls",2018-05-07,5,2018,"Avery",35.972347,-81.933072,NA,54
"5661","Linville Falls",2018-05-08,5,2018,"Avery",35.972347,-81.933072,20,51
"5662","Linville Falls",2018-05-09,5,2018,"Avery",35.972347,-81.933072,NA,67
"5663","Linville Falls",2018-05-10,5,2018,"Avery",35.972347,-81.933072,NA,61
"5664","Linville Falls",2018-05-11,5,2018,"Avery",35.972347,-81.933072,35,80
"5665","Linville Falls",2018-05-12,5,2018,"Avery",35.972347,-81.933072,NA,64
"5666","Linville Falls",2018-05-13,5,2018,"Avery",35.972347,-81.933072,NA,58
"5667","Linville Falls",2018-05-14,5,2018,"Avery",35.972347,-81.933072,49,50
"5668","Linville Falls",2018-05-15,5,2018,"Avery",35.972347,-81.933072,NA,36
"5669","Linville Falls",2018-05-16,5,2018,"Avery",35.972347,-81.933072,NA,26
"5670","Linville Falls",2018-05-17,5,2018,"Avery",35.972347,-81.933072,11,27
"5671","Linville Falls",2018-05-18,5,2018,"Avery",35.972347,-81.933072,NA,38
"5672","Linville Falls",2018-05-19,5,2018,"Avery",35.972347,-81.933072,NA,37
"5673","Linville Falls",2018-05-20,5,2018,"Avery",35.972347,-81.933072,22,36
"5674","Linville Falls",2018-05-21,5,2018,"Avery",35.972347,-81.933072,NA,41
"5675","Linville Falls",2018-05-22,5,2018,"Avery",35.972347,-81.933072,NA,30
"5676","Linville Falls",2018-05-23,5,2018,"Avery",35.972347,-81.933072,23,37
"5677","Linville Falls",2018-05-24,5,2018,"Avery",35.972347,-81.933072,NA,41
"5678","Linville Falls",2018-05-25,5,2018,"Avery",35.972347,-81.933072,NA,35
"5679","Linville Falls",2018-05-26,5,2018,"Avery",35.972347,-81.933072,9,23
"5680","Linville Falls",2018-05-27,5,2018,"Avery",35.972347,-81.933072,NA,31
"5681","Linville Falls",2018-05-28,5,2018,"Avery",35.972347,-81.933072,NA,22
"5682","Linville Falls",2018-05-29,5,2018,"Avery",35.972347,-81.933072,5,28
"5683","Linville Falls",2018-05-30,5,2018,"Avery",35.972347,-81.933072,NA,30
"5684","Linville Falls",2018-05-31,5,2018,"Avery",35.972347,-81.933072,NA,38
"5685","Linville Falls",2018-06-01,6,2018,"Avery",35.972347,-81.933072,15,44
"5686","Linville Falls",2018-06-02,6,2018,"Avery",35.972347,-81.933072,NA,35
"5687","Linville Falls",2018-06-03,6,2018,"Avery",35.972347,-81.933072,NA,45
"5688","Linville Falls",2018-06-04,6,2018,"Avery",35.972347,-81.933072,16,54
"5689","Linville Falls",2018-06-05,6,2018,"Avery",35.972347,-81.933072,NA,51
"5690","Linville Falls",2018-06-06,6,2018,"Avery",35.972347,-81.933072,NA,71
"5691","Linville Falls",2018-06-07,6,2018,"Avery",35.972347,-81.933072,33,44
"5692","Linville Falls",2018-06-08,6,2018,"Avery",35.972347,-81.933072,NA,47
"5693","Linville Falls",2018-06-09,6,2018,"Avery",35.972347,-81.933072,NA,42
"5694","Linville Falls",2018-06-10,6,2018,"Avery",35.972347,-81.933072,39,48
"5695","Linville Falls",2018-06-11,6,2018,"Avery",35.972347,-81.933072,NA,40
"5696","Linville Falls",2018-06-12,6,2018,"Avery",35.972347,-81.933072,NA,30
"5697","Linville Falls",2018-06-13,6,2018,"Avery",35.972347,-81.933072,18,31
"5698","Linville Falls",2018-06-14,6,2018,"Avery",35.972347,-81.933072,NA,41
"5699","Linville Falls",2018-06-15,6,2018,"Avery",35.972347,-81.933072,NA,44
"5700","Linville Falls",2018-06-16,6,2018,"Avery",35.972347,-81.933072,41,54
"5701","Linville Falls",2018-06-17,6,2018,"Avery",35.972347,-81.933072,NA,34
"5702","Linville Falls",2018-06-18,6,2018,"Avery",35.972347,-81.933072,NA,33
"5703","Linville Falls",2018-06-19,6,2018,"Avery",35.972347,-81.933072,42,32
"5704","Linville Falls",2018-06-20,6,2018,"Avery",35.972347,-81.933072,NA,27
"5705","Linville Falls",2018-06-21,6,2018,"Avery",35.972347,-81.933072,NA,20
"5706","Linville Falls",2018-06-22,6,2018,"Avery",35.972347,-81.933072,20,32
"5707","Linville Falls",2018-06-23,6,2018,"Avery",35.972347,-81.933072,NA,38
"5708","Linville Falls",2018-06-24,6,2018,"Avery",35.972347,-81.933072,NA,37
"5709","Linville Falls",2018-06-25,6,2018,"Avery",35.972347,-81.933072,20,22
"5710","Linville Falls",2018-06-26,6,2018,"Avery",35.972347,-81.933072,NA,25
"5711","Linville Falls",2018-06-27,6,2018,"Avery",35.972347,-81.933072,NA,27
"5712","Linville Falls",2018-06-28,6,2018,"Avery",35.972347,-81.933072,24,32
"5713","Linville Falls",2018-06-29,6,2018,"Avery",35.972347,-81.933072,NA,40
"5714","Linville Falls",2018-06-30,6,2018,"Avery",35.972347,-81.933072,NA,46
"5715","Linville Falls",2018-07-01,7,2018,"Avery",35.972347,-81.933072,25,35
"5716","Linville Falls",2018-07-02,7,2018,"Avery",35.972347,-81.933072,NA,23
"5717","Linville Falls",2018-07-03,7,2018,"Avery",35.972347,-81.933072,NA,35
"5718","Linville Falls",2018-07-04,7,2018,"Avery",35.972347,-81.933072,43,43
"5719","Linville Falls",2018-07-05,7,2018,"Avery",35.972347,-81.933072,NA,26
"5720","Linville Falls",2018-07-06,7,2018,"Avery",35.972347,-81.933072,NA,28
"5721","Linville Falls",2018-07-07,7,2018,"Avery",35.972347,-81.933072,22,31
"5722","Linville Falls",2018-07-08,7,2018,"Avery",35.972347,-81.933072,NA,33
"5723","Linville Falls",2018-07-09,7,2018,"Avery",35.972347,-81.933072,NA,43
"5724","Linville Falls",2018-07-10,7,2018,"Avery",35.972347,-81.933072,34,45
"5725","Linville Falls",2018-07-11,7,2018,"Avery",35.972347,-81.933072,NA,42
"5726","Linville Falls",2018-07-12,7,2018,"Avery",35.972347,-81.933072,NA,38
"5727","Linville Falls",2018-07-13,7,2018,"Avery",35.972347,-81.933072,47,46
"5728","Linville Falls",2018-07-14,7,2018,"Avery",35.972347,-81.933072,NA,44
"5729","Linville Falls",2018-07-15,7,2018,"Avery",35.972347,-81.933072,NA,29
"5730","Linville Falls",2018-07-16,7,2018,"Avery",35.972347,-81.933072,31,31
"5731","Linville Falls",2018-07-17,7,2018,"Avery",35.972347,-81.933072,NA,37
"5732","Linville Falls",2018-07-18,7,2018,"Avery",35.972347,-81.933072,NA,39
"5733","Linville Falls",2018-07-19,7,2018,"Avery",35.972347,-81.933072,29,39
"5734","Linville Falls",2018-07-20,7,2018,"Avery",35.972347,-81.933072,NA,45
"5735","Linville Falls",2018-07-21,7,2018,"Avery",35.972347,-81.933072,NA,41
"5736","Linville Falls",2018-07-22,7,2018,"Avery",35.972347,-81.933072,18,31
"5737","Linville Falls",2018-07-23,7,2018,"Avery",35.972347,-81.933072,NA,37
"5738","Linville Falls",2018-07-24,7,2018,"Avery",35.972347,-81.933072,NA,37
"5739","Linville Falls",2018-07-25,7,2018,"Avery",35.972347,-81.933072,21,24
"5740","Linville Falls",2018-07-26,7,2018,"Avery",35.972347,-81.933072,NA,29
"5741","Linville Falls",2018-07-27,7,2018,"Avery",35.972347,-81.933072,NA,40
"5742","Linville Falls",2018-07-28,7,2018,"Avery",35.972347,-81.933072,34,39
"5743","Linville Falls",2018-07-29,7,2018,"Avery",35.972347,-81.933072,NA,39
"5744","Linville Falls",2018-07-30,7,2018,"Avery",35.972347,-81.933072,NA,37
"5745","Linville Falls",2018-07-31,7,2018,"Avery",35.972347,-81.933072,25,32
"5746","Linville Falls",2018-08-01,8,2018,"Avery",35.972347,-81.933072,NA,31
"5747","Linville Falls",2018-08-02,8,2018,"Avery",35.972347,-81.933072,NA,27
"5748","Linville Falls",2018-08-03,8,2018,"Avery",35.972347,-81.933072,5,20
"5749","Linville Falls",2018-08-04,8,2018,"Avery",35.972347,-81.933072,NA,23
"5750","Linville Falls",2018-08-05,8,2018,"Avery",35.972347,-81.933072,NA,22
"5751","Linville Falls",2018-08-06,8,2018,"Avery",35.972347,-81.933072,21,25
"5752","Linville Falls",2018-08-07,8,2018,"Avery",35.972347,-81.933072,NA,28
"5753","Linville Falls",2018-08-08,8,2018,"Avery",35.972347,-81.933072,NA,25
"5754","Linville Falls",2018-08-09,8,2018,"Avery",35.972347,-81.933072,21,37
"5755","Linville Falls",2018-08-10,8,2018,"Avery",35.972347,-81.933072,NA,35
"5756","Linville Falls",2018-08-11,8,2018,"Avery",35.972347,-81.933072,NA,27
"5757","Linville Falls",2018-08-12,8,2018,"Avery",35.972347,-81.933072,35,32
"5758","Linville Falls",2018-08-13,8,2018,"Avery",35.972347,-81.933072,NA,33
"5759","Linville Falls",2018-08-14,8,2018,"Avery",35.972347,-81.933072,NA,31
"5760","Linville Falls",2018-08-15,8,2018,"Avery",35.972347,-81.933072,43,39
"5761","Linville Falls",2018-08-16,8,2018,"Avery",35.972347,-81.933072,NA,31
"5762","Linville Falls",2018-08-17,8,2018,"Avery",35.972347,-81.933072,NA,38
"5763","Linville Falls",2018-08-18,8,2018,"Avery",35.972347,-81.933072,25,26
"5764","Linville Falls",2018-08-19,8,2018,"Avery",35.972347,-81.933072,NA,32
"5765","Linville Falls",2018-08-20,8,2018,"Avery",35.972347,-81.933072,NA,30
"5766","Linville Falls",2018-08-21,8,2018,"Avery",35.972347,-81.933072,20,28
"5767","Linville Falls",2018-08-22,8,2018,"Avery",35.972347,-81.933072,NA,29
"5768","Linville Falls",2018-08-23,8,2018,"Avery",35.972347,-81.933072,NA,34
"5769","Linville Falls",2018-08-24,8,2018,"Avery",35.972347,-81.933072,21,33
"5770","Linville Falls",2018-08-25,8,2018,"Avery",35.972347,-81.933072,NA,38
"5771","Linville Falls",2018-08-26,8,2018,"Avery",35.972347,-81.933072,NA,36
"5772","Linville Falls",2018-08-27,8,2018,"Avery",35.972347,-81.933072,45,38
"5773","Linville Falls",2018-08-28,8,2018,"Avery",35.972347,-81.933072,NA,27
"5774","Linville Falls",2018-08-29,8,2018,"Avery",35.972347,-81.933072,NA,31
"5775","Linville Falls",2018-08-30,8,2018,"Avery",35.972347,-81.933072,27,25
"5776","Linville Falls",2018-08-31,8,2018,"Avery",35.972347,-81.933072,NA,32
"5777","Linville Falls",2018-09-01,9,2018,"Avery",35.972347,-81.933072,NA,36
"5778","Linville Falls",2018-09-02,9,2018,"Avery",35.972347,-81.933072,24,24
"5779","Linville Falls",2018-09-03,9,2018,"Avery",35.972347,-81.933072,NA,28
"5780","Linville Falls",2018-09-04,9,2018,"Avery",35.972347,-81.933072,NA,32
"5781","Linville Falls",2018-09-05,9,2018,"Avery",35.972347,-81.933072,29,36
"5782","Linville Falls",2018-09-06,9,2018,"Avery",35.972347,-81.933072,NA,31
"5783","Linville Falls",2018-09-07,9,2018,"Avery",35.972347,-81.933072,NA,28
"5784","Linville Falls",2018-09-08,9,2018,"Avery",35.972347,-81.933072,32,38
"5785","Linville Falls",2018-09-09,9,2018,"Avery",35.972347,-81.933072,NA,27
"5786","Linville Falls",2018-09-10,9,2018,"Avery",35.972347,-81.933072,NA,26
"5787","Linville Falls",2018-09-11,9,2018,"Avery",35.972347,-81.933072,22,28
"5788","Linville Falls",2018-09-12,9,2018,"Avery",35.972347,-81.933072,NA,28
"5789","Linville Falls",2018-09-13,9,2018,"Avery",35.972347,-81.933072,NA,20
"5790","Linville Falls",2018-09-14,9,2018,"Avery",35.972347,-81.933072,9,19
"5791","Linville Falls",2018-09-15,9,2018,"Avery",35.972347,-81.933072,NA,19
"5792","Linville Falls",2018-09-16,9,2018,"Avery",35.972347,-81.933072,NA,20
"5793","Linville Falls",2018-09-17,9,2018,"Avery",35.972347,-81.933072,3,19
"5794","Linville Falls",2018-09-18,9,2018,"Avery",35.972347,-81.933072,NA,34
"5795","Linville Falls",2018-09-19,9,2018,"Avery",35.972347,-81.933072,NA,37
"5796","Linville Falls",2018-09-20,9,2018,"Avery",35.972347,-81.933072,35,34
"5797","Linville Falls",2018-09-21,9,2018,"Avery",35.972347,-81.933072,NA,42
"5798","Linville Falls",2018-09-22,9,2018,"Avery",35.972347,-81.933072,NA,31
"5799","Linville Falls",2018-09-23,9,2018,"Avery",35.972347,-81.933072,30,33
"5800","Linville Falls",2018-09-24,9,2018,"Avery",35.972347,-81.933072,NA,20
"5801","Linville Falls",2018-09-25,9,2018,"Avery",35.972347,-81.933072,NA,25
"5802","Linville Falls",2018-09-26,9,2018,"Avery",35.972347,-81.933072,13,20
"5803","Linville Falls",2018-09-27,9,2018,"Avery",35.972347,-81.933072,NA,25
"5804","Linville Falls",2018-09-28,9,2018,"Avery",35.972347,-81.933072,NA,29
"5805","Linville Falls",2018-09-29,9,2018,"Avery",35.972347,-81.933072,20,32
"5806","Linville Falls",2018-09-30,9,2018,"Avery",35.972347,-81.933072,NA,31
"5807","Linville Falls",2018-10-01,10,2018,"Avery",35.972347,-81.933072,NA,30
"5808","Linville Falls",2018-10-02,10,2018,"Avery",35.972347,-81.933072,25,31
"5809","Linville Falls",2018-10-03,10,2018,"Avery",35.972347,-81.933072,NA,24
"5810","Linville Falls",2018-10-04,10,2018,"Avery",35.972347,-81.933072,NA,35
"5811","Linville Falls",2018-10-05,10,2018,"Avery",35.972347,-81.933072,26,28
"5812","Linville Falls",2018-10-06,10,2018,"Avery",35.972347,-81.933072,NA,37
"5813","Linville Falls",2018-10-07,10,2018,"Avery",35.972347,-81.933072,NA,32
"5814","Linville Falls",2018-10-08,10,2018,"Avery",35.972347,-81.933072,23,36
"5815","Linville Falls",2018-10-09,10,2018,"Avery",35.972347,-81.933072,NA,33
"5816","Linville Falls",2018-10-10,10,2018,"Avery",35.972347,-81.933072,NA,20
"5817","Linville Falls",2018-10-11,10,2018,"Avery",35.972347,-81.933072,6,28
"5818","Linville Falls",2018-10-12,10,2018,"Avery",35.972347,-81.933072,NA,40
"5819","Linville Falls",2018-10-13,10,2018,"Avery",35.972347,-81.933072,NA,33
"5820","Linville Falls",2018-10-14,10,2018,"Avery",35.972347,-81.933072,20,31
"5821","Linville Falls",2018-10-15,10,2018,"Avery",35.972347,-81.933072,NA,35
"5822","Linville Falls",2018-10-16,10,2018,"Avery",35.972347,-81.933072,NA,23
"5823","Linville Falls",2018-10-17,10,2018,"Avery",35.972347,-81.933072,5,36
"5824","Linville Falls",2018-10-18,10,2018,"Avery",35.972347,-81.933072,NA,35
"5825","Linville Falls",2018-10-19,10,2018,"Avery",35.972347,-81.933072,NA,41
"5826","Linville Falls",2018-10-20,10,2018,"Avery",35.972347,-81.933072,12,36
"5827","Linville Falls",2018-10-22,10,2018,"Avery",35.972347,-81.933072,NA,35
"5828","Linville Falls",2018-10-23,10,2018,"Avery",35.972347,-81.933072,12,NA
"5829","Linville Falls",2018-10-24,10,2018,"Avery",35.972347,-81.933072,NA,41
"5830","Linville Falls",2018-10-25,10,2018,"Avery",35.972347,-81.933072,NA,31
"5831","Linville Falls",2018-10-26,10,2018,"Avery",35.972347,-81.933072,5,36
"5832","Linville Falls",2018-10-27,10,2018,"Avery",35.972347,-81.933072,NA,33
"5833","Linville Falls",2018-10-28,10,2018,"Avery",35.972347,-81.933072,NA,39
"5834","Linville Falls",2018-10-29,10,2018,"Avery",35.972347,-81.933072,8,37
"5835","Linville Falls",2018-10-30,10,2018,"Avery",35.972347,-81.933072,NA,36
"5836","Linville Falls",2018-10-31,10,2018,"Avery",35.972347,-81.933072,NA,45
"5837","Linville Falls",2018-11-01,11,2018,"Avery",35.972347,-81.933072,22,NA
"5838","Linville Falls",2018-11-04,11,2018,"Avery",35.972347,-81.933072,15,NA
"5839","Linville Falls",2018-11-07,11,2018,"Avery",35.972347,-81.933072,10,NA
"5840","Linville Falls",2018-11-10,11,2018,"Avery",35.972347,-81.933072,12,NA
"5841","Linville Falls",2018-11-13,11,2018,"Avery",35.972347,-81.933072,5,NA
"5842","Linville Falls",2018-11-16,11,2018,"Avery",35.972347,-81.933072,10,NA
"5843","Linville Falls",2018-11-19,11,2018,"Avery",35.972347,-81.933072,31,NA
"5844","Linville Falls",2018-11-22,11,2018,"Avery",35.972347,-81.933072,14,NA
"5845","Linville Falls",2018-11-25,11,2018,"Avery",35.972347,-81.933072,15,NA
"5846","Linville Falls",2018-11-28,11,2018,"Avery",35.972347,-81.933072,21,NA
"5847","Linville Falls",2018-12-01,12,2018,"Avery",35.972347,-81.933072,16,NA
"5848","Linville Falls",2018-12-04,12,2018,"Avery",35.972347,-81.933072,6,NA
"5849","Linville Falls",2018-12-07,12,2018,"Avery",35.972347,-81.933072,15,NA
"5850","Linville Falls",2018-12-10,12,2018,"Avery",35.972347,-81.933072,5,NA
"5851","Linville Falls",2018-12-19,12,2018,"Avery",35.972347,-81.933072,20,NA
"5852","Linville Falls",2018-12-22,12,2018,"Avery",35.972347,-81.933072,4,NA
"5853","Linville Falls",2018-12-25,12,2018,"Avery",35.972347,-81.933072,12,NA
"5854","Linville Falls",2019-01-03,1,2019,"Avery",35.972347,-81.933072,7,NA
"5855","Linville Falls",2019-01-06,1,2019,"Avery",35.972347,-81.933072,4,NA
"5856","Linville Falls",2019-01-09,1,2019,"Avery",35.972347,-81.933072,5,NA
"5857","Linville Falls",2019-01-12,1,2019,"Avery",35.972347,-81.933072,26,NA
"5858","Linville Falls",2019-01-15,1,2019,"Avery",35.972347,-81.933072,11,NA
"5859","Linville Falls",2019-01-18,1,2019,"Avery",35.972347,-81.933072,5,NA
"5860","Linville Falls",2019-01-21,1,2019,"Avery",35.972347,-81.933072,6,NA
"5861","Linville Falls",2019-01-24,1,2019,"Avery",35.972347,-81.933072,6,NA
"5862","Linville Falls",2019-01-27,1,2019,"Avery",35.972347,-81.933072,15,NA
"5863","Linville Falls",2019-01-30,1,2019,"Avery",35.972347,-81.933072,7,NA
"5864","Linville Falls",2019-02-02,2,2019,"Avery",35.972347,-81.933072,14,NA
"5865","Linville Falls",2019-02-05,2,2019,"Avery",35.972347,-81.933072,20,NA
"5866","Linville Falls",2019-02-08,2,2019,"Avery",35.972347,-81.933072,8,NA
"5867","Linville Falls",2019-02-11,2,2019,"Avery",35.972347,-81.933072,10,NA
"5868","Linville Falls",2019-02-14,2,2019,"Avery",35.972347,-81.933072,8,41
"5869","Linville Falls",2019-02-15,2,2019,"Avery",35.972347,-81.933072,NA,38
"5870","Linville Falls",2019-02-16,2,2019,"Avery",35.972347,-81.933072,NA,33
"5871","Linville Falls",2019-02-17,2,2019,"Avery",35.972347,-81.933072,10,33
"5872","Linville Falls",2019-02-18,2,2019,"Avery",35.972347,-81.933072,NA,37
"5873","Linville Falls",2019-02-19,2,2019,"Avery",35.972347,-81.933072,NA,28
"5874","Linville Falls",2019-02-20,2,2019,"Avery",35.972347,-81.933072,3,30
"5875","Linville Falls",2019-02-21,2,2019,"Avery",35.972347,-81.933072,NA,22
"5876","Linville Falls",2019-02-22,2,2019,"Avery",35.972347,-81.933072,NA,37
"5877","Linville Falls",2019-02-23,2,2019,"Avery",35.972347,-81.933072,1,38
"5878","Linville Falls",2019-02-24,2,2019,"Avery",35.972347,-81.933072,NA,43
"5879","Linville Falls",2019-02-25,2,2019,"Avery",35.972347,-81.933072,NA,42
"5880","Linville Falls",2019-02-26,2,2019,"Avery",35.972347,-81.933072,11,44
"5881","Linville Falls",2019-02-27,2,2019,"Avery",35.972347,-81.933072,NA,41
"5882","Linville Falls",2019-02-28,2,2019,"Avery",35.972347,-81.933072,NA,43
"5883","Linville Falls",2019-03-01,3,2019,"Avery",35.972347,-81.933072,NA,25
"5884","Linville Falls",2019-03-02,3,2019,"Avery",35.972347,-81.933072,NA,34
"5885","Linville Falls",2019-03-03,3,2019,"Avery",35.972347,-81.933072,NA,25
"5886","Linville Falls",2019-03-04,3,2019,"Avery",35.972347,-81.933072,NA,38
"5887","Linville Falls",2019-03-05,3,2019,"Avery",35.972347,-81.933072,NA,41
"5888","Linville Falls",2019-03-06,3,2019,"Avery",35.972347,-81.933072,NA,43
"5889","Linville Falls",2019-03-07,3,2019,"Avery",35.972347,-81.933072,NA,44
"5890","Linville Falls",2019-03-08,3,2019,"Avery",35.972347,-81.933072,NA,39
"5891","Linville Falls",2019-03-09,3,2019,"Avery",35.972347,-81.933072,NA,34
"5892","Linville Falls",2019-03-10,3,2019,"Avery",35.972347,-81.933072,NA,45
"5893","Linville Falls",2019-03-11,3,2019,"Avery",35.972347,-81.933072,NA,43
"5894","Linville Falls",2019-03-12,3,2019,"Avery",35.972347,-81.933072,NA,48
"5895","Linville Falls",2019-03-13,3,2019,"Avery",35.972347,-81.933072,NA,51
"5896","Linville Falls",2019-03-14,3,2019,"Avery",35.972347,-81.933072,NA,42
"5897","Linville Falls",2019-03-15,3,2019,"Avery",35.972347,-81.933072,NA,42
"5898","Linville Falls",2019-03-16,3,2019,"Avery",35.972347,-81.933072,NA,44
"5899","Linville Falls",2019-03-17,3,2019,"Avery",35.972347,-81.933072,NA,46
"5900","Linville Falls",2019-03-18,3,2019,"Avery",35.972347,-81.933072,NA,44
"5901","Linville Falls",2019-03-19,3,2019,"Avery",35.972347,-81.933072,NA,47
"5902","Linville Falls",2019-03-20,3,2019,"Avery",35.972347,-81.933072,NA,54
"5903","Linville Falls",2019-03-21,3,2019,"Avery",35.972347,-81.933072,NA,58
"5904","Linville Falls",2019-03-22,3,2019,"Avery",35.972347,-81.933072,NA,49
"5905","Linville Falls",2019-03-23,3,2019,"Avery",35.972347,-81.933072,NA,54
"5906","Linville Falls",2019-03-24,3,2019,"Avery",35.972347,-81.933072,NA,74
"5907","Linville Falls",2019-03-25,3,2019,"Avery",35.972347,-81.933072,NA,43
"5908","Linville Falls",2019-03-26,3,2019,"Avery",35.972347,-81.933072,NA,32
"5909","Linville Falls",2019-03-27,3,2019,"Avery",35.972347,-81.933072,NA,46
"5910","Linville Falls",2019-03-28,3,2019,"Avery",35.972347,-81.933072,NA,58
"5911","Linville Falls",2019-03-29,3,2019,"Avery",35.972347,-81.933072,NA,58
"5912","Linville Falls",2019-03-30,3,2019,"Avery",35.972347,-81.933072,NA,51
"5913","Linville Falls",2019-03-31,3,2019,"Avery",35.972347,-81.933072,NA,41
"5914","Linville Falls",2019-04-01,4,2019,"Avery",35.972347,-81.933072,NA,44
"5915","Linville Falls",2019-04-02,4,2019,"Avery",35.972347,-81.933072,NA,48
"5916","Linville Falls",2019-04-03,4,2019,"Avery",35.972347,-81.933072,NA,50
"5917","Linville Falls",2019-04-04,4,2019,"Avery",35.972347,-81.933072,NA,74
"5918","Linville Falls",2019-04-05,4,2019,"Avery",35.972347,-81.933072,NA,44
"5919","Linville Falls",2019-04-06,4,2019,"Avery",35.972347,-81.933072,NA,43
"5920","Linville Falls",2019-04-07,4,2019,"Avery",35.972347,-81.933072,NA,37
"5921","Linville Falls",2019-04-08,4,2019,"Avery",35.972347,-81.933072,NA,30
"5922","Linville Falls",2019-04-09,4,2019,"Avery",35.972347,-81.933072,NA,50
"5923","Linville Falls",2019-04-10,4,2019,"Avery",35.972347,-81.933072,NA,50
"5924","Linville Falls",2019-04-11,4,2019,"Avery",35.972347,-81.933072,NA,54
"5925","Linville Falls",2019-04-12,4,2019,"Avery",35.972347,-81.933072,NA,39
"5926","Linville Falls",2019-04-14,4,2019,"Avery",35.972347,-81.933072,NA,43
"5927","Linville Falls",2019-04-15,4,2019,"Avery",35.972347,-81.933072,NA,47
"5928","Linville Falls",2019-04-16,4,2019,"Avery",35.972347,-81.933072,NA,54
"5929","Linville Falls",2019-04-17,4,2019,"Avery",35.972347,-81.933072,NA,64
"5930","Linville Falls",2019-04-18,4,2019,"Avery",35.972347,-81.933072,NA,50
"5931","Linville Falls",2019-04-19,4,2019,"Avery",35.972347,-81.933072,NA,41
"5932","Linville Falls",2019-04-20,4,2019,"Avery",35.972347,-81.933072,NA,29
"5933","Linville Falls",2019-04-21,4,2019,"Avery",35.972347,-81.933072,NA,34
"5934","Linville Falls",2019-04-22,4,2019,"Avery",35.972347,-81.933072,NA,43
"5935","Linville Falls",2019-04-23,4,2019,"Avery",35.972347,-81.933072,NA,44
"5936","Linville Falls",2019-04-24,4,2019,"Avery",35.972347,-81.933072,NA,44
"5937","Linville Falls",2019-04-25,4,2019,"Avery",35.972347,-81.933072,NA,44
"5938","Linville Falls",2019-04-26,4,2019,"Avery",35.972347,-81.933072,NA,50
"5939","Linville Falls",2019-04-27,4,2019,"Avery",35.972347,-81.933072,NA,54
"5940","Linville Falls",2019-04-28,4,2019,"Avery",35.972347,-81.933072,NA,51
"5941","Linville Falls",2019-04-29,4,2019,"Avery",35.972347,-81.933072,NA,42
"5942","Linville Falls",2019-04-30,4,2019,"Avery",35.972347,-81.933072,NA,54
"5943","Linville Falls",2019-05-01,5,2019,"Avery",35.972347,-81.933072,NA,42
"5944","Linville Falls",2019-05-02,5,2019,"Avery",35.972347,-81.933072,NA,36
"5945","Linville Falls",2019-05-03,5,2019,"Avery",35.972347,-81.933072,NA,33
"5946","Linville Falls",2019-05-04,5,2019,"Avery",35.972347,-81.933072,NA,38
"5947","Linville Falls",2019-05-05,5,2019,"Avery",35.972347,-81.933072,NA,31
"5948","Linville Falls",2019-05-06,5,2019,"Avery",35.972347,-81.933072,NA,44
"5949","Linville Falls",2019-05-07,5,2019,"Avery",35.972347,-81.933072,NA,43
"5950","Linville Falls",2019-05-08,5,2019,"Avery",35.972347,-81.933072,NA,44
"5951","Linville Falls",2019-05-09,5,2019,"Avery",35.972347,-81.933072,NA,44
"5952","Linville Falls",2019-05-10,5,2019,"Avery",35.972347,-81.933072,NA,32
"5953","Linville Falls",2019-05-11,5,2019,"Avery",35.972347,-81.933072,NA,28
"5954","Linville Falls",2019-05-12,5,2019,"Avery",35.972347,-81.933072,NA,32
"5955","Linville Falls",2019-05-13,5,2019,"Avery",35.972347,-81.933072,NA,36
"5956","Linville Falls",2019-05-14,5,2019,"Avery",35.972347,-81.933072,NA,42
"5957","Linville Falls",2019-05-15,5,2019,"Avery",35.972347,-81.933072,NA,43
"5958","Linville Falls",2019-05-16,5,2019,"Avery",35.972347,-81.933072,NA,47
"5959","Linville Falls",2019-05-17,5,2019,"Avery",35.972347,-81.933072,NA,46
"5960","Linville Falls",2019-05-18,5,2019,"Avery",35.972347,-81.933072,NA,48
"5961","Linville Falls",2019-05-19,5,2019,"Avery",35.972347,-81.933072,NA,46
"5962","Linville Falls",2019-05-20,5,2019,"Avery",35.972347,-81.933072,NA,45
"5963","Linville Falls",2019-05-21,5,2019,"Avery",35.972347,-81.933072,NA,46
"5964","Linville Falls",2019-05-22,5,2019,"Avery",35.972347,-81.933072,NA,42
"5965","Linville Falls",2019-05-23,5,2019,"Avery",35.972347,-81.933072,NA,40
"5966","Linville Falls",2019-05-24,5,2019,"Avery",35.972347,-81.933072,NA,40
"5967","Linville Falls",2019-05-25,5,2019,"Avery",35.972347,-81.933072,NA,39
"5968","Linville Falls",2019-05-26,5,2019,"Avery",35.972347,-81.933072,NA,43
"5969","Linville Falls",2019-05-27,5,2019,"Avery",35.972347,-81.933072,NA,45
"5970","Linville Falls",2019-05-28,5,2019,"Avery",35.972347,-81.933072,NA,37
"5971","Linville Falls",2019-05-29,5,2019,"Avery",35.972347,-81.933072,NA,35
"5972","Linville Falls",2019-05-30,5,2019,"Avery",35.972347,-81.933072,NA,46
"5973","Linville Falls",2019-05-31,5,2019,"Avery",35.972347,-81.933072,NA,43
"5974","Linville Falls",2019-06-01,6,2019,"Avery",35.972347,-81.933072,NA,48
"5975","Linville Falls",2019-06-02,6,2019,"Avery",35.972347,-81.933072,NA,58
"5976","Linville Falls",2019-06-03,6,2019,"Avery",35.972347,-81.933072,NA,47
"5977","Linville Falls",2019-06-04,6,2019,"Avery",35.972347,-81.933072,NA,49
"5978","Linville Falls",2019-06-05,6,2019,"Avery",35.972347,-81.933072,NA,31
"5979","Linville Falls",2019-06-06,6,2019,"Avery",35.972347,-81.933072,NA,37
"5980","Linville Falls",2019-06-07,6,2019,"Avery",35.972347,-81.933072,NA,24
"5981","Linville Falls",2019-06-08,6,2019,"Avery",35.972347,-81.933072,NA,34
"5982","Linville Falls",2019-06-09,6,2019,"Avery",35.972347,-81.933072,NA,32
"5983","Linville Falls",2019-06-10,6,2019,"Avery",35.972347,-81.933072,NA,28
"5984","Linville Falls",2019-06-11,6,2019,"Avery",35.972347,-81.933072,NA,33
"5985","Linville Falls",2019-06-12,6,2019,"Avery",35.972347,-81.933072,NA,44
"5986","Linville Falls",2019-06-13,6,2019,"Avery",35.972347,-81.933072,NA,42
"5987","Linville Falls",2019-06-14,6,2019,"Avery",35.972347,-81.933072,NA,43
"5988","Linville Falls",2019-06-15,6,2019,"Avery",35.972347,-81.933072,NA,44
"5989","Linville Falls",2019-06-16,6,2019,"Avery",35.972347,-81.933072,NA,37
"5990","Linville Falls",2019-06-18,6,2019,"Avery",35.972347,-81.933072,NA,31
"5991","Linville Falls",2019-06-19,6,2019,"Avery",35.972347,-81.933072,NA,28
"5992","Linville Falls",2019-06-20,6,2019,"Avery",35.972347,-81.933072,NA,51
"5993","Linville Falls",2019-06-21,6,2019,"Avery",35.972347,-81.933072,NA,45
"5994","Linville Falls",2019-06-23,6,2019,"Avery",35.972347,-81.933072,NA,29
"5995","Linville Falls",2019-06-24,6,2019,"Avery",35.972347,-81.933072,NA,31
"5996","Linville Falls",2019-06-25,6,2019,"Avery",35.972347,-81.933072,NA,42
"5997","Linville Falls",2019-06-26,6,2019,"Avery",35.972347,-81.933072,NA,41
"5998","Linville Falls",2019-06-27,6,2019,"Avery",35.972347,-81.933072,NA,49
"5999","Linville Falls",2019-06-28,6,2019,"Avery",35.972347,-81.933072,NA,45
"6000","Linville Falls",2019-06-29,6,2019,"Avery",35.972347,-81.933072,NA,44
"6001","Linville Falls",2019-06-30,6,2019,"Avery",35.972347,-81.933072,NA,42
"6002","Linville Falls",2019-07-01,7,2019,"Avery",35.972347,-81.933072,NA,44
"6003","Linville Falls",2019-07-02,7,2019,"Avery",35.972347,-81.933072,NA,40
"6004","Linville Falls",2019-07-03,7,2019,"Avery",35.972347,-81.933072,NA,37
"6005","Linville Falls",2019-07-04,7,2019,"Avery",35.972347,-81.933072,NA,31
"6006","Linville Falls",2019-07-05,7,2019,"Avery",35.972347,-81.933072,NA,27
"6007","Linville Falls",2019-07-06,7,2019,"Avery",35.972347,-81.933072,NA,25
"6008","Linville Falls",2019-07-07,7,2019,"Avery",35.972347,-81.933072,NA,22
"6009","Linville Falls",2019-07-08,7,2019,"Avery",35.972347,-81.933072,NA,32
"6010","Linville Falls",2019-07-09,7,2019,"Avery",35.972347,-81.933072,NA,31
"6011","Linville Falls",2019-07-10,7,2019,"Avery",35.972347,-81.933072,NA,31
"6012","Linville Falls",2019-07-11,7,2019,"Avery",35.972347,-81.933072,NA,27
"6013","Linville Falls",2019-07-12,7,2019,"Avery",35.972347,-81.933072,NA,32
"6014","Linville Falls",2019-07-13,7,2019,"Avery",35.972347,-81.933072,NA,31
"6015","Linville Falls",2019-07-14,7,2019,"Avery",35.972347,-81.933072,NA,35
"6016","Linville Falls",2019-07-15,7,2019,"Avery",35.972347,-81.933072,NA,39
"6017","Linville Falls",2019-07-16,7,2019,"Avery",35.972347,-81.933072,NA,28
"6018","Linville Falls",2019-07-17,7,2019,"Avery",35.972347,-81.933072,NA,22
"6019","Linville Falls",2019-07-18,7,2019,"Avery",35.972347,-81.933072,NA,31
"6020","Linville Falls",2019-07-19,7,2019,"Avery",35.972347,-81.933072,NA,29
"6021","Linville Falls",2019-07-20,7,2019,"Avery",35.972347,-81.933072,NA,25
"6022","Linville Falls",2019-07-21,7,2019,"Avery",35.972347,-81.933072,NA,31
"6023","Linville Falls",2019-07-22,7,2019,"Avery",35.972347,-81.933072,NA,25
"6024","Linville Falls",2019-07-23,7,2019,"Avery",35.972347,-81.933072,NA,24
"6025","Linville Falls",2019-07-24,7,2019,"Avery",35.972347,-81.933072,NA,36
"6026","Linville Falls",2019-07-25,7,2019,"Avery",35.972347,-81.933072,NA,34
"6027","Linville Falls",2019-07-26,7,2019,"Avery",35.972347,-81.933072,NA,39
"6028","Linville Falls",2019-07-27,7,2019,"Avery",35.972347,-81.933072,NA,40
"6029","Linville Falls",2019-07-28,7,2019,"Avery",35.972347,-81.933072,NA,30
"6030","Linville Falls",2019-07-29,7,2019,"Avery",35.972347,-81.933072,NA,46
"6031","Linville Falls",2019-07-30,7,2019,"Avery",35.972347,-81.933072,NA,36
"6032","Linville Falls",2019-07-31,7,2019,"Avery",35.972347,-81.933072,NA,38
"6033","Linville Falls",2019-08-01,8,2019,"Avery",35.972347,-81.933072,NA,33
"6034","Linville Falls",2019-08-02,8,2019,"Avery",35.972347,-81.933072,NA,35
"6035","Linville Falls",2019-08-03,8,2019,"Avery",35.972347,-81.933072,NA,28
"6036","Linville Falls",2019-08-04,8,2019,"Avery",35.972347,-81.933072,NA,34
"6037","Linville Falls",2019-08-05,8,2019,"Avery",35.972347,-81.933072,NA,28
"6038","Linville Falls",2019-08-06,8,2019,"Avery",35.972347,-81.933072,NA,38
"6039","Linville Falls",2019-08-07,8,2019,"Avery",35.972347,-81.933072,NA,40
"6040","Linville Falls",2019-08-08,8,2019,"Avery",35.972347,-81.933072,NA,40
"6041","Linville Falls",2019-08-09,8,2019,"Avery",35.972347,-81.933072,NA,41
"6042","Linville Falls",2019-08-10,8,2019,"Avery",35.972347,-81.933072,NA,30
"6043","Linville Falls",2019-08-11,8,2019,"Avery",35.972347,-81.933072,NA,33
"6044","Linville Falls",2019-08-12,8,2019,"Avery",35.972347,-81.933072,NA,36
"6045","Linville Falls",2019-08-13,8,2019,"Avery",35.972347,-81.933072,NA,31
"6046","Linville Falls",2019-08-14,8,2019,"Avery",35.972347,-81.933072,NA,32
"6047","Linville Falls",2019-08-16,8,2019,"Avery",35.972347,-81.933072,NA,40
"6048","Linville Falls",2019-08-17,8,2019,"Avery",35.972347,-81.933072,NA,37
"6049","Linville Falls",2019-08-18,8,2019,"Avery",35.972347,-81.933072,NA,33
"6050","Linville Falls",2019-08-19,8,2019,"Avery",35.972347,-81.933072,NA,27
"6051","Linville Falls",2019-08-20,8,2019,"Avery",35.972347,-81.933072,NA,33
"6052","Linville Falls",2019-08-21,8,2019,"Avery",35.972347,-81.933072,NA,35
"6053","Linville Falls",2019-08-22,8,2019,"Avery",35.972347,-81.933072,NA,22
"6054","Linville Falls",2019-08-23,8,2019,"Avery",35.972347,-81.933072,NA,31
"6055","Linville Falls",2019-08-24,8,2019,"Avery",35.972347,-81.933072,NA,29
"6056","Linville Falls",2019-08-25,8,2019,"Avery",35.972347,-81.933072,NA,29
"6057","Linville Falls",2019-08-26,8,2019,"Avery",35.972347,-81.933072,NA,30
"6058","Linville Falls",2019-08-27,8,2019,"Avery",35.972347,-81.933072,NA,25
"6059","Linville Falls",2019-08-28,8,2019,"Avery",35.972347,-81.933072,NA,36
"6060","Linville Falls",2019-08-29,8,2019,"Avery",35.972347,-81.933072,NA,36
"6061","Linville Falls",2019-08-30,8,2019,"Avery",35.972347,-81.933072,NA,38
"6062","Linville Falls",2019-08-31,8,2019,"Avery",35.972347,-81.933072,NA,46
"6063","Linville Falls",2019-09-01,9,2019,"Avery",35.972347,-81.933072,NA,38
"6064","Linville Falls",2019-09-02,9,2019,"Avery",35.972347,-81.933072,NA,32
"6065","Linville Falls",2019-09-03,9,2019,"Avery",35.972347,-81.933072,NA,33
"6066","Linville Falls",2019-09-04,9,2019,"Avery",35.972347,-81.933072,NA,34
"6067","Linville Falls",2019-09-05,9,2019,"Avery",35.972347,-81.933072,NA,34
"6068","Linville Falls",2019-09-06,9,2019,"Avery",35.972347,-81.933072,NA,43
"6069","Linville Falls",2019-09-07,9,2019,"Avery",35.972347,-81.933072,NA,44
"6070","Linville Falls",2019-09-08,9,2019,"Avery",35.972347,-81.933072,NA,41
"6071","Linville Falls",2019-09-09,9,2019,"Avery",35.972347,-81.933072,NA,43
"6072","Linville Falls",2019-09-10,9,2019,"Avery",35.972347,-81.933072,NA,44
"6073","Linville Falls",2019-09-11,9,2019,"Avery",35.972347,-81.933072,NA,33
"6074","Linville Falls",2019-09-12,9,2019,"Avery",35.972347,-81.933072,NA,37
"6075","Linville Falls",2019-09-13,9,2019,"Avery",35.972347,-81.933072,NA,44
"6076","Linville Falls",2019-09-14,9,2019,"Avery",35.972347,-81.933072,NA,31
"6077","Linville Falls",2019-09-15,9,2019,"Avery",35.972347,-81.933072,NA,31
"6078","Linville Falls",2019-09-16,9,2019,"Avery",35.972347,-81.933072,NA,40
"6079","Linville Falls",2019-09-17,9,2019,"Avery",35.972347,-81.933072,NA,41
"6080","Linville Falls",2019-09-18,9,2019,"Avery",35.972347,-81.933072,NA,35
"6081","Linville Falls",2019-09-19,9,2019,"Avery",35.972347,-81.933072,NA,31
"6082","Linville Falls",2019-09-20,9,2019,"Avery",35.972347,-81.933072,NA,40
"6083","Linville Falls",2019-09-21,9,2019,"Avery",35.972347,-81.933072,NA,29
"6084","Linville Falls",2019-09-22,9,2019,"Avery",35.972347,-81.933072,NA,47
"6085","Linville Falls",2019-09-23,9,2019,"Avery",35.972347,-81.933072,NA,38
"6086","Linville Falls",2019-09-24,9,2019,"Avery",35.972347,-81.933072,NA,43
"6087","Linville Falls",2019-09-25,9,2019,"Avery",35.972347,-81.933072,NA,45
"6088","Linville Falls",2019-09-26,9,2019,"Avery",35.972347,-81.933072,NA,33
"6089","Linville Falls",2019-09-27,9,2019,"Avery",35.972347,-81.933072,NA,42
"6090","Linville Falls",2019-09-28,9,2019,"Avery",35.972347,-81.933072,NA,37
"6091","Linville Falls",2019-09-29,9,2019,"Avery",35.972347,-81.933072,NA,27
"6092","Linville Falls",2019-09-30,9,2019,"Avery",35.972347,-81.933072,NA,25
"6093","Linville Falls",2019-10-01,10,2019,"Avery",35.972347,-81.933072,NA,34
"6094","Linville Falls",2019-10-02,10,2019,"Avery",35.972347,-81.933072,NA,38
"6095","Linville Falls",2019-10-03,10,2019,"Avery",35.972347,-81.933072,NA,38
"6096","Linville Falls",2019-10-04,10,2019,"Avery",35.972347,-81.933072,NA,41
"6097","Linville Falls",2019-10-05,10,2019,"Avery",35.972347,-81.933072,NA,39
"6098","Linville Falls",2019-10-06,10,2019,"Avery",35.972347,-81.933072,NA,31
"6099","Linville Falls",2019-10-07,10,2019,"Avery",35.972347,-81.933072,NA,33
"6100","Linville Falls",2019-10-08,10,2019,"Avery",35.972347,-81.933072,NA,24
"6101","Linville Falls",2019-10-09,10,2019,"Avery",35.972347,-81.933072,NA,29
"6102","Linville Falls",2019-10-10,10,2019,"Avery",35.972347,-81.933072,NA,31
"6103","Linville Falls",2019-10-11,10,2019,"Avery",35.972347,-81.933072,NA,41
"6104","Linville Falls",2019-10-12,10,2019,"Avery",35.972347,-81.933072,NA,33
"6105","Linville Falls",2019-10-13,10,2019,"Avery",35.972347,-81.933072,NA,20
"6106","Linville Falls",2019-10-14,10,2019,"Avery",35.972347,-81.933072,NA,38
"6107","Linville Falls",2019-10-15,10,2019,"Avery",35.972347,-81.933072,NA,43
"6108","Linville Falls",2019-10-16,10,2019,"Avery",35.972347,-81.933072,NA,36
"6109","Linville Falls",2019-10-17,10,2019,"Avery",35.972347,-81.933072,NA,34
"6110","Linville Falls",2019-10-18,10,2019,"Avery",35.972347,-81.933072,NA,38
"6111","Linville Falls",2019-10-19,10,2019,"Avery",35.972347,-81.933072,NA,35
"6112","Linville Falls",2019-10-20,10,2019,"Avery",35.972347,-81.933072,NA,32
"6113","Linville Falls",2019-10-21,10,2019,"Avery",35.972347,-81.933072,NA,28
"6114","Linville Falls",2019-10-22,10,2019,"Avery",35.972347,-81.933072,NA,34
"6115","Linville Falls",2019-10-23,10,2019,"Avery",35.972347,-81.933072,NA,36
"6116","Linville Falls",2019-10-24,10,2019,"Avery",35.972347,-81.933072,NA,42
"6117","Linville Falls",2019-10-25,10,2019,"Avery",35.972347,-81.933072,NA,32
"6118","Linville Falls",2019-10-26,10,2019,"Avery",35.972347,-81.933072,NA,37
"6119","Linville Falls",2019-10-27,10,2019,"Avery",35.972347,-81.933072,NA,34
"6120","Linville Falls",2019-10-28,10,2019,"Avery",35.972347,-81.933072,NA,38
"6121","Linville Falls",2019-10-29,10,2019,"Avery",35.972347,-81.933072,NA,41
"6122","Linville Falls",2019-10-30,10,2019,"Avery",35.972347,-81.933072,NA,23
"6123","Linville Falls",2019-10-31,10,2019,"Avery",35.972347,-81.933072,NA,26
"6124","Mendenhall School",2018-01-03,1,2018,"Guilford",36.1090060008986,-79.802314,60,NA
"6125","Mendenhall School",2018-01-04,1,2018,"Guilford",36.1090060008986,-79.802314,25,NA
"6126","Mendenhall School",2018-01-05,1,2018,"Guilford",36.1090060008986,-79.802314,23,NA
"6127","Mendenhall School",2018-01-06,1,2018,"Guilford",36.1090060008986,-79.802314,23,NA
"6128","Mendenhall School",2018-01-07,1,2018,"Guilford",36.1090060008986,-79.802314,38,NA
"6129","Mendenhall School",2018-01-08,1,2018,"Guilford",36.1090060008986,-79.802314,44,NA
"6130","Mendenhall School",2018-01-09,1,2018,"Guilford",36.1090060008986,-79.802314,43,NA
"6131","Mendenhall School",2018-01-10,1,2018,"Guilford",36.1090060008986,-79.802314,29,NA
"6132","Mendenhall School",2018-01-11,1,2018,"Guilford",36.1090060008986,-79.802314,55,NA
"6133","Mendenhall School",2018-01-12,1,2018,"Guilford",36.1090060008986,-79.802314,15,NA
"6134","Mendenhall School",2018-01-13,1,2018,"Guilford",36.1090060008986,-79.802314,12,NA
"6135","Mendenhall School",2018-01-14,1,2018,"Guilford",36.1090060008986,-79.802314,22,NA
"6136","Mendenhall School",2018-01-15,1,2018,"Guilford",36.1090060008986,-79.802314,40,NA
"6137","Mendenhall School",2018-01-16,1,2018,"Guilford",36.1090060008986,-79.802314,70,NA
"6138","Mendenhall School",2018-01-17,1,2018,"Guilford",36.1090060008986,-79.802314,51,NA
"6139","Mendenhall School",2018-01-18,1,2018,"Guilford",36.1090060008986,-79.802314,34,NA
"6140","Mendenhall School",2018-01-19,1,2018,"Guilford",36.1090060008986,-79.802314,37,NA
"6141","Mendenhall School",2018-01-20,1,2018,"Guilford",36.1090060008986,-79.802314,38,NA
"6142","Mendenhall School",2018-01-21,1,2018,"Guilford",36.1090060008986,-79.802314,34,NA
"6143","Mendenhall School",2018-01-22,1,2018,"Guilford",36.1090060008986,-79.802314,51,NA
"6144","Mendenhall School",2018-01-23,1,2018,"Guilford",36.1090060008986,-79.802314,19,NA
"6145","Mendenhall School",2018-01-24,1,2018,"Guilford",36.1090060008986,-79.802314,13,NA
"6146","Mendenhall School",2018-01-25,1,2018,"Guilford",36.1090060008986,-79.802314,27,NA
"6147","Mendenhall School",2018-01-26,1,2018,"Guilford",36.1090060008986,-79.802314,56,NA
"6148","Mendenhall School",2018-01-27,1,2018,"Guilford",36.1090060008986,-79.802314,55,NA
"6149","Mendenhall School",2018-01-28,1,2018,"Guilford",36.1090060008986,-79.802314,46,NA
"6150","Mendenhall School",2018-01-29,1,2018,"Guilford",36.1090060008986,-79.802314,15,NA
"6151","Mendenhall School",2018-01-30,1,2018,"Guilford",36.1090060008986,-79.802314,20,NA
"6152","Mendenhall School",2018-01-31,1,2018,"Guilford",36.1090060008986,-79.802314,26,NA
"6153","Mendenhall School",2018-02-01,2,2018,"Guilford",36.1090060008986,-79.802314,41,NA
"6154","Mendenhall School",2018-02-02,2,2018,"Guilford",36.1090060008986,-79.802314,13,NA
"6155","Mendenhall School",2018-02-03,2,2018,"Guilford",36.1090060008986,-79.802314,25,NA
"6156","Mendenhall School",2018-02-04,2,2018,"Guilford",36.1090060008986,-79.802314,36,NA
"6157","Mendenhall School",2018-02-05,2,2018,"Guilford",36.1090060008986,-79.802314,25,NA
"6158","Mendenhall School",2018-02-06,2,2018,"Guilford",36.1090060008986,-79.802314,38,NA
"6159","Mendenhall School",2018-02-07,2,2018,"Guilford",36.1090060008986,-79.802314,27,NA
"6160","Mendenhall School",2018-02-08,2,2018,"Guilford",36.1090060008986,-79.802314,27,NA
"6161","Mendenhall School",2018-02-09,2,2018,"Guilford",36.1090060008986,-79.802314,54,NA
"6162","Mendenhall School",2018-02-10,2,2018,"Guilford",36.1090060008986,-79.802314,49,NA
"6163","Mendenhall School",2018-02-11,2,2018,"Guilford",36.1090060008986,-79.802314,18,NA
"6164","Mendenhall School",2018-02-12,2,2018,"Guilford",36.1090060008986,-79.802314,13,NA
"6165","Mendenhall School",2018-02-13,2,2018,"Guilford",36.1090060008986,-79.802314,26,NA
"6166","Mendenhall School",2018-02-14,2,2018,"Guilford",36.1090060008986,-79.802314,45,NA
"6167","Mendenhall School",2018-02-15,2,2018,"Guilford",36.1090060008986,-79.802314,28,NA
"6168","Mendenhall School",2018-02-16,2,2018,"Guilford",36.1090060008986,-79.802314,18,NA
"6169","Mendenhall School",2018-02-17,2,2018,"Guilford",36.1090060008986,-79.802314,18,NA
"6170","Mendenhall School",2018-02-18,2,2018,"Guilford",36.1090060008986,-79.802314,22,NA
"6171","Mendenhall School",2018-02-19,2,2018,"Guilford",36.1090060008986,-79.802314,32,NA
"6172","Mendenhall School",2018-02-20,2,2018,"Guilford",36.1090060008986,-79.802314,40,NA
"6173","Mendenhall School",2018-02-21,2,2018,"Guilford",36.1090060008986,-79.802314,31,NA
"6174","Mendenhall School",2018-02-22,2,2018,"Guilford",36.1090060008986,-79.802314,34,NA
"6175","Mendenhall School",2018-02-23,2,2018,"Guilford",36.1090060008986,-79.802314,56,NA
"6176","Mendenhall School",2018-02-24,2,2018,"Guilford",36.1090060008986,-79.802314,49,NA
"6177","Mendenhall School",2018-02-25,2,2018,"Guilford",36.1090060008986,-79.802314,29,NA
"6178","Mendenhall School",2018-02-26,2,2018,"Guilford",36.1090060008986,-79.802314,19,NA
"6179","Mendenhall School",2018-02-27,2,2018,"Guilford",36.1090060008986,-79.802314,21,NA
"6180","Mendenhall School",2018-02-28,2,2018,"Guilford",36.1090060008986,-79.802314,45,NA
"6181","Mendenhall School",2018-03-01,3,2018,"Guilford",36.1090060008986,-79.802314,37,41
"6182","Mendenhall School",2018-03-02,3,2018,"Guilford",36.1090060008986,-79.802314,10,44
"6183","Mendenhall School",2018-03-03,3,2018,"Guilford",36.1090060008986,-79.802314,14,46
"6184","Mendenhall School",2018-03-04,3,2018,"Guilford",36.1090060008986,-79.802314,19,45
"6185","Mendenhall School",2018-03-05,3,2018,"Guilford",36.1090060008986,-79.802314,20,44
"6186","Mendenhall School",2018-03-06,3,2018,"Guilford",36.1090060008986,-79.802314,26,27
"6187","Mendenhall School",2018-03-07,3,2018,"Guilford",36.1090060008986,-79.802314,24,35
"6188","Mendenhall School",2018-03-08,3,2018,"Guilford",36.1090060008986,-79.802314,20,42
"6189","Mendenhall School",2018-03-09,3,2018,"Guilford",36.1090060008986,-79.802314,30,44
"6190","Mendenhall School",2018-03-10,3,2018,"Guilford",36.1090060008986,-79.802314,62,40
"6191","Mendenhall School",2018-03-11,3,2018,"Guilford",36.1090060008986,-79.802314,60,33
"6192","Mendenhall School",2018-03-12,3,2018,"Guilford",36.1090060008986,-79.802314,35,40
"6193","Mendenhall School",2018-03-13,3,2018,"Guilford",36.1090060008986,-79.802314,25,44
"6194","Mendenhall School",2018-03-14,3,2018,"Guilford",36.1090060008986,-79.802314,19,44
"6195","Mendenhall School",2018-03-15,3,2018,"Guilford",36.1090060008986,-79.802314,42,58
"6196","Mendenhall School",2018-03-16,3,2018,"Guilford",36.1090060008986,-79.802314,35,54
"6197","Mendenhall School",2018-03-17,3,2018,"Guilford",36.1090060008986,-79.802314,50,61
"6198","Mendenhall School",2018-03-18,3,2018,"Guilford",36.1090060008986,-79.802314,29,45
"6199","Mendenhall School",2018-03-19,3,2018,"Guilford",36.1090060008986,-79.802314,43,45
"6200","Mendenhall School",2018-03-20,3,2018,"Guilford",36.1090060008986,-79.802314,18,34
"6201","Mendenhall School",2018-03-21,3,2018,"Guilford",36.1090060008986,-79.802314,15,32
"6202","Mendenhall School",2018-03-22,3,2018,"Guilford",36.1090060008986,-79.802314,13,44
"6203","Mendenhall School",2018-03-23,3,2018,"Guilford",36.1090060008986,-79.802314,23,51
"6204","Mendenhall School",2018-03-24,3,2018,"Guilford",36.1090060008986,-79.802314,39,41
"6205","Mendenhall School",2018-03-25,3,2018,"Guilford",36.1090060008986,-79.802314,21,47
"6206","Mendenhall School",2018-03-26,3,2018,"Guilford",36.1090060008986,-79.802314,22,44
"6207","Mendenhall School",2018-03-27,3,2018,"Guilford",36.1090060008986,-79.802314,34,39
"6208","Mendenhall School",2018-03-28,3,2018,"Guilford",36.1090060008986,-79.802314,48,45
"6209","Mendenhall School",2018-03-29,3,2018,"Guilford",36.1090060008986,-79.802314,53,51
"6210","Mendenhall School",2018-03-30,3,2018,"Guilford",36.1090060008986,-79.802314,19,44
"6211","Mendenhall School",2018-03-31,3,2018,"Guilford",36.1090060008986,-79.802314,19,49
"6212","Mendenhall School",2018-04-01,4,2018,"Guilford",36.1090060008986,-79.802314,31,51
"6213","Mendenhall School",2018-04-02,4,2018,"Guilford",36.1090060008986,-79.802314,35,54
"6214","Mendenhall School",2018-04-03,4,2018,"Guilford",36.1090060008986,-79.802314,NA,44
"6215","Mendenhall School",2018-04-04,4,2018,"Guilford",36.1090060008986,-79.802314,NA,46
"6216","Mendenhall School",2018-04-05,4,2018,"Guilford",36.1090060008986,-79.802314,17,48
"6217","Mendenhall School",2018-04-06,4,2018,"Guilford",36.1090060008986,-79.802314,49,67
"6218","Mendenhall School",2018-04-07,4,2018,"Guilford",36.1090060008986,-79.802314,28,43
"6219","Mendenhall School",2018-04-08,4,2018,"Guilford",36.1090060008986,-79.802314,15,46
"6220","Mendenhall School",2018-04-09,4,2018,"Guilford",36.1090060008986,-79.802314,28,48
"6221","Mendenhall School",2018-04-10,4,2018,"Guilford",36.1090060008986,-79.802314,32,45
"6222","Mendenhall School",2018-04-11,4,2018,"Guilford",36.1090060008986,-79.802314,41,51
"6223","Mendenhall School",2018-04-12,4,2018,"Guilford",36.1090060008986,-79.802314,51,64
"6224","Mendenhall School",2018-04-13,4,2018,"Guilford",36.1090060008986,-79.802314,51,74
"6225","Mendenhall School",2018-04-14,4,2018,"Guilford",36.1090060008986,-79.802314,43,50
"6226","Mendenhall School",2018-04-15,4,2018,"Guilford",36.1090060008986,-79.802314,25,36
"6227","Mendenhall School",2018-04-16,4,2018,"Guilford",36.1090060008986,-79.802314,6,35
"6228","Mendenhall School",2018-04-17,4,2018,"Guilford",36.1090060008986,-79.802314,17,54
"6229","Mendenhall School",2018-04-18,4,2018,"Guilford",36.1090060008986,-79.802314,27,84
"6230","Mendenhall School",2018-04-19,4,2018,"Guilford",36.1090060008986,-79.802314,28,48
"6231","Mendenhall School",2018-04-20,4,2018,"Guilford",36.1090060008986,-79.802314,21,NA
"6232","Mendenhall School",2018-04-21,4,2018,"Guilford",36.1090060008986,-79.802314,30,NA
"6233","Mendenhall School",2018-04-22,4,2018,"Guilford",36.1090060008986,-79.802314,31,NA
"6234","Mendenhall School",2018-04-23,4,2018,"Guilford",36.1090060008986,-79.802314,21,43
"6235","Mendenhall School",2018-04-24,4,2018,"Guilford",36.1090060008986,-79.802314,8,38
"6236","Mendenhall School",2018-04-25,4,2018,"Guilford",36.1090060008986,-79.802314,8,38
"6237","Mendenhall School",2018-04-26,4,2018,"Guilford",36.1090060008986,-79.802314,14,46
"6238","Mendenhall School",2018-04-27,4,2018,"Guilford",36.1090060008986,-79.802314,20,45
"6239","Mendenhall School",2018-04-28,4,2018,"Guilford",36.1090060008986,-79.802314,33,74
"6240","Mendenhall School",2018-04-29,4,2018,"Guilford",36.1090060008986,-79.802314,16,45
"6241","Mendenhall School",2018-04-30,4,2018,"Guilford",36.1090060008986,-79.802314,21,61
"6242","Mendenhall School",2018-05-01,5,2018,"Guilford",36.1090060008986,-79.802314,31,80
"6243","Mendenhall School",2018-05-02,5,2018,"Guilford",36.1090060008986,-79.802314,43,105
"6244","Mendenhall School",2018-05-03,5,2018,"Guilford",36.1090060008986,-79.802314,43,90
"6245","Mendenhall School",2018-05-04,5,2018,"Guilford",36.1090060008986,-79.802314,43,93
"6246","Mendenhall School",2018-05-05,5,2018,"Guilford",36.1090060008986,-79.802314,52,43
"6247","Mendenhall School",2018-05-06,5,2018,"Guilford",36.1090060008986,-79.802314,42,38
"6248","Mendenhall School",2018-05-07,5,2018,"Guilford",36.1090060008986,-79.802314,23,47
"6249","Mendenhall School",2018-05-08,5,2018,"Guilford",36.1090060008986,-79.802314,NA,54
"6250","Mendenhall School",2018-05-09,5,2018,"Guilford",36.1090060008986,-79.802314,NA,87
"6251","Mendenhall School",2018-05-10,5,2018,"Guilford",36.1090060008986,-79.802314,NA,77
"6252","Mendenhall School",2018-05-11,5,2018,"Guilford",36.1090060008986,-79.802314,NA,77
"6253","Mendenhall School",2018-05-12,5,2018,"Guilford",36.1090060008986,-79.802314,52,100
"6254","Mendenhall School",2018-05-13,5,2018,"Guilford",36.1090060008986,-79.802314,57,80
"6255","Mendenhall School",2018-05-14,5,2018,"Guilford",36.1090060008986,-79.802314,57,87
"6256","Mendenhall School",2018-05-15,5,2018,"Guilford",36.1090060008986,-79.802314,29,28
"6257","Mendenhall School",2018-05-16,5,2018,"Guilford",36.1090060008986,-79.802314,22,30
"6258","Mendenhall School",2018-05-17,5,2018,"Guilford",36.1090060008986,-79.802314,20,31
"6259","Mendenhall School",2018-05-18,5,2018,"Guilford",36.1090060008986,-79.802314,22,27
"6260","Mendenhall School",2018-05-19,5,2018,"Guilford",36.1090060008986,-79.802314,13,26
"6261","Mendenhall School",2018-05-20,5,2018,"Guilford",36.1090060008986,-79.802314,34,45
"6262","Mendenhall School",2018-05-21,5,2018,"Guilford",36.1090060008986,-79.802314,33,40
"6263","Mendenhall School",2018-05-22,5,2018,"Guilford",36.1090060008986,-79.802314,37,40
"6264","Mendenhall School",2018-05-23,5,2018,"Guilford",36.1090060008986,-79.802314,28,43
"6265","Mendenhall School",2018-05-24,5,2018,"Guilford",36.1090060008986,-79.802314,29,42
"6266","Mendenhall School",2018-05-25,5,2018,"Guilford",36.1090060008986,-79.802314,31,33
"6267","Mendenhall School",2018-05-26,5,2018,"Guilford",36.1090060008986,-79.802314,23,28
"6268","Mendenhall School",2018-05-27,5,2018,"Guilford",36.1090060008986,-79.802314,26,26
"6269","Mendenhall School",2018-05-28,5,2018,"Guilford",36.1090060008986,-79.802314,14,19
"6270","Mendenhall School",2018-05-29,5,2018,"Guilford",36.1090060008986,-79.802314,13,18
"6271","Mendenhall School",2018-05-30,5,2018,"Guilford",36.1090060008986,-79.802314,24,28
"6272","Mendenhall School",2018-05-31,5,2018,"Guilford",36.1090060008986,-79.802314,30,42
"6273","Mendenhall School",2018-06-01,6,2018,"Guilford",36.1090060008986,-79.802314,25,50
"6274","Mendenhall School",2018-06-02,6,2018,"Guilford",36.1090060008986,-79.802314,22,42
"6275","Mendenhall School",2018-06-03,6,2018,"Guilford",36.1090060008986,-79.802314,28,45
"6276","Mendenhall School",2018-06-04,6,2018,"Guilford",36.1090060008986,-79.802314,18,67
"6277","Mendenhall School",2018-06-05,6,2018,"Guilford",36.1090060008986,-79.802314,25,87
"6278","Mendenhall School",2018-06-06,6,2018,"Guilford",36.1090060008986,-79.802314,36,80
"6279","Mendenhall School",2018-06-07,6,2018,"Guilford",36.1090060008986,-79.802314,43,74
"6280","Mendenhall School",2018-06-08,6,2018,"Guilford",36.1090060008986,-79.802314,52,71
"6281","Mendenhall School",2018-06-09,6,2018,"Guilford",36.1090060008986,-79.802314,46,58
"6282","Mendenhall School",2018-06-10,6,2018,"Guilford",36.1090060008986,-79.802314,43,71
"6283","Mendenhall School",2018-06-11,6,2018,"Guilford",36.1090060008986,-79.802314,36,40
"6284","Mendenhall School",2018-06-12,6,2018,"Guilford",36.1090060008986,-79.802314,29,30
"6285","Mendenhall School",2018-06-13,6,2018,"Guilford",36.1090060008986,-79.802314,32,58
"6286","Mendenhall School",2018-06-14,6,2018,"Guilford",36.1090060008986,-79.802314,36,58
"6287","Mendenhall School",2018-06-15,6,2018,"Guilford",36.1090060008986,-79.802314,33,64
"6288","Mendenhall School",2018-06-16,6,2018,"Guilford",36.1090060008986,-79.802314,55,67
"6289","Mendenhall School",2018-06-17,6,2018,"Guilford",36.1090060008986,-79.802314,50,67
"6290","Mendenhall School",2018-06-18,6,2018,"Guilford",36.1090060008986,-79.802314,53,47
"6291","Mendenhall School",2018-06-19,6,2018,"Guilford",36.1090060008986,-79.802314,53,61
"6292","Mendenhall School",2018-06-20,6,2018,"Guilford",36.1090060008986,-79.802314,43,44
"6293","Mendenhall School",2018-06-21,6,2018,"Guilford",36.1090060008986,-79.802314,39,39
"6294","Mendenhall School",2018-06-22,6,2018,"Guilford",36.1090060008986,-79.802314,28,48
"6295","Mendenhall School",2018-06-23,6,2018,"Guilford",36.1090060008986,-79.802314,25,46
"6296","Mendenhall School",2018-06-24,6,2018,"Guilford",36.1090060008986,-79.802314,28,44
"6297","Mendenhall School",2018-06-25,6,2018,"Guilford",36.1090060008986,-79.802314,29,40
"6298","Mendenhall School",2018-06-26,6,2018,"Guilford",36.1090060008986,-79.802314,13,28
"6299","Mendenhall School",2018-06-27,6,2018,"Guilford",36.1090060008986,-79.802314,26,47
"6300","Mendenhall School",2018-06-28,6,2018,"Guilford",36.1090060008986,-79.802314,23,45
"6301","Mendenhall School",2018-06-29,6,2018,"Guilford",36.1090060008986,-79.802314,40,50
"6302","Mendenhall School",2018-06-30,6,2018,"Guilford",36.1090060008986,-79.802314,48,64
"6303","Mendenhall School",2018-07-01,7,2018,"Guilford",36.1090060008986,-79.802314,34,40
"6304","Mendenhall School",2018-07-02,7,2018,"Guilford",36.1090060008986,-79.802314,27,43
"6305","Mendenhall School",2018-07-03,7,2018,"Guilford",36.1090060008986,-79.802314,48,44
"6306","Mendenhall School",2018-07-04,7,2018,"Guilford",36.1090060008986,-79.802314,44,33
"6307","Mendenhall School",2018-07-05,7,2018,"Guilford",36.1090060008986,-79.802314,23,30
"6308","Mendenhall School",2018-07-06,7,2018,"Guilford",36.1090060008986,-79.802314,21,39
"6309","Mendenhall School",2018-07-07,7,2018,"Guilford",36.1090060008986,-79.802314,21,32
"6310","Mendenhall School",2018-07-08,7,2018,"Guilford",36.1090060008986,-79.802314,14,44
"6311","Mendenhall School",2018-07-09,7,2018,"Guilford",36.1090060008986,-79.802314,22,46
"6312","Mendenhall School",2018-07-10,7,2018,"Guilford",36.1090060008986,-79.802314,40,58
"6313","Mendenhall School",2018-07-11,7,2018,"Guilford",36.1090060008986,-79.802314,48,67
"6314","Mendenhall School",2018-07-12,7,2018,"Guilford",36.1090060008986,-79.802314,54,67
"6315","Mendenhall School",2018-07-13,7,2018,"Guilford",36.1090060008986,-79.802314,48,54
"6316","Mendenhall School",2018-07-14,7,2018,"Guilford",36.1090060008986,-79.802314,41,50
"6317","Mendenhall School",2018-07-15,7,2018,"Guilford",36.1090060008986,-79.802314,53,71
"6318","Mendenhall School",2018-07-16,7,2018,"Guilford",36.1090060008986,-79.802314,44,50
"6319","Mendenhall School",2018-07-17,7,2018,"Guilford",36.1090060008986,-79.802314,37,46
"6320","Mendenhall School",2018-07-18,7,2018,"Guilford",36.1090060008986,-79.802314,35,44
"6321","Mendenhall School",2018-07-19,7,2018,"Guilford",36.1090060008986,-79.802314,26,48
"6322","Mendenhall School",2018-07-20,7,2018,"Guilford",36.1090060008986,-79.802314,36,54
"6323","Mendenhall School",2018-07-21,7,2018,"Guilford",36.1090060008986,-79.802314,25,46
"6324","Mendenhall School",2018-07-22,7,2018,"Guilford",36.1090060008986,-79.802314,20,38
"6325","Mendenhall School",2018-07-23,7,2018,"Guilford",36.1090060008986,-79.802314,29,37
"6326","Mendenhall School",2018-07-24,7,2018,"Guilford",36.1090060008986,-79.802314,19,43
"6327","Mendenhall School",2018-07-25,7,2018,"Guilford",36.1090060008986,-79.802314,26,41
"6328","Mendenhall School",2018-07-26,7,2018,"Guilford",36.1090060008986,-79.802314,24,50
"6329","Mendenhall School",2018-07-27,7,2018,"Guilford",36.1090060008986,-79.802314,36,84
"6330","Mendenhall School",2018-07-28,7,2018,"Guilford",36.1090060008986,-79.802314,34,45
"6331","Mendenhall School",2018-07-29,7,2018,"Guilford",36.1090060008986,-79.802314,35,38
"6332","Mendenhall School",2018-07-30,7,2018,"Guilford",36.1090060008986,-79.802314,19,36
"6333","Mendenhall School",2018-07-31,7,2018,"Guilford",36.1090060008986,-79.802314,24,29
"6334","Mendenhall School",2018-08-01,8,2018,"Guilford",36.1090060008986,-79.802314,15,34
"6335","Mendenhall School",2018-08-02,8,2018,"Guilford",36.1090060008986,-79.802314,10,26
"6336","Mendenhall School",2018-08-03,8,2018,"Guilford",36.1090060008986,-79.802314,8,25
"6337","Mendenhall School",2018-08-04,8,2018,"Guilford",36.1090060008986,-79.802314,21,39
"6338","Mendenhall School",2018-08-05,8,2018,"Guilford",36.1090060008986,-79.802314,21,42
"6339","Mendenhall School",2018-08-06,8,2018,"Guilford",36.1090060008986,-79.802314,36,44
"6340","Mendenhall School",2018-08-07,8,2018,"Guilford",36.1090060008986,-79.802314,30,44
"6341","Mendenhall School",2018-08-08,8,2018,"Guilford",36.1090060008986,-79.802314,20,39
"6342","Mendenhall School",2018-08-09,8,2018,"Guilford",36.1090060008986,-79.802314,33,45
"6343","Mendenhall School",2018-08-10,8,2018,"Guilford",36.1090060008986,-79.802314,36,50
"6344","Mendenhall School",2018-08-11,8,2018,"Guilford",36.1090060008986,-79.802314,30,45
"6345","Mendenhall School",2018-08-12,8,2018,"Guilford",36.1090060008986,-79.802314,24,43
"6346","Mendenhall School",2018-08-13,8,2018,"Guilford",36.1090060008986,-79.802314,32,48
"6347","Mendenhall School",2018-08-14,8,2018,"Guilford",36.1090060008986,-79.802314,37,44
"6348","Mendenhall School",2018-08-15,8,2018,"Guilford",36.1090060008986,-79.802314,48,58
"6349","Mendenhall School",2018-08-16,8,2018,"Guilford",36.1090060008986,-79.802314,58,61
"6350","Mendenhall School",2018-08-17,8,2018,"Guilford",36.1090060008986,-79.802314,44,47
"6351","Mendenhall School",2018-08-18,8,2018,"Guilford",36.1090060008986,-79.802314,26,30
"6352","Mendenhall School",2018-08-19,8,2018,"Guilford",36.1090060008986,-79.802314,25,33
"6353","Mendenhall School",2018-08-20,8,2018,"Guilford",36.1090060008986,-79.802314,15,33
"6354","Mendenhall School",2018-08-21,8,2018,"Guilford",36.1090060008986,-79.802314,27,32
"6355","Mendenhall School",2018-08-22,8,2018,"Guilford",36.1090060008986,-79.802314,24,35
"6356","Mendenhall School",2018-08-23,8,2018,"Guilford",36.1090060008986,-79.802314,36,39
"6357","Mendenhall School",2018-08-24,8,2018,"Guilford",36.1090060008986,-79.802314,23,44
"6358","Mendenhall School",2018-08-25,8,2018,"Guilford",36.1090060008986,-79.802314,32,48
"6359","Mendenhall School",2018-08-26,8,2018,"Guilford",36.1090060008986,-79.802314,45,49
"6360","Mendenhall School",2018-08-27,8,2018,"Guilford",36.1090060008986,-79.802314,57,54
"6361","Mendenhall School",2018-08-28,8,2018,"Guilford",36.1090060008986,-79.802314,55,64
"6362","Mendenhall School",2018-08-29,8,2018,"Guilford",36.1090060008986,-79.802314,52,58
"6363","Mendenhall School",2018-08-30,8,2018,"Guilford",36.1090060008986,-79.802314,49,NA
"6364","Mendenhall School",2018-08-31,8,2018,"Guilford",36.1090060008986,-79.802314,25,67
"6365","Mendenhall School",2018-09-01,9,2018,"Guilford",36.1090060008986,-79.802314,26,42
"6366","Mendenhall School",2018-09-02,9,2018,"Guilford",36.1090060008986,-79.802314,32,32
"6367","Mendenhall School",2018-09-03,9,2018,"Guilford",36.1090060008986,-79.802314,NA,37
"6368","Mendenhall School",2018-09-04,9,2018,"Guilford",36.1090060008986,-79.802314,NA,37
"6369","Mendenhall School",2018-09-05,9,2018,"Guilford",36.1090060008986,-79.802314,33,40
"6370","Mendenhall School",2018-09-06,9,2018,"Guilford",36.1090060008986,-79.802314,35,47
"6371","Mendenhall School",2018-09-07,9,2018,"Guilford",36.1090060008986,-79.802314,39,41
"6372","Mendenhall School",2018-09-08,9,2018,"Guilford",36.1090060008986,-79.802314,42,36
"6373","Mendenhall School",2018-09-09,9,2018,"Guilford",36.1090060008986,-79.802314,10,13
"6374","Mendenhall School",2018-09-10,9,2018,"Guilford",36.1090060008986,-79.802314,15,16
"6375","Mendenhall School",2018-09-11,9,2018,"Guilford",36.1090060008986,-79.802314,11,33
"6376","Mendenhall School",2018-09-12,9,2018,"Guilford",36.1090060008986,-79.802314,20,19
"6377","Mendenhall School",2018-09-20,9,2018,"Guilford",36.1090060008986,-79.802314,50,71
"6378","Mendenhall School",2018-09-21,9,2018,"Guilford",36.1090060008986,-79.802314,51,48
"6379","Mendenhall School",2018-09-22,9,2018,"Guilford",36.1090060008986,-79.802314,47,48
"6380","Mendenhall School",2018-09-23,9,2018,"Guilford",36.1090060008986,-79.802314,15,20
"6381","Mendenhall School",2018-09-24,9,2018,"Guilford",36.1090060008986,-79.802314,15,17
"6382","Mendenhall School",2018-09-25,9,2018,"Guilford",36.1090060008986,-79.802314,23,36
"6383","Mendenhall School",2018-09-26,9,2018,"Guilford",36.1090060008986,-79.802314,25,41
"6384","Mendenhall School",2018-09-27,9,2018,"Guilford",36.1090060008986,-79.802314,21,25
"6385","Mendenhall School",2018-09-28,9,2018,"Guilford",36.1090060008986,-79.802314,9,26
"6386","Mendenhall School",2018-09-29,9,2018,"Guilford",36.1090060008986,-79.802314,12,35
"6387","Mendenhall School",2018-09-30,9,2018,"Guilford",36.1090060008986,-79.802314,23,34
"6388","Mendenhall School",2018-10-01,10,2018,"Guilford",36.1090060008986,-79.802314,30,49
"6389","Mendenhall School",2018-10-02,10,2018,"Guilford",36.1090060008986,-79.802314,40,49
"6390","Mendenhall School",2018-10-03,10,2018,"Guilford",36.1090060008986,-79.802314,33,39
"6391","Mendenhall School",2018-10-04,10,2018,"Guilford",36.1090060008986,-79.802314,33,39
"6392","Mendenhall School",2018-10-05,10,2018,"Guilford",36.1090060008986,-79.802314,33,38
"6393","Mendenhall School",2018-10-06,10,2018,"Guilford",36.1090060008986,-79.802314,36,30
"6394","Mendenhall School",2018-10-07,10,2018,"Guilford",36.1090060008986,-79.802314,37,38
"6395","Mendenhall School",2018-10-08,10,2018,"Guilford",36.1090060008986,-79.802314,29,31
"6396","Mendenhall School",2018-10-09,10,2018,"Guilford",36.1090060008986,-79.802314,12,29
"6397","Mendenhall School",2018-10-10,10,2018,"Guilford",36.1090060008986,-79.802314,15,16
"6398","Mendenhall School",2018-10-14,10,2018,"Guilford",36.1090060008986,-79.802314,20,NA
"6399","Mendenhall School",2018-10-15,10,2018,"Guilford",36.1090060008986,-79.802314,31,NA
"6400","Mendenhall School",2018-10-16,10,2018,"Guilford",36.1090060008986,-79.802314,18,19
"6401","Mendenhall School",2018-10-17,10,2018,"Guilford",36.1090060008986,-79.802314,10,34
"6402","Mendenhall School",2018-10-18,10,2018,"Guilford",36.1090060008986,-79.802314,14,36
"6403","Mendenhall School",2018-10-19,10,2018,"Guilford",36.1090060008986,-79.802314,33,42
"6404","Mendenhall School",2018-10-20,10,2018,"Guilford",36.1090060008986,-79.802314,27,28
"6405","Mendenhall School",2018-10-21,10,2018,"Guilford",36.1090060008986,-79.802314,19,NA
"6406","Mendenhall School",2018-10-22,10,2018,"Guilford",36.1090060008986,-79.802314,16,NA
"6407","Mendenhall School",2018-10-23,10,2018,"Guilford",36.1090060008986,-79.802314,25,NA
"6408","Mendenhall School",2018-10-24,10,2018,"Guilford",36.1090060008986,-79.802314,16,35
"6409","Mendenhall School",2018-10-25,10,2018,"Guilford",36.1090060008986,-79.802314,19,25
"6410","Mendenhall School",2018-10-26,10,2018,"Guilford",36.1090060008986,-79.802314,17,25
"6411","Mendenhall School",2018-10-27,10,2018,"Guilford",36.1090060008986,-79.802314,5,21
"6412","Mendenhall School",2018-10-28,10,2018,"Guilford",36.1090060008986,-79.802314,14,38
"6413","Mendenhall School",2018-10-29,10,2018,"Guilford",36.1090060008986,-79.802314,10,35
"6414","Mendenhall School",2018-10-30,10,2018,"Guilford",36.1090060008986,-79.802314,18,38
"6415","Mendenhall School",2018-10-31,10,2018,"Guilford",36.1090060008986,-79.802314,38,44
"6416","Mendenhall School",2018-11-01,11,2018,"Guilford",36.1090060008986,-79.802314,25,NA
"6417","Mendenhall School",2018-11-02,11,2018,"Guilford",36.1090060008986,-79.802314,14,NA
"6418","Mendenhall School",2018-11-03,11,2018,"Guilford",36.1090060008986,-79.802314,33,NA
"6419","Mendenhall School",2018-11-04,11,2018,"Guilford",36.1090060008986,-79.802314,28,NA
"6420","Mendenhall School",2018-11-07,11,2018,"Guilford",36.1090060008986,-79.802314,18,NA
"6421","Mendenhall School",2018-11-08,11,2018,"Guilford",36.1090060008986,-79.802314,15,NA
"6422","Mendenhall School",2018-11-09,11,2018,"Guilford",36.1090060008986,-79.802314,17,NA
"6423","Mendenhall School",2018-11-10,11,2018,"Guilford",36.1090060008986,-79.802314,14,NA
"6424","Mendenhall School",2018-11-11,11,2018,"Guilford",36.1090060008986,-79.802314,32,NA
"6425","Mendenhall School",2018-11-12,11,2018,"Guilford",36.1090060008986,-79.802314,28,NA
"6426","Mendenhall School",2018-11-13,11,2018,"Guilford",36.1090060008986,-79.802314,8,NA
"6427","Mendenhall School",2018-11-14,11,2018,"Guilford",36.1090060008986,-79.802314,23,NA
"6428","Mendenhall School",2018-11-15,11,2018,"Guilford",36.1090060008986,-79.802314,5,NA
"6429","Mendenhall School",2018-11-16,11,2018,"Guilford",36.1090060008986,-79.802314,13,NA
"6430","Mendenhall School",2018-11-17,11,2018,"Guilford",36.1090060008986,-79.802314,49,NA
"6431","Mendenhall School",2018-11-18,11,2018,"Guilford",36.1090060008986,-79.802314,68,NA
"6432","Mendenhall School",2018-11-19,11,2018,"Guilford",36.1090060008986,-79.802314,57,NA
"6433","Mendenhall School",2018-11-20,11,2018,"Guilford",36.1090060008986,-79.802314,33,NA
"6434","Mendenhall School",2018-11-21,11,2018,"Guilford",36.1090060008986,-79.802314,30,NA
"6435","Mendenhall School",2018-11-22,11,2018,"Guilford",36.1090060008986,-79.802314,38,NA
"6436","Mendenhall School",2018-11-23,11,2018,"Guilford",36.1090060008986,-79.802314,19,NA
"6437","Mendenhall School",2018-11-24,11,2018,"Guilford",36.1090060008986,-79.802314,14,NA
"6438","Mendenhall School",2018-11-25,11,2018,"Guilford",36.1090060008986,-79.802314,34,NA
"6439","Mendenhall School",2018-11-26,11,2018,"Guilford",36.1090060008986,-79.802314,20,NA
"6440","Mendenhall School",2018-11-27,11,2018,"Guilford",36.1090060008986,-79.802314,3,NA
"6441","Mendenhall School",2018-11-28,11,2018,"Guilford",36.1090060008986,-79.802314,23,NA
"6442","Mendenhall School",2018-11-29,11,2018,"Guilford",36.1090060008986,-79.802314,28,NA
"6443","Mendenhall School",2018-11-30,11,2018,"Guilford",36.1090060008986,-79.802314,39,NA
"6444","Mendenhall School",2018-12-01,12,2018,"Guilford",36.1090060008986,-79.802314,52,NA
"6445","Mendenhall School",2018-12-02,12,2018,"Guilford",36.1090060008986,-79.802314,19,NA
"6446","Mendenhall School",2018-12-03,12,2018,"Guilford",36.1090060008986,-79.802314,21,NA
"6447","Mendenhall School",2018-12-04,12,2018,"Guilford",36.1090060008986,-79.802314,4,NA
"6448","Mendenhall School",2018-12-05,12,2018,"Guilford",36.1090060008986,-79.802314,5,NA
"6449","Mendenhall School",2018-12-06,12,2018,"Guilford",36.1090060008986,-79.802314,17,NA
"6450","Mendenhall School",2018-12-07,12,2018,"Guilford",36.1090060008986,-79.802314,38,NA
"6451","Mendenhall School",2018-12-08,12,2018,"Guilford",36.1090060008986,-79.802314,42,NA
"6452","Mendenhall School",2018-12-09,12,2018,"Guilford",36.1090060008986,-79.802314,18,NA
"6453","Mendenhall School",2018-12-10,12,2018,"Guilford",36.1090060008986,-79.802314,44,NA
"6454","Mendenhall School",2018-12-11,12,2018,"Guilford",36.1090060008986,-79.802314,52,NA
"6455","Mendenhall School",2018-12-12,12,2018,"Guilford",36.1090060008986,-79.802314,53,NA
"6456","Mendenhall School",2018-12-13,12,2018,"Guilford",36.1090060008986,-79.802314,68,NA
"6457","Mendenhall School",2018-12-14,12,2018,"Guilford",36.1090060008986,-79.802314,40,NA
"6458","Mendenhall School",2018-12-15,12,2018,"Guilford",36.1090060008986,-79.802314,4,NA
"6459","Mendenhall School",2018-12-16,12,2018,"Guilford",36.1090060008986,-79.802314,9,NA
"6460","Mendenhall School",2018-12-17,12,2018,"Guilford",36.1090060008986,-79.802314,2,NA
"6461","Mendenhall School",2018-12-18,12,2018,"Guilford",36.1090060008986,-79.802314,18,NA
"6462","Mendenhall School",2018-12-19,12,2018,"Guilford",36.1090060008986,-79.802314,44,NA
"6463","Mendenhall School",2018-12-20,12,2018,"Guilford",36.1090060008986,-79.802314,29,NA
"6464","Mendenhall School",2018-12-21,12,2018,"Guilford",36.1090060008986,-79.802314,7,NA
"6465","Mendenhall School",2018-12-22,12,2018,"Guilford",36.1090060008986,-79.802314,9,NA
"6466","Mendenhall School",2018-12-23,12,2018,"Guilford",36.1090060008986,-79.802314,26,NA
"6467","Mendenhall School",2018-12-24,12,2018,"Guilford",36.1090060008986,-79.802314,21,NA
"6468","Mendenhall School",2018-12-25,12,2018,"Guilford",36.1090060008986,-79.802314,48,NA
"6469","Mendenhall School",2018-12-26,12,2018,"Guilford",36.1090060008986,-79.802314,55,NA
"6470","Mendenhall School",2018-12-27,12,2018,"Guilford",36.1090060008986,-79.802314,44,NA
"6471","Mendenhall School",2018-12-28,12,2018,"Guilford",36.1090060008986,-79.802314,9,NA
"6472","Mendenhall School",2018-12-29,12,2018,"Guilford",36.1090060008986,-79.802314,24,NA
"6473","Mendenhall School",2018-12-30,12,2018,"Guilford",36.1090060008986,-79.802314,38,NA
"6474","Mendenhall School",2018-12-31,12,2018,"Guilford",36.1090060008986,-79.802314,23,NA
"6475","Mendenhall School",2019-01-01,1,2019,"Guilford",36.1090060008986,-79.802314,13,NA
"6476","Mendenhall School",2019-01-02,1,2019,"Guilford",36.1090060008986,-79.802314,11,NA
"6477","Mendenhall School",2019-01-03,1,2019,"Guilford",36.1090060008986,-79.802314,20,NA
"6478","Mendenhall School",2019-01-04,1,2019,"Guilford",36.1090060008986,-79.802314,18,NA
"6479","Mendenhall School",2019-01-05,1,2019,"Guilford",36.1090060008986,-79.802314,5,NA
"6480","Mendenhall School",2019-01-06,1,2019,"Guilford",36.1090060008986,-79.802314,13,NA
"6481","Mendenhall School",2019-01-07,1,2019,"Guilford",36.1090060008986,-79.802314,22,NA
"6482","Mendenhall School",2019-01-08,1,2019,"Guilford",36.1090060008986,-79.802314,31,NA
"6483","Mendenhall School",2019-01-09,1,2019,"Guilford",36.1090060008986,-79.802314,5,NA
"6484","Mendenhall School",2019-01-10,1,2019,"Guilford",36.1090060008986,-79.802314,6,NA
"6485","Mendenhall School",2019-01-11,1,2019,"Guilford",36.1090060008986,-79.802314,25,NA
"6486","Mendenhall School",2019-01-12,1,2019,"Guilford",36.1090060008986,-79.802314,40,NA
"6487","Mendenhall School",2019-01-13,1,2019,"Guilford",36.1090060008986,-79.802314,5,NA
"6488","Mendenhall School",2019-01-14,1,2019,"Guilford",36.1090060008986,-79.802314,21,NA
"6489","Mendenhall School",2019-01-15,1,2019,"Guilford",36.1090060008986,-79.802314,30,NA
"6490","Mendenhall School",2019-01-16,1,2019,"Guilford",36.1090060008986,-79.802314,31,NA
"6491","Mendenhall School",2019-01-17,1,2019,"Guilford",36.1090060008986,-79.802314,36,NA
"6492","Mendenhall School",2019-01-18,1,2019,"Guilford",36.1090060008986,-79.802314,46,NA
"6493","Mendenhall School",2019-01-19,1,2019,"Guilford",36.1090060008986,-79.802314,30,NA
"6494","Mendenhall School",2019-01-20,1,2019,"Guilford",36.1090060008986,-79.802314,5,NA
"6495","Mendenhall School",2019-01-21,1,2019,"Guilford",36.1090060008986,-79.802314,13,NA
"6496","Mendenhall School",2019-01-22,1,2019,"Guilford",36.1090060008986,-79.802314,13,NA
"6497","Mendenhall School",2019-01-23,1,2019,"Guilford",36.1090060008986,-79.802314,32,NA
"6498","Mendenhall School",2019-01-24,1,2019,"Guilford",36.1090060008986,-79.802314,3,NA
"6499","Mendenhall School",2019-01-25,1,2019,"Guilford",36.1090060008986,-79.802314,27,NA
"6500","Mendenhall School",2019-01-26,1,2019,"Guilford",36.1090060008986,-79.802314,45,NA
"6501","Mendenhall School",2019-01-27,1,2019,"Guilford",36.1090060008986,-79.802314,50,NA
"6502","Mendenhall School",2019-01-28,1,2019,"Guilford",36.1090060008986,-79.802314,21,NA
"6503","Mendenhall School",2019-01-29,1,2019,"Guilford",36.1090060008986,-79.802314,31,NA
"6504","Mendenhall School",2019-01-30,1,2019,"Guilford",36.1090060008986,-79.802314,9,NA
"6505","Mendenhall School",2019-01-31,1,2019,"Guilford",36.1090060008986,-79.802314,25,NA
"6506","Mendenhall School",2019-02-01,2,2019,"Guilford",36.1090060008986,-79.802314,49,NA
"6507","Mendenhall School",2019-02-02,2,2019,"Guilford",36.1090060008986,-79.802314,52,NA
"6508","Mendenhall School",2019-02-03,2,2019,"Guilford",36.1090060008986,-79.802314,68,NA
"6509","Mendenhall School",2019-02-04,2,2019,"Guilford",36.1090060008986,-79.802314,47,NA
"6510","Mendenhall School",2019-02-05,2,2019,"Guilford",36.1090060008986,-79.802314,43,NA
"6511","Mendenhall School",2019-02-06,2,2019,"Guilford",36.1090060008986,-79.802314,38,NA
"6512","Mendenhall School",2019-02-07,2,2019,"Guilford",36.1090060008986,-79.802314,30,NA
"6513","Mendenhall School",2019-02-08,2,2019,"Guilford",36.1090060008986,-79.802314,24,NA
"6514","Mendenhall School",2019-02-09,2,2019,"Guilford",36.1090060008986,-79.802314,20,NA
"6515","Mendenhall School",2019-02-10,2,2019,"Guilford",36.1090060008986,-79.802314,29,NA
"6516","Mendenhall School",2019-02-11,2,2019,"Guilford",36.1090060008986,-79.802314,36,NA
"6517","Mendenhall School",2019-02-12,2,2019,"Guilford",36.1090060008986,-79.802314,5,NA
"6518","Mendenhall School",2019-02-13,2,2019,"Guilford",36.1090060008986,-79.802314,1,NA
"6519","Mendenhall School",2019-02-14,2,2019,"Guilford",36.1090060008986,-79.802314,9,NA
"6520","Mendenhall School",2019-02-15,2,2019,"Guilford",36.1090060008986,-79.802314,38,NA
"6521","Mendenhall School",2019-02-16,2,2019,"Guilford",36.1090060008986,-79.802314,14,NA
"6522","Mendenhall School",2019-02-17,2,2019,"Guilford",36.1090060008986,-79.802314,24,NA
"6523","Mendenhall School",2019-02-18,2,2019,"Guilford",36.1090060008986,-79.802314,8,NA
"6524","Mendenhall School",2019-02-19,2,2019,"Guilford",36.1090060008986,-79.802314,13,NA
"6525","Mendenhall School",2019-02-20,2,2019,"Guilford",36.1090060008986,-79.802314,7,NA
"6526","Mendenhall School",2019-02-21,2,2019,"Guilford",36.1090060008986,-79.802314,10,NA
"6527","Mendenhall School",2019-02-22,2,2019,"Guilford",36.1090060008986,-79.802314,12,NA
"6528","Mendenhall School",2019-02-23,2,2019,"Guilford",36.1090060008986,-79.802314,8,NA
"6529","Mendenhall School",2019-02-24,2,2019,"Guilford",36.1090060008986,-79.802314,5,44
"6530","Mendenhall School",2019-02-25,2,2019,"Guilford",36.1090060008986,-79.802314,4,43
"6531","Mendenhall School",2019-02-26,2,2019,"Guilford",36.1090060008986,-79.802314,19,44
"6532","Mendenhall School",2019-02-27,2,2019,"Guilford",36.1090060008986,-79.802314,33,28
"6533","Mendenhall School",2019-02-28,2,2019,"Guilford",36.1090060008986,-79.802314,44,44
"6534","Mendenhall School",2019-03-01,3,2019,"Guilford",36.1090060008986,-79.802314,15,26
"6535","Mendenhall School",2019-03-02,3,2019,"Guilford",36.1090060008986,-79.802314,13,37
"6536","Mendenhall School",2019-03-03,3,2019,"Guilford",36.1090060008986,-79.802314,23,25
"6537","Mendenhall School",2019-03-04,3,2019,"Guilford",36.1090060008986,-79.802314,21,40
"6538","Mendenhall School",2019-03-05,3,2019,"Guilford",36.1090060008986,-79.802314,8,41
"6539","Mendenhall School",2019-03-06,3,2019,"Guilford",36.1090060008986,-79.802314,15,42
"6540","Mendenhall School",2019-03-07,3,2019,"Guilford",36.1090060008986,-79.802314,NA,42
"6541","Mendenhall School",2019-03-08,3,2019,"Guilford",36.1090060008986,-79.802314,NA,31
"6542","Mendenhall School",2019-03-09,3,2019,"Guilford",36.1090060008986,-79.802314,44,22
"6543","Mendenhall School",2019-03-10,3,2019,"Guilford",36.1090060008986,-79.802314,28,26
"6544","Mendenhall School",2019-03-11,3,2019,"Guilford",36.1090060008986,-79.802314,12,42
"6545","Mendenhall School",2019-03-12,3,2019,"Guilford",36.1090060008986,-79.802314,15,47
"6546","Mendenhall School",2019-03-13,3,2019,"Guilford",36.1090060008986,-79.802314,38,51
"6547","Mendenhall School",2019-03-14,3,2019,"Guilford",36.1090060008986,-79.802314,31,49
"6548","Mendenhall School",2019-03-15,3,2019,"Guilford",36.1090060008986,-79.802314,25,38
"6549","Mendenhall School",2019-03-16,3,2019,"Guilford",36.1090060008986,-79.802314,13,44
"6550","Mendenhall School",2019-03-17,3,2019,"Guilford",36.1090060008986,-79.802314,17,46
"6551","Mendenhall School",2019-03-18,3,2019,"Guilford",36.1090060008986,-79.802314,21,46
"6552","Mendenhall School",2019-03-19,3,2019,"Guilford",36.1090060008986,-79.802314,22,48
"6553","Mendenhall School",2019-03-20,3,2019,"Guilford",36.1090060008986,-79.802314,25,50
"6554","Mendenhall School",2019-03-21,3,2019,"Guilford",36.1090060008986,-79.802314,16,50
"6555","Mendenhall School",2019-03-22,3,2019,"Guilford",36.1090060008986,-79.802314,13,46
"6556","Mendenhall School",2019-03-23,3,2019,"Guilford",36.1090060008986,-79.802314,20,48
"6557","Mendenhall School",2019-03-24,3,2019,"Guilford",36.1090060008986,-79.802314,37,77
"6558","Mendenhall School",2019-03-25,3,2019,"Guilford",36.1090060008986,-79.802314,49,45
"6559","Mendenhall School",2019-03-26,3,2019,"Guilford",36.1090060008986,-79.802314,24,44
"6560","Mendenhall School",2019-03-27,3,2019,"Guilford",36.1090060008986,-79.802314,13,47
"6561","Mendenhall School",2019-03-28,3,2019,"Guilford",36.1090060008986,-79.802314,22,58
"6562","Mendenhall School",2019-03-29,3,2019,"Guilford",36.1090060008986,-79.802314,50,84
"6563","Mendenhall School",2019-03-30,3,2019,"Guilford",36.1090060008986,-79.802314,55,67
"6564","Mendenhall School",2019-03-31,3,2019,"Guilford",36.1090060008986,-79.802314,19,42
"6565","Mendenhall School",2019-04-01,4,2019,"Guilford",36.1090060008986,-79.802314,8,45
"6566","Mendenhall School",2019-04-02,4,2019,"Guilford",36.1090060008986,-79.802314,24,43
"6567","Mendenhall School",2019-04-03,4,2019,"Guilford",36.1090060008986,-79.802314,30,61
"6568","Mendenhall School",2019-04-04,4,2019,"Guilford",36.1090060008986,-79.802314,32,77
"6569","Mendenhall School",2019-04-05,4,2019,"Guilford",36.1090060008986,-79.802314,20,38
"6570","Mendenhall School",2019-04-06,4,2019,"Guilford",36.1090060008986,-79.802314,14,46
"6571","Mendenhall School",2019-04-07,4,2019,"Guilford",36.1090060008986,-79.802314,35,37
"6572","Mendenhall School",2019-04-08,4,2019,"Guilford",36.1090060008986,-79.802314,30,36
"6573","Mendenhall School",2019-04-09,4,2019,"Guilford",36.1090060008986,-79.802314,17,42
"6574","Mendenhall School",2019-04-10,4,2019,"Guilford",36.1090060008986,-79.802314,13,71
"6575","Mendenhall School",2019-04-11,4,2019,"Guilford",36.1090060008986,-79.802314,31,54
"6576","Mendenhall School",2019-04-12,4,2019,"Guilford",36.1090060008986,-79.802314,23,29
"6577","Mendenhall School",2019-04-13,4,2019,"Guilford",36.1090060008986,-79.802314,20,30
"6578","Mendenhall School",2019-04-14,4,2019,"Guilford",36.1090060008986,-79.802314,24,34
"6579","Mendenhall School",2019-04-15,4,2019,"Guilford",36.1090060008986,-79.802314,8,47
"6580","Mendenhall School",2019-04-16,4,2019,"Guilford",36.1090060008986,-79.802314,8,61
"6581","Mendenhall School",2019-04-17,4,2019,"Guilford",36.1090060008986,-79.802314,36,80
"6582","Mendenhall School",2019-04-18,4,2019,"Guilford",36.1090060008986,-79.802314,42,50
"6583","Mendenhall School",2019-04-19,4,2019,"Guilford",36.1090060008986,-79.802314,22,35
"6584","Mendenhall School",2019-04-20,4,2019,"Guilford",36.1090060008986,-79.802314,4,34
"6585","Mendenhall School",2019-04-21,4,2019,"Guilford",36.1090060008986,-79.802314,7,31
"6586","Mendenhall School",2019-04-22,4,2019,"Guilford",36.1090060008986,-79.802314,10,42
"6587","Mendenhall School",2019-04-23,4,2019,"Guilford",36.1090060008986,-79.802314,28,64
"6588","Mendenhall School",2019-04-24,4,2019,"Guilford",36.1090060008986,-79.802314,32,58
"6589","Mendenhall School",2019-04-25,4,2019,"Guilford",36.1090060008986,-79.802314,50,50
"6590","Mendenhall School",2019-04-26,4,2019,"Guilford",36.1090060008986,-79.802314,31,43
"6591","Mendenhall School",2019-04-27,4,2019,"Guilford",36.1090060008986,-79.802314,21,58
"6592","Mendenhall School",2019-04-28,4,2019,"Guilford",36.1090060008986,-79.802314,38,51
"6593","Mendenhall School",2019-04-29,4,2019,"Guilford",36.1090060008986,-79.802314,25,35
"6594","Mendenhall School",2019-04-30,4,2019,"Guilford",36.1090060008986,-79.802314,51,77
"6595","Mendenhall School",2019-05-01,5,2019,"Guilford",36.1090060008986,-79.802314,41,39
"6596","Mendenhall School",2019-05-02,5,2019,"Guilford",36.1090060008986,-79.802314,32,44
"6597","Mendenhall School",2019-05-03,5,2019,"Guilford",36.1090060008986,-79.802314,28,34
"6598","Mendenhall School",2019-05-04,5,2019,"Guilford",36.1090060008986,-79.802314,26,44
"6599","Mendenhall School",2019-05-05,5,2019,"Guilford",36.1090060008986,-79.802314,13,27
"6600","Mendenhall School",2019-05-06,5,2019,"Guilford",36.1090060008986,-79.802314,7,42
"6601","Mendenhall School",2019-05-07,5,2019,"Guilford",36.1090060008986,-79.802314,26,45
"6602","Mendenhall School",2019-05-08,5,2019,"Guilford",36.1090060008986,-79.802314,34,44
"6603","Mendenhall School",2019-05-09,5,2019,"Guilford",36.1090060008986,-79.802314,22,44
"6604","Mendenhall School",2019-05-10,5,2019,"Guilford",36.1090060008986,-79.802314,18,38
"6605","Mendenhall School",2019-05-11,5,2019,"Guilford",36.1090060008986,-79.802314,25,28
"6606","Mendenhall School",2019-05-12,5,2019,"Guilford",36.1090060008986,-79.802314,18,32
"6607","Mendenhall School",2019-05-13,5,2019,"Guilford",36.1090060008986,-79.802314,10,38
"6608","Mendenhall School",2019-05-14,5,2019,"Guilford",36.1090060008986,-79.802314,11,41
"6609","Mendenhall School",2019-05-15,5,2019,"Guilford",36.1090060008986,-79.802314,20,50
"6610","Mendenhall School",2019-05-16,5,2019,"Guilford",36.1090060008986,-79.802314,28,67
"6611","Mendenhall School",2019-05-17,5,2019,"Guilford",36.1090060008986,-79.802314,46,61
"6612","Mendenhall School",2019-05-18,5,2019,"Guilford",36.1090060008986,-79.802314,39,77
"6613","Mendenhall School",2019-05-19,5,2019,"Guilford",36.1090060008986,-79.802314,52,48
"6614","Mendenhall School",2019-05-20,5,2019,"Guilford",36.1090060008986,-79.802314,38,49
"6615","Mendenhall School",2019-05-21,5,2019,"Guilford",36.1090060008986,-79.802314,25,61
"6616","Mendenhall School",2019-05-22,5,2019,"Guilford",36.1090060008986,-79.802314,33,49
"6617","Mendenhall School",2019-05-23,5,2019,"Guilford",36.1090060008986,-79.802314,48,45
"6618","Mendenhall School",2019-05-24,5,2019,"Guilford",36.1090060008986,-79.802314,NA,43
"6619","Mendenhall School",2019-05-25,5,2019,"Guilford",36.1090060008986,-79.802314,NA,50
"6620","Mendenhall School",2019-05-26,5,2019,"Guilford",36.1090060008986,-79.802314,NA,44
"6621","Mendenhall School",2019-05-27,5,2019,"Guilford",36.1090060008986,-79.802314,NA,44
"6622","Mendenhall School",2019-05-28,5,2019,"Guilford",36.1090060008986,-79.802314,NA,71
"6623","Mendenhall School",2019-05-29,5,2019,"Guilford",36.1090060008986,-79.802314,38,43
"6624","Mendenhall School",2019-05-30,5,2019,"Guilford",36.1090060008986,-79.802314,48,67
"6625","Mendenhall School",2019-05-31,5,2019,"Guilford",36.1090060008986,-79.802314,35,45
"6626","Mendenhall School",2019-06-01,6,2019,"Guilford",36.1090060008986,-79.802314,34,48
"6627","Mendenhall School",2019-06-02,6,2019,"Guilford",36.1090060008986,-79.802314,42,67
"6628","Mendenhall School",2019-06-03,6,2019,"Guilford",36.1090060008986,-79.802314,42,45
"6629","Mendenhall School",2019-06-04,6,2019,"Guilford",36.1090060008986,-79.802314,30,61
"6630","Mendenhall School",2019-06-05,6,2019,"Guilford",36.1090060008986,-79.802314,53,46
"6631","Mendenhall School",2019-06-06,6,2019,"Guilford",36.1090060008986,-79.802314,56,58
"6632","Mendenhall School",2019-06-07,6,2019,"Guilford",36.1090060008986,-79.802314,28,25
"6633","Mendenhall School",2019-06-08,6,2019,"Guilford",36.1090060008986,-79.802314,13,32
"6634","Mendenhall School",2019-06-09,6,2019,"Guilford",36.1090060008986,-79.802314,22,21
"6635","Mendenhall School",2019-06-10,6,2019,"Guilford",36.1090060008986,-79.802314,19,40
"6636","Mendenhall School",2019-06-11,6,2019,"Guilford",36.1090060008986,-79.802314,14,40
"6637","Mendenhall School",2019-06-12,6,2019,"Guilford",36.1090060008986,-79.802314,16,37
"6638","Mendenhall School",2019-06-13,6,2019,"Guilford",36.1090060008986,-79.802314,11,46
"6639","Mendenhall School",2019-06-14,6,2019,"Guilford",36.1090060008986,-79.802314,18,44
"6640","Mendenhall School",2019-06-15,6,2019,"Guilford",36.1090060008986,-79.802314,28,64
"6641","Mendenhall School",2019-06-16,6,2019,"Guilford",36.1090060008986,-79.802314,40,46
"6642","Mendenhall School",2019-06-17,6,2019,"Guilford",36.1090060008986,-79.802314,45,48
"6643","Mendenhall School",2019-06-18,6,2019,"Guilford",36.1090060008986,-79.802314,18,33
"6644","Mendenhall School",2019-06-19,6,2019,"Guilford",36.1090060008986,-79.802314,22,35
"6645","Mendenhall School",2019-06-20,6,2019,"Guilford",36.1090060008986,-79.802314,34,45
"6646","Mendenhall School",2019-06-21,6,2019,"Guilford",36.1090060008986,-79.802314,18,44
"6647","Mendenhall School",2019-06-22,6,2019,"Guilford",36.1090060008986,-79.802314,29,41
"6648","Mendenhall School",2019-06-23,6,2019,"Guilford",36.1090060008986,-79.802314,36,42
"6649","Mendenhall School",2019-06-24,6,2019,"Guilford",36.1090060008986,-79.802314,52,44
"6650","Mendenhall School",2019-06-25,6,2019,"Guilford",36.1090060008986,-79.802314,21,41
"6651","Mendenhall School",2019-06-26,6,2019,"Guilford",36.1090060008986,-79.802314,27,47
"6652","Mendenhall School",2019-06-27,6,2019,"Guilford",36.1090060008986,-79.802314,35,49
"6653","Mendenhall School",2019-06-28,6,2019,"Guilford",36.1090060008986,-79.802314,52,80
"6654","Mendenhall School",2019-06-29,6,2019,"Guilford",36.1090060008986,-79.802314,52,90
"6655","Mendenhall School",2019-06-30,6,2019,"Guilford",36.1090060008986,-79.802314,43,45
"6656","Mendenhall School",2019-07-01,7,2019,"Guilford",36.1090060008986,-79.802314,45,49
"6657","Mendenhall School",2019-07-02,7,2019,"Guilford",36.1090060008986,-79.802314,38,71
"6658","Mendenhall School",2019-07-03,7,2019,"Guilford",36.1090060008986,-79.802314,35,49
"6659","Mendenhall School",2019-07-04,7,2019,"Guilford",36.1090060008986,-79.802314,38,39
"6660","Mendenhall School",2019-07-05,7,2019,"Guilford",36.1090060008986,-79.802314,37,45
"6661","Mendenhall School",2019-07-06,7,2019,"Guilford",36.1090060008986,-79.802314,45,42
"6662","Mendenhall School",2019-07-07,7,2019,"Guilford",36.1090060008986,-79.802314,35,38
"6663","Mendenhall School",2019-07-08,7,2019,"Guilford",36.1090060008986,-79.802314,NA,34
"6664","Mendenhall School",2019-07-09,7,2019,"Guilford",36.1090060008986,-79.802314,NA,33
"6665","Mendenhall School",2019-07-10,7,2019,"Guilford",36.1090060008986,-79.802314,28,36
"6666","Mendenhall School",2019-07-11,7,2019,"Guilford",36.1090060008986,-79.802314,31,43
"6667","Mendenhall School",2019-07-12,7,2019,"Guilford",36.1090060008986,-79.802314,30,48
"6668","Mendenhall School",2019-07-13,7,2019,"Guilford",36.1090060008986,-79.802314,38,49
"6669","Mendenhall School",2019-07-14,7,2019,"Guilford",36.1090060008986,-79.802314,38,45
"6670","Mendenhall School",2019-07-15,7,2019,"Guilford",36.1090060008986,-79.802314,47,64
"6671","Mendenhall School",2019-07-16,7,2019,"Guilford",36.1090060008986,-79.802314,52,71
"6672","Mendenhall School",2019-07-17,7,2019,"Guilford",36.1090060008986,-79.802314,56,41
"6673","Mendenhall School",2019-07-18,7,2019,"Guilford",36.1090060008986,-79.802314,22,41
"6674","Mendenhall School",2019-07-19,7,2019,"Guilford",36.1090060008986,-79.802314,34,49
"6675","Mendenhall School",2019-07-20,7,2019,"Guilford",36.1090060008986,-79.802314,28,39
"6676","Mendenhall School",2019-07-21,7,2019,"Guilford",36.1090060008986,-79.802314,33,44
"6677","Mendenhall School",2019-07-22,7,2019,"Guilford",36.1090060008986,-79.802314,21,44
"6678","Mendenhall School",2019-07-23,7,2019,"Guilford",36.1090060008986,-79.802314,14,29
"6679","Mendenhall School",2019-07-24,7,2019,"Guilford",36.1090060008986,-79.802314,27,41
"6680","Mendenhall School",2019-07-25,7,2019,"Guilford",36.1090060008986,-79.802314,24,44
"6681","Mendenhall School",2019-07-26,7,2019,"Guilford",36.1090060008986,-79.802314,38,50
"6682","Mendenhall School",2019-07-27,7,2019,"Guilford",36.1090060008986,-79.802314,48,64
"6683","Mendenhall School",2019-07-28,7,2019,"Guilford",36.1090060008986,-79.802314,51,64
"6684","Mendenhall School",2019-07-29,7,2019,"Guilford",36.1090060008986,-79.802314,52,80
"6685","Mendenhall School",2019-07-30,7,2019,"Guilford",36.1090060008986,-79.802314,47,80
"6686","Mendenhall School",2019-07-31,7,2019,"Guilford",36.1090060008986,-79.802314,39,51
"6687","Mendenhall School",2019-08-01,8,2019,"Guilford",36.1090060008986,-79.802314,39,61
"6688","Mendenhall School",2019-08-02,8,2019,"Guilford",36.1090060008986,-79.802314,22,49
"6689","Mendenhall School",2019-08-03,8,2019,"Guilford",36.1090060008986,-79.802314,33,43
"6690","Mendenhall School",2019-08-04,8,2019,"Guilford",36.1090060008986,-79.802314,39,44
"6691","Mendenhall School",2019-08-05,8,2019,"Guilford",36.1090060008986,-79.802314,43,54
"6692","Mendenhall School",2019-08-06,8,2019,"Guilford",36.1090060008986,-79.802314,44,54
"6693","Mendenhall School",2019-08-07,8,2019,"Guilford",36.1090060008986,-79.802314,37,50
"6694","Mendenhall School",2019-08-08,8,2019,"Guilford",36.1090060008986,-79.802314,28,49
"6695","Mendenhall School",2019-08-09,8,2019,"Guilford",36.1090060008986,-79.802314,38,47
"6696","Mendenhall School",2019-08-10,8,2019,"Guilford",36.1090060008986,-79.802314,40,46
"6697","Mendenhall School",2019-08-11,8,2019,"Guilford",36.1090060008986,-79.802314,40,41
"6698","Mendenhall School",2019-08-12,8,2019,"Guilford",36.1090060008986,-79.802314,42,44
"6699","Mendenhall School",2019-08-13,8,2019,"Guilford",36.1090060008986,-79.802314,45,50
"6700","Mendenhall School",2019-08-14,8,2019,"Guilford",36.1090060008986,-79.802314,30,48
"6701","Mendenhall School",2019-08-15,8,2019,"Guilford",36.1090060008986,-79.802314,42,67
"6702","Mendenhall School",2019-08-16,8,2019,"Guilford",36.1090060008986,-79.802314,31,45
"6703","Mendenhall School",2019-08-17,8,2019,"Guilford",36.1090060008986,-79.802314,30,44
"6704","Mendenhall School",2019-08-18,8,2019,"Guilford",36.1090060008986,-79.802314,34,51
"6705","Mendenhall School",2019-08-19,8,2019,"Guilford",36.1090060008986,-79.802314,33,74
"6706","Mendenhall School",2019-08-20,8,2019,"Guilford",36.1090060008986,-79.802314,31,40
"6707","Mendenhall School",2019-08-21,8,2019,"Guilford",36.1090060008986,-79.802314,24,49
"6708","Mendenhall School",2019-08-22,8,2019,"Guilford",36.1090060008986,-79.802314,29,45
"6709","Mendenhall School",2019-08-23,8,2019,"Guilford",36.1090060008986,-79.802314,21,44
"6710","Mendenhall School",2019-08-24,8,2019,"Guilford",36.1090060008986,-79.802314,13,23
"6711","Mendenhall School",2019-08-25,8,2019,"Guilford",36.1090060008986,-79.802314,18,31
"6712","Mendenhall School",2019-08-26,8,2019,"Guilford",36.1090060008986,-79.802314,14,31
"6713","Mendenhall School",2019-08-27,8,2019,"Guilford",36.1090060008986,-79.802314,18,28
"6714","Mendenhall School",2019-08-28,8,2019,"Guilford",36.1090060008986,-79.802314,22,32
"6715","Mendenhall School",2019-08-29,8,2019,"Guilford",36.1090060008986,-79.802314,20,44
"6716","Mendenhall School",2019-08-30,8,2019,"Guilford",36.1090060008986,-79.802314,29,46
"6717","Mendenhall School",2019-08-31,8,2019,"Guilford",36.1090060008986,-79.802314,32,74
"6718","Mendenhall School",2019-09-01,9,2019,"Guilford",36.1090060008986,-79.802314,28,37
"6719","Mendenhall School",2019-09-02,9,2019,"Guilford",36.1090060008986,-79.802314,18,36
"6720","Mendenhall School",2019-09-03,9,2019,"Guilford",36.1090060008986,-79.802314,29,41
"6721","Mendenhall School",2019-09-04,9,2019,"Guilford",36.1090060008986,-79.802314,32,47
"6722","Mendenhall School",2019-09-05,9,2019,"Guilford",36.1090060008986,-79.802314,25,36
"6723","Mendenhall School",2019-09-06,9,2019,"Guilford",36.1090060008986,-79.802314,30,44
"6724","Mendenhall School",2019-09-07,9,2019,"Guilford",36.1090060008986,-79.802314,26,46
"6725","Mendenhall School",2019-09-08,9,2019,"Guilford",36.1090060008986,-79.802314,38,54
"6726","Mendenhall School",2019-09-09,9,2019,"Guilford",36.1090060008986,-79.802314,56,47
"6727","Mendenhall School",2019-09-10,9,2019,"Guilford",36.1090060008986,-79.802314,52,54
"6728","Mendenhall School",2019-09-11,9,2019,"Guilford",36.1090060008986,-79.802314,53,84
"6729","Mendenhall School",2019-09-12,9,2019,"Guilford",36.1090060008986,-79.802314,42,50
"6730","Mendenhall School",2019-09-13,9,2019,"Guilford",36.1090060008986,-79.802314,36,31
"6731","Mendenhall School",2019-09-14,9,2019,"Guilford",36.1090060008986,-79.802314,26,33
"6732","Mendenhall School",2019-09-15,9,2019,"Guilford",36.1090060008986,-79.802314,36,41
"6733","Mendenhall School",2019-09-16,9,2019,"Guilford",36.1090060008986,-79.802314,35,NA
"6734","Mendenhall School",2019-09-17,9,2019,"Guilford",36.1090060008986,-79.802314,39,NA
"6735","Mendenhall School",2019-09-18,9,2019,"Guilford",36.1090060008986,-79.802314,23,NA
"6736","Mendenhall School",2019-09-19,9,2019,"Guilford",36.1090060008986,-79.802314,16,42
"6737","Mendenhall School",2019-09-20,9,2019,"Guilford",36.1090060008986,-79.802314,29,61
"6738","Mendenhall School",2019-09-21,9,2019,"Guilford",36.1090060008986,-79.802314,36,80
"6739","Mendenhall School",2019-09-22,9,2019,"Guilford",36.1090060008986,-79.802314,34,64
"6740","Mendenhall School",2019-09-23,9,2019,"Guilford",36.1090060008986,-79.802314,31,54
"6741","Mendenhall School",2019-09-24,9,2019,"Guilford",36.1090060008986,-79.802314,13,42
"6742","Mendenhall School",2019-09-25,9,2019,"Guilford",36.1090060008986,-79.802314,34,50
"6743","Mendenhall School",2019-09-26,9,2019,"Guilford",36.1090060008986,-79.802314,36,67
"6744","Mendenhall School",2019-09-27,9,2019,"Guilford",36.1090060008986,-79.802314,41,71
"6745","Mendenhall School",2019-09-28,9,2019,"Guilford",36.1090060008986,-79.802314,45,50
"6746","Mendenhall School",2019-09-29,9,2019,"Guilford",36.1090060008986,-79.802314,44,44
"6747","Mendenhall School",2019-09-30,9,2019,"Guilford",36.1090060008986,-79.802314,59,37
"6748","Mendenhall School",2019-10-01,10,2019,"Guilford",36.1090060008986,-79.802314,54,54
"6749","Mendenhall School",2019-10-02,10,2019,"Guilford",36.1090060008986,-79.802314,54,48
"6750","Mendenhall School",2019-10-03,10,2019,"Guilford",36.1090060008986,-79.802314,43,71
"6751","Mendenhall School",2019-10-04,10,2019,"Guilford",36.1090060008986,-79.802314,31,54
"6752","Mendenhall School",2019-10-05,10,2019,"Guilford",36.1090060008986,-79.802314,10,32
"6753","Mendenhall School",2019-10-06,10,2019,"Guilford",36.1090060008986,-79.802314,17,34
"6754","Mendenhall School",2019-10-07,10,2019,"Guilford",36.1090060008986,-79.802314,14,37
"6755","Mendenhall School",2019-10-08,10,2019,"Guilford",36.1090060008986,-79.802314,9,32
"6756","Mendenhall School",2019-10-09,10,2019,"Guilford",36.1090060008986,-79.802314,10,39
"6757","Mendenhall School",2019-10-10,10,2019,"Guilford",36.1090060008986,-79.802314,14,40
"6758","Mendenhall School",2019-10-11,10,2019,"Guilford",36.1090060008986,-79.802314,15,44
"6759","Mendenhall School",2019-10-12,10,2019,"Guilford",36.1090060008986,-79.802314,31,46
"6760","Mendenhall School",2019-10-13,10,2019,"Guilford",36.1090060008986,-79.802314,17,19
"6761","Mendenhall School",2019-10-14,10,2019,"Guilford",36.1090060008986,-79.802314,25,44
"6762","Mendenhall School",2019-10-15,10,2019,"Guilford",36.1090060008986,-79.802314,18,46
"6763","Mendenhall School",2019-10-16,10,2019,"Guilford",36.1090060008986,-79.802314,11,35
"6764","Mendenhall School",2019-10-17,10,2019,"Guilford",36.1090060008986,-79.802314,8,35
"6765","Mendenhall School",2019-10-18,10,2019,"Guilford",36.1090060008986,-79.802314,18,36
"6766","Mendenhall School",2019-10-19,10,2019,"Guilford",36.1090060008986,-79.802314,33,38
"6767","Mendenhall School",2019-10-20,10,2019,"Guilford",36.1090060008986,-79.802314,4,31
"6768","Mendenhall School",2019-10-21,10,2019,"Guilford",36.1090060008986,-79.802314,14,29
"6769","Mendenhall School",2019-10-22,10,2019,"Guilford",36.1090060008986,-79.802314,10,24
"6770","Mendenhall School",2019-10-23,10,2019,"Guilford",36.1090060008986,-79.802314,12,36
"6771","Mendenhall School",2019-10-24,10,2019,"Guilford",36.1090060008986,-79.802314,17,40
"6772","Mendenhall School",2019-10-25,10,2019,"Guilford",36.1090060008986,-79.802314,27,32
"6773","Mendenhall School",2019-10-26,10,2019,"Guilford",36.1090060008986,-79.802314,28,40
"6774","Mendenhall School",2019-10-27,10,2019,"Guilford",36.1090060008986,-79.802314,8,31
"6775","Mendenhall School",2019-10-28,10,2019,"Guilford",36.1090060008986,-79.802314,9,39
"6776","Mendenhall School",2019-10-29,10,2019,"Guilford",36.1090060008986,-79.802314,30,25
"6777","Mendenhall School",2019-10-30,10,2019,"Guilford",36.1090060008986,-79.802314,24,24
"6778","Mendenhall School",2019-10-31,10,2019,"Guilford",36.1090060008986,-79.802314,13,25
"6779","Mendenhall School",2019-11-01,11,2019,"Guilford",36.1090060008986,-79.802314,18,NA
"6780","Mendenhall School",2019-11-02,11,2019,"Guilford",36.1090060008986,-79.802314,37,NA
"6781","Mendenhall School",2019-11-03,11,2019,"Guilford",36.1090060008986,-79.802314,33,NA
"6782","Mendenhall School",2019-11-04,11,2019,"Guilford",36.1090060008986,-79.802314,36,NA
"6783","Mendenhall School",2019-11-05,11,2019,"Guilford",36.1090060008986,-79.802314,36,NA
"6784","Mendenhall School",2019-11-06,11,2019,"Guilford",36.1090060008986,-79.802314,26,NA
"6785","Mendenhall School",2019-11-07,11,2019,"Guilford",36.1090060008986,-79.802314,44,NA
"6786","Mendenhall School",2019-11-08,11,2019,"Guilford",36.1090060008986,-79.802314,15,NA
"6787","Mendenhall School",2019-11-09,11,2019,"Guilford",36.1090060008986,-79.802314,55,NA
"6788","Mendenhall School",2019-11-10,11,2019,"Guilford",36.1090060008986,-79.802314,56,NA
"6789","Mendenhall School",2019-11-11,11,2019,"Guilford",36.1090060008986,-79.802314,42,NA
"6790","Mendenhall School",2019-11-12,11,2019,"Guilford",36.1090060008986,-79.802314,13,NA
"6791","Mendenhall School",2019-11-13,11,2019,"Guilford",36.1090060008986,-79.802314,20,NA
"6792","Mendenhall School",2019-11-14,11,2019,"Guilford",36.1090060008986,-79.802314,53,NA
"6793","Mendenhall School",2019-11-15,11,2019,"Guilford",36.1090060008986,-79.802314,32,NA
"6794","Mendenhall School",2019-11-16,11,2019,"Guilford",36.1090060008986,-79.802314,23,NA
"6795","Mendenhall School",2019-11-17,11,2019,"Guilford",36.1090060008986,-79.802314,13,NA
"6796","Mendenhall School",2019-11-18,11,2019,"Guilford",36.1090060008986,-79.802314,15,NA
"6797","Mendenhall School",2019-11-19,11,2019,"Guilford",36.1090060008986,-79.802314,36,NA
"6798","Mendenhall School",2019-11-20,11,2019,"Guilford",36.1090060008986,-79.802314,37,NA
"6799","Mendenhall School",2019-11-21,11,2019,"Guilford",36.1090060008986,-79.802314,31,NA
"6800","Mendenhall School",2019-11-22,11,2019,"Guilford",36.1090060008986,-79.802314,52,NA
"6801","Mendenhall School",2019-11-23,11,2019,"Guilford",36.1090060008986,-79.802314,14,NA
"6802","Mendenhall School",2019-11-24,11,2019,"Guilford",36.1090060008986,-79.802314,11,NA
"6803","Mendenhall School",2019-11-25,11,2019,"Guilford",36.1090060008986,-79.802314,23,NA
"6804","Mendenhall School",2019-11-26,11,2019,"Guilford",36.1090060008986,-79.802314,40,NA
"6805","Mendenhall School",2019-11-27,11,2019,"Guilford",36.1090060008986,-79.802314,44,NA
"6806","Mendenhall School",2019-11-28,11,2019,"Guilford",36.1090060008986,-79.802314,8,NA
"6807","Mendenhall School",2019-11-29,11,2019,"Guilford",36.1090060008986,-79.802314,20,NA
"6808","Mendenhall School",2019-11-30,11,2019,"Guilford",36.1090060008986,-79.802314,41,NA
"6809","Mendenhall School",2019-12-01,12,2019,"Guilford",36.1090060008986,-79.802314,19,NA
"6810","Mendenhall School",2019-12-02,12,2019,"Guilford",36.1090060008986,-79.802314,2,NA
"6811","Mendenhall School",2019-12-03,12,2019,"Guilford",36.1090060008986,-79.802314,6,NA
"6812","Mendenhall School",2019-12-04,12,2019,"Guilford",36.1090060008986,-79.802314,8,NA
"6813","Mendenhall School",2019-12-05,12,2019,"Guilford",36.1090060008986,-79.802314,16,NA
"6814","Mendenhall School",2019-12-06,12,2019,"Guilford",36.1090060008986,-79.802314,45,NA
"6815","Mendenhall School",2019-12-07,12,2019,"Guilford",36.1090060008986,-79.802314,36,NA
"6816","Mendenhall School",2019-12-08,12,2019,"Guilford",36.1090060008986,-79.802314,34,NA
"6817","Mendenhall School",2019-12-09,12,2019,"Guilford",36.1090060008986,-79.802314,40,NA
"6818","Mendenhall School",2019-12-10,12,2019,"Guilford",36.1090060008986,-79.802314,31,NA
"6819","Mendenhall School",2019-12-11,12,2019,"Guilford",36.1090060008986,-79.802314,14,NA
"6820","Mendenhall School",2019-12-12,12,2019,"Guilford",36.1090060008986,-79.802314,15,NA
"6821","Mendenhall School",2019-12-13,12,2019,"Guilford",36.1090060008986,-79.802314,12,NA
"6822","Mendenhall School",2019-12-14,12,2019,"Guilford",36.1090060008986,-79.802314,3,NA
"6823","Mendenhall School",2019-12-15,12,2019,"Guilford",36.1090060008986,-79.802314,30,NA
"6824","Mendenhall School",2019-12-16,12,2019,"Guilford",36.1090060008986,-79.802314,40,NA
"6825","Mendenhall School",2019-12-17,12,2019,"Guilford",36.1090060008986,-79.802314,8,NA
"6826","Mendenhall School",2019-12-18,12,2019,"Guilford",36.1090060008986,-79.802314,3,NA
"6827","Mendenhall School",2019-12-19,12,2019,"Guilford",36.1090060008986,-79.802314,34,NA
"6828","Mendenhall School",2019-12-20,12,2019,"Guilford",36.1090060008986,-79.802314,43,NA
"6829","Mendenhall School",2019-12-21,12,2019,"Guilford",36.1090060008986,-79.802314,59,NA
"6830","Mendenhall School",2019-12-22,12,2019,"Guilford",36.1090060008986,-79.802314,79,NA
"6831","Mendenhall School",2019-12-23,12,2019,"Guilford",36.1090060008986,-79.802314,47,NA
"6832","Mendenhall School",2019-12-24,12,2019,"Guilford",36.1090060008986,-79.802314,30,NA
"6833","Mendenhall School",2019-12-25,12,2019,"Guilford",36.1090060008986,-79.802314,45,NA
"6834","Mendenhall School",2019-12-26,12,2019,"Guilford",36.1090060008986,-79.802314,51,NA
"6835","Mendenhall School",2019-12-27,12,2019,"Guilford",36.1090060008986,-79.802314,49,NA
"6836","Mendenhall School",2019-12-28,12,2019,"Guilford",36.1090060008986,-79.802314,51,NA
"6837","Mendenhall School",2019-12-29,12,2019,"Guilford",36.1090060008986,-79.802314,45,NA
"6838","Mendenhall School",2019-12-30,12,2019,"Guilford",36.1090060008986,-79.802314,5,NA
"6839","Mendenhall School",2019-12-31,12,2019,"Guilford",36.1090060008986,-79.802314,10,NA
"6840","Millbrook School",2018-01-01,1,2018,"Wake",35.856111,-78.574167,28,34
"6841","Millbrook School",2018-01-02,1,2018,"Wake",35.856111,-78.574167,38.5,31
"6842","Millbrook School",2018-01-03,1,2018,"Wake",35.856111,-78.574167,61,30
"6843","Millbrook School",2018-01-04,1,2018,"Wake",35.856111,-78.574167,39,32
"6844","Millbrook School",2018-01-05,1,2018,"Wake",35.856111,-78.574167,32,33
"6845","Millbrook School",2018-01-06,1,2018,"Wake",35.856111,-78.574167,33,33
"6846","Millbrook School",2018-01-07,1,2018,"Wake",35.856111,-78.574167,48,34
"6847","Millbrook School",2018-01-08,1,2018,"Wake",35.856111,-78.574167,42.5,27
"6848","Millbrook School",2018-01-09,1,2018,"Wake",35.856111,-78.574167,35,30
"6849","Millbrook School",2018-01-10,1,2018,"Wake",35.856111,-78.574167,22,33
"6850","Millbrook School",2018-01-11,1,2018,"Wake",35.856111,-78.574167,23,26
"6851","Millbrook School",2018-01-12,1,2018,"Wake",35.856111,-78.574167,0,35
"6852","Millbrook School",2018-01-13,1,2018,"Wake",35.856111,-78.574167,24,32
"6853","Millbrook School",2018-01-14,1,2018,"Wake",35.856111,-78.574167,19.5,NA
"6854","Millbrook School",2018-01-15,1,2018,"Wake",35.856111,-78.574167,35,NA
"6855","Millbrook School",2018-01-16,1,2018,"Wake",35.856111,-78.574167,58,24
"6856","Millbrook School",2018-01-17,1,2018,"Wake",35.856111,-78.574167,56,29
"6857","Millbrook School",2018-01-18,1,2018,"Wake",35.856111,-78.574167,54,35
"6858","Millbrook School",2018-01-19,1,2018,"Wake",35.856111,-78.574167,55,32
"6859","Millbrook School",2018-01-20,1,2018,"Wake",35.856111,-78.574167,50,35
"6860","Millbrook School",2018-01-21,1,2018,"Wake",35.856111,-78.574167,51,34
"6861","Millbrook School",2018-01-22,1,2018,"Wake",35.856111,-78.574167,59,32
"6862","Millbrook School",2018-01-23,1,2018,"Wake",35.856111,-78.574167,20.5,37
"6863","Millbrook School",2018-01-24,1,2018,"Wake",35.856111,-78.574167,20,31
"6864","Millbrook School",2018-01-25,1,2018,"Wake",35.856111,-78.574167,35,31
"6865","Millbrook School",2018-01-26,1,2018,"Wake",35.856111,-78.574167,47.5,28
"6866","Millbrook School",2018-01-27,1,2018,"Wake",35.856111,-78.574167,37,37
"6867","Millbrook School",2018-01-28,1,2018,"Wake",35.856111,-78.574167,22,30
"6868","Millbrook School",2018-01-29,1,2018,"Wake",35.856111,-78.574167,10,25
"6869","Millbrook School",2018-01-30,1,2018,"Wake",35.856111,-78.574167,26,34
"6870","Millbrook School",2018-01-31,1,2018,"Wake",35.856111,-78.574167,29,31
"6871","Millbrook School",2018-02-01,2,2018,"Wake",35.856111,-78.574167,28,38
"6872","Millbrook School",2018-02-02,2,2018,"Wake",35.856111,-78.574167,25,34
"6873","Millbrook School",2018-02-03,2,2018,"Wake",35.856111,-78.574167,32,31
"6874","Millbrook School",2018-02-04,2,2018,"Wake",35.856111,-78.574167,24,31
"6875","Millbrook School",2018-02-05,2,2018,"Wake",35.856111,-78.574167,30,29
"6876","Millbrook School",2018-02-06,2,2018,"Wake",35.856111,-78.574167,45,32
"6877","Millbrook School",2018-02-07,2,2018,"Wake",35.856111,-78.574167,25.5,32
"6878","Millbrook School",2018-02-08,2,2018,"Wake",35.856111,-78.574167,36,28
"6879","Millbrook School",2018-02-09,2,2018,"Wake",35.856111,-78.574167,49,36
"6880","Millbrook School",2018-02-10,2,2018,"Wake",35.856111,-78.574167,35,20
"6881","Millbrook School",2018-02-11,2,2018,"Wake",35.856111,-78.574167,30,23
"6882","Millbrook School",2018-02-12,2,2018,"Wake",35.856111,-78.574167,20,28
"6883","Millbrook School",2018-02-13,2,2018,"Wake",35.856111,-78.574167,28,31
"6884","Millbrook School",2018-02-14,2,2018,"Wake",35.856111,-78.574167,48,24
"6885","Millbrook School",2018-02-15,2,2018,"Wake",35.856111,-78.574167,32,24
"6886","Millbrook School",2018-02-16,2,2018,"Wake",35.856111,-78.574167,26,32
"6887","Millbrook School",2018-02-17,2,2018,"Wake",35.856111,-78.574167,31,28
"6888","Millbrook School",2018-02-18,2,2018,"Wake",35.856111,-78.574167,21,35
"6889","Millbrook School",2018-02-19,2,2018,"Wake",35.856111,-78.574167,38.5,23
"6890","Millbrook School",2018-02-20,2,2018,"Wake",35.856111,-78.574167,61,17
"6891","Millbrook School",2018-02-21,2,2018,"Wake",35.856111,-78.574167,28,16
"6892","Millbrook School",2018-02-22,2,2018,"Wake",35.856111,-78.574167,34.5,20
"6893","Millbrook School",2018-02-23,2,2018,"Wake",35.856111,-78.574167,48,19
"6894","Millbrook School",2018-02-24,2,2018,"Wake",35.856111,-78.574167,38,29
"6895","Millbrook School",2018-02-25,2,2018,"Wake",35.856111,-78.574167,30.5,31
"6896","Millbrook School",2018-02-26,2,2018,"Wake",35.856111,-78.574167,22,30
"6897","Millbrook School",2018-02-27,2,2018,"Wake",35.856111,-78.574167,29,43
"6898","Millbrook School",2018-02-28,2,2018,"Wake",35.856111,-78.574167,37.5,30
"6899","Millbrook School",2018-03-01,3,2018,"Wake",35.856111,-78.574167,37,35
"6900","Millbrook School",2018-03-02,3,2018,"Wake",35.856111,-78.574167,18,43
"6901","Millbrook School",2018-03-03,3,2018,"Wake",35.856111,-78.574167,13,43
"6902","Millbrook School",2018-03-04,3,2018,"Wake",35.856111,-78.574167,22,43
"6903","Millbrook School",2018-03-05,3,2018,"Wake",35.856111,-78.574167,28,44
"6904","Millbrook School",2018-03-06,3,2018,"Wake",35.856111,-78.574167,31,27
"6905","Millbrook School",2018-03-07,3,2018,"Wake",35.856111,-78.574167,30,34
"6906","Millbrook School",2018-03-08,3,2018,"Wake",35.856111,-78.574167,28,38
"6907","Millbrook School",2018-03-09,3,2018,"Wake",35.856111,-78.574167,30.5,41
"6908","Millbrook School",2018-03-10,3,2018,"Wake",35.856111,-78.574167,69,39
"6909","Millbrook School",2018-03-11,3,2018,"Wake",35.856111,-78.574167,56,31
"6910","Millbrook School",2018-03-12,3,2018,"Wake",35.856111,-78.574167,32,NA
"6911","Millbrook School",2018-03-13,3,2018,"Wake",35.856111,-78.574167,31,44
"6912","Millbrook School",2018-03-14,3,2018,"Wake",35.856111,-78.574167,26,43
"6913","Millbrook School",2018-03-15,3,2018,"Wake",35.856111,-78.574167,34,49
"6914","Millbrook School",2018-03-16,3,2018,"Wake",35.856111,-78.574167,49,50
"6915","Millbrook School",2018-03-17,3,2018,"Wake",35.856111,-78.574167,54,44
"6916","Millbrook School",2018-03-18,3,2018,"Wake",35.856111,-78.574167,30,44
"6917","Millbrook School",2018-03-19,3,2018,"Wake",35.856111,-78.574167,38,42
"6918","Millbrook School",2018-03-20,3,2018,"Wake",35.856111,-78.574167,23,32
"6919","Millbrook School",2018-03-21,3,2018,"Wake",35.856111,-78.574167,15,31
"6920","Millbrook School",2018-03-22,3,2018,"Wake",35.856111,-78.574167,22,42
"6921","Millbrook School",2018-03-23,3,2018,"Wake",35.856111,-78.574167,30,48
"6922","Millbrook School",2018-03-24,3,2018,"Wake",35.856111,-78.574167,27.5,43
"6923","Millbrook School",2018-03-25,3,2018,"Wake",35.856111,-78.574167,26,46
"6924","Millbrook School",2018-03-26,3,2018,"Wake",35.856111,-78.574167,29,44
"6925","Millbrook School",2018-03-27,3,2018,"Wake",35.856111,-78.574167,37.5,31
"6926","Millbrook School",2018-03-28,3,2018,"Wake",35.856111,-78.574167,54,43
"6927","Millbrook School",2018-03-29,3,2018,"Wake",35.856111,-78.574167,56,47
"6928","Millbrook School",2018-03-30,3,2018,"Wake",35.856111,-78.574167,25,40
"6929","Millbrook School",2018-03-31,3,2018,"Wake",35.856111,-78.574167,20,45
"6930","Millbrook School",2018-04-01,4,2018,"Wake",35.856111,-78.574167,39,48
"6931","Millbrook School",2018-04-02,4,2018,"Wake",35.856111,-78.574167,38,50
"6932","Millbrook School",2018-04-03,4,2018,"Wake",35.856111,-78.574167,52.5,37
"6933","Millbrook School",2018-04-04,4,2018,"Wake",35.856111,-78.574167,30,44
"6934","Millbrook School",2018-04-05,4,2018,"Wake",35.856111,-78.574167,26,45
"6935","Millbrook School",2018-04-06,4,2018,"Wake",35.856111,-78.574167,51.5,54
"6936","Millbrook School",2018-04-07,4,2018,"Wake",35.856111,-78.574167,43,42
"6937","Millbrook School",2018-04-08,4,2018,"Wake",35.856111,-78.574167,25.3333333333333,45
"6938","Millbrook School",2018-04-09,4,2018,"Wake",35.856111,-78.574167,35,40
"6939","Millbrook School",2018-04-10,4,2018,"Wake",35.856111,-78.574167,45,43
"6940","Millbrook School",2018-04-11,4,2018,"Wake",35.856111,-78.574167,54,49
"6941","Millbrook School",2018-04-12,4,2018,"Wake",35.856111,-78.574167,54.5,58
"6942","Millbrook School",2018-04-13,4,2018,"Wake",35.856111,-78.574167,50.5,51
"6943","Millbrook School",2018-04-14,4,2018,"Wake",35.856111,-78.574167,54.3333333333333,47
"6944","Millbrook School",2018-04-15,4,2018,"Wake",35.856111,-78.574167,33.5,34
"6945","Millbrook School",2018-04-16,4,2018,"Wake",35.856111,-78.574167,17.5,31
"6946","Millbrook School",2018-04-17,4,2018,"Wake",35.856111,-78.574167,21,46
"6947","Millbrook School",2018-04-18,4,2018,"Wake",35.856111,-78.574167,53.5,61
"6948","Millbrook School",2018-04-19,4,2018,"Wake",35.856111,-78.574167,38,49
"6949","Millbrook School",2018-04-20,4,2018,"Wake",35.856111,-78.574167,24,61
"6950","Millbrook School",2018-04-21,4,2018,"Wake",35.856111,-78.574167,41.5,71
"6951","Millbrook School",2018-04-22,4,2018,"Wake",35.856111,-78.574167,33.5,61
"6952","Millbrook School",2018-04-23,4,2018,"Wake",35.856111,-78.574167,22.6666666666667,49
"6953","Millbrook School",2018-04-24,4,2018,"Wake",35.856111,-78.574167,19.5,40
"6954","Millbrook School",2018-04-25,4,2018,"Wake",35.856111,-78.574167,33,27
"6955","Millbrook School",2018-04-26,4,2018,"Wake",35.856111,-78.574167,22.6666666666667,44
"6956","Millbrook School",2018-04-27,4,2018,"Wake",35.856111,-78.574167,22.5,46
"6957","Millbrook School",2018-04-28,4,2018,"Wake",35.856111,-78.574167,40,64
"6958","Millbrook School",2018-04-29,4,2018,"Wake",35.856111,-78.574167,22,44
"6959","Millbrook School",2018-04-30,4,2018,"Wake",35.856111,-78.574167,32.5,54
"6960","Millbrook School",2018-05-01,5,2018,"Wake",35.856111,-78.574167,40.5,71
"6961","Millbrook School",2018-05-02,5,2018,"Wake",35.856111,-78.574167,52,71
"6962","Millbrook School",2018-05-03,5,2018,"Wake",35.856111,-78.574167,47.5,51
"6963","Millbrook School",2018-05-04,5,2018,"Wake",35.856111,-78.574167,40,46
"6964","Millbrook School",2018-05-05,5,2018,"Wake",35.856111,-78.574167,43,45
"6965","Millbrook School",2018-05-06,5,2018,"Wake",35.856111,-78.574167,38,37
"6966","Millbrook School",2018-05-07,5,2018,"Wake",35.856111,-78.574167,38,42
"6967","Millbrook School",2018-05-08,5,2018,"Wake",35.856111,-78.574167,33,44
"6968","Millbrook School",2018-05-09,5,2018,"Wake",35.856111,-78.574167,30,58
"6969","Millbrook School",2018-05-10,5,2018,"Wake",35.856111,-78.574167,48,61
"6970","Millbrook School",2018-05-11,5,2018,"Wake",35.856111,-78.574167,52,77
"6971","Millbrook School",2018-05-12,5,2018,"Wake",35.856111,-78.574167,60,77
"6972","Millbrook School",2018-05-13,5,2018,"Wake",35.856111,-78.574167,62,64
"6973","Millbrook School",2018-05-14,5,2018,"Wake",35.856111,-78.574167,53,77
"6974","Millbrook School",2018-05-15,5,2018,"Wake",35.856111,-78.574167,23,25
"6975","Millbrook School",2018-05-16,5,2018,"Wake",35.856111,-78.574167,21.5,31
"6976","Millbrook School",2018-05-17,5,2018,"Wake",35.856111,-78.574167,18.3333333333333,27
"6977","Millbrook School",2018-05-18,5,2018,"Wake",35.856111,-78.574167,18,28
"6978","Millbrook School",2018-05-19,5,2018,"Wake",35.856111,-78.574167,13.5,19
"6979","Millbrook School",2018-05-20,5,2018,"Wake",35.856111,-78.574167,32,29
"6980","Millbrook School",2018-05-21,5,2018,"Wake",35.856111,-78.574167,41,46
"6981","Millbrook School",2018-05-22,5,2018,"Wake",35.856111,-78.574167,39,27
"6982","Millbrook School",2018-05-23,5,2018,"Wake",35.856111,-78.574167,29.3333333333333,38
"6983","Millbrook School",2018-05-24,5,2018,"Wake",35.856111,-78.574167,34.5,47
"6984","Millbrook School",2018-05-25,5,2018,"Wake",35.856111,-78.574167,39,48
"6985","Millbrook School",2018-05-26,5,2018,"Wake",35.856111,-78.574167,27.3333333333333,23
"6986","Millbrook School",2018-05-27,5,2018,"Wake",35.856111,-78.574167,27,24
"6987","Millbrook School",2018-05-28,5,2018,"Wake",35.856111,-78.574167,15.5,18
"6988","Millbrook School",2018-05-29,5,2018,"Wake",35.856111,-78.574167,20.6666666666667,22
"6989","Millbrook School",2018-05-30,5,2018,"Wake",35.856111,-78.574167,24.5,28
"6990","Millbrook School",2018-05-31,5,2018,"Wake",35.856111,-78.574167,28.5,25
"6991","Millbrook School",2018-06-01,6,2018,"Wake",35.856111,-78.574167,31.6666666666667,74
"6992","Millbrook School",2018-06-02,6,2018,"Wake",35.856111,-78.574167,27.5,41
"6993","Millbrook School",2018-06-03,6,2018,"Wake",35.856111,-78.574167,28.5,43
"6994","Millbrook School",2018-06-04,6,2018,"Wake",35.856111,-78.574167,21.3333333333333,77
"6995","Millbrook School",2018-06-05,6,2018,"Wake",35.856111,-78.574167,37,77
"6996","Millbrook School",2018-06-06,6,2018,"Wake",35.856111,-78.574167,43.5,80
"6997","Millbrook School",2018-06-07,6,2018,"Wake",35.856111,-78.574167,44.6666666666667,58
"6998","Millbrook School",2018-06-08,6,2018,"Wake",35.856111,-78.574167,49.5,74
"6999","Millbrook School",2018-06-09,6,2018,"Wake",35.856111,-78.574167,50,49
"7000","Millbrook School",2018-06-10,6,2018,"Wake",35.856111,-78.574167,41,47
"7001","Millbrook School",2018-06-11,6,2018,"Wake",35.856111,-78.574167,45.5,39
"7002","Millbrook School",2018-06-12,6,2018,"Wake",35.856111,-78.574167,31,29
"7003","Millbrook School",2018-06-13,6,2018,"Wake",35.856111,-78.574167,37.3333333333333,44
"7004","Millbrook School",2018-06-14,6,2018,"Wake",35.856111,-78.574167,47.5,45
"7005","Millbrook School",2018-06-15,6,2018,"Wake",35.856111,-78.574167,51,67
"7006","Millbrook School",2018-06-16,6,2018,"Wake",35.856111,-78.574167,48,64
"7007","Millbrook School",2018-06-17,6,2018,"Wake",35.856111,-78.574167,49,47
"7008","Millbrook School",2018-06-18,6,2018,"Wake",35.856111,-78.574167,62.5,54
"7009","Millbrook School",2018-06-19,6,2018,"Wake",35.856111,-78.574167,58.3333333333333,71
"7010","Millbrook School",2018-06-20,6,2018,"Wake",35.856111,-78.574167,38,58
"7011","Millbrook School",2018-06-21,6,2018,"Wake",35.856111,-78.574167,51.5,44
"7012","Millbrook School",2018-06-22,6,2018,"Wake",35.856111,-78.574167,43,43
"7013","Millbrook School",2018-06-23,6,2018,"Wake",35.856111,-78.574167,38.5,44
"7014","Millbrook School",2018-06-24,6,2018,"Wake",35.856111,-78.574167,36.5,44
"7015","Millbrook School",2018-06-25,6,2018,"Wake",35.856111,-78.574167,41.3333333333333,41
"7016","Millbrook School",2018-06-26,6,2018,"Wake",35.856111,-78.574167,32.5,32
"7017","Millbrook School",2018-06-27,6,2018,"Wake",35.856111,-78.574167,34.5,45
"7018","Millbrook School",2018-06-28,6,2018,"Wake",35.856111,-78.574167,31.6666666666667,47
"7019","Millbrook School",2018-06-29,6,2018,"Wake",35.856111,-78.574167,46,49
"7020","Millbrook School",2018-06-30,6,2018,"Wake",35.856111,-78.574167,54,49
"7021","Millbrook School",2018-07-01,7,2018,"Wake",35.856111,-78.574167,36.3333333333333,44
"7022","Millbrook School",2018-07-02,7,2018,"Wake",35.856111,-78.574167,38.5,45
"7023","Millbrook School",2018-07-03,7,2018,"Wake",35.856111,-78.574167,52,44
"7024","Millbrook School",2018-07-04,7,2018,"Wake",35.856111,-78.574167,41,26
"7025","Millbrook School",2018-07-05,7,2018,"Wake",35.856111,-78.574167,26.5,32
"7026","Millbrook School",2018-07-06,7,2018,"Wake",35.856111,-78.574167,25.5,36
"7027","Millbrook School",2018-07-07,7,2018,"Wake",35.856111,-78.574167,28.3333333333333,31
"7028","Millbrook School",2018-07-08,7,2018,"Wake",35.856111,-78.574167,22.5,37
"7029","Millbrook School",2018-07-09,7,2018,"Wake",35.856111,-78.574167,22.5,48
"7030","Millbrook School",2018-07-10,7,2018,"Wake",35.856111,-78.574167,45.3333333333333,74
"7031","Millbrook School",2018-07-11,7,2018,"Wake",35.856111,-78.574167,61.5,90
"7032","Millbrook School",2018-07-12,7,2018,"Wake",35.856111,-78.574167,50,48
"7033","Millbrook School",2018-07-13,7,2018,"Wake",35.856111,-78.574167,47.6666666666667,48
"7034","Millbrook School",2018-07-14,7,2018,"Wake",35.856111,-78.574167,34.5,43
"7035","Millbrook School",2018-07-15,7,2018,"Wake",35.856111,-78.574167,46.5,48
"7036","Millbrook School",2018-07-16,7,2018,"Wake",35.856111,-78.574167,53.3333333333333,46
"7037","Millbrook School",2018-07-17,7,2018,"Wake",35.856111,-78.574167,46,43
"7038","Millbrook School",2018-07-18,7,2018,"Wake",35.856111,-78.574167,26.5,43
"7039","Millbrook School",2018-07-19,7,2018,"Wake",35.856111,-78.574167,35,64
"7040","Millbrook School",2018-07-20,7,2018,"Wake",35.856111,-78.574167,37,41
"7041","Millbrook School",2018-07-21,7,2018,"Wake",35.856111,-78.574167,24.5,40
"7042","Millbrook School",2018-07-22,7,2018,"Wake",35.856111,-78.574167,25.3333333333333,44
"7043","Millbrook School",2018-07-23,7,2018,"Wake",35.856111,-78.574167,29.5,44
"7044","Millbrook School",2018-07-24,7,2018,"Wake",35.856111,-78.574167,21.5,40
"7045","Millbrook School",2018-07-25,7,2018,"Wake",35.856111,-78.574167,27.3333333333333,35
"7046","Millbrook School",2018-07-26,7,2018,"Wake",35.856111,-78.574167,41,46
"7047","Millbrook School",2018-07-27,7,2018,"Wake",35.856111,-78.574167,48,44
"7048","Millbrook School",2018-07-28,7,2018,"Wake",35.856111,-78.574167,45.5,43
"7049","Millbrook School",2018-07-29,7,2018,"Wake",35.856111,-78.574167,42,37
"7050","Millbrook School",2018-07-30,7,2018,"Wake",35.856111,-78.574167,24,29
"7051","Millbrook School",2018-07-31,7,2018,"Wake",35.856111,-78.574167,30.5,31
"7052","Millbrook School",2018-08-01,8,2018,"Wake",35.856111,-78.574167,31,30
"7053","Millbrook School",2018-08-02,8,2018,"Wake",35.856111,-78.574167,35,20
"7054","Millbrook School",2018-08-03,8,2018,"Wake",35.856111,-78.574167,17.5,19
"7055","Millbrook School",2018-08-04,8,2018,"Wake",35.856111,-78.574167,29.5,31
"7056","Millbrook School",2018-08-05,8,2018,"Wake",35.856111,-78.574167,35.5,38
"7057","Millbrook School",2018-08-06,8,2018,"Wake",35.856111,-78.574167,44,48
"7058","Millbrook School",2018-08-07,8,2018,"Wake",35.856111,-78.574167,39,43
"7059","Millbrook School",2018-08-08,8,2018,"Wake",35.856111,-78.574167,27.5,42
"7060","Millbrook School",2018-08-09,8,2018,"Wake",35.856111,-78.574167,38,44
"7061","Millbrook School",2018-08-10,8,2018,"Wake",35.856111,-78.574167,54,67
"7062","Millbrook School",2018-08-11,8,2018,"Wake",35.856111,-78.574167,48,44
"7063","Millbrook School",2018-08-12,8,2018,"Wake",35.856111,-78.574167,34.6666666666667,41
"7064","Millbrook School",2018-08-13,8,2018,"Wake",35.856111,-78.574167,39,44
"7065","Millbrook School",2018-08-14,8,2018,"Wake",35.856111,-78.574167,45,38
"7066","Millbrook School",2018-08-15,8,2018,"Wake",35.856111,-78.574167,53.6666666666667,50
"7067","Millbrook School",2018-08-16,8,2018,"Wake",35.856111,-78.574167,61.5,61
"7068","Millbrook School",2018-08-17,8,2018,"Wake",35.856111,-78.574167,53,32
"7069","Millbrook School",2018-08-18,8,2018,"Wake",35.856111,-78.574167,30,29
"7070","Millbrook School",2018-08-19,8,2018,"Wake",35.856111,-78.574167,35,33
"7071","Millbrook School",2018-08-20,8,2018,"Wake",35.856111,-78.574167,33,44
"7072","Millbrook School",2018-08-21,8,2018,"Wake",35.856111,-78.574167,30.6666666666667,29
"7073","Millbrook School",2018-08-22,8,2018,"Wake",35.856111,-78.574167,33,37
"7074","Millbrook School",2018-08-23,8,2018,"Wake",35.856111,-78.574167,56,40
"7075","Millbrook School",2018-08-24,8,2018,"Wake",35.856111,-78.574167,40.3333333333333,44
"7076","Millbrook School",2018-08-25,8,2018,"Wake",35.856111,-78.574167,40,42
"7077","Millbrook School",2018-08-26,8,2018,"Wake",35.856111,-78.574167,54,46
"7078","Millbrook School",2018-08-27,8,2018,"Wake",35.856111,-78.574167,59,47
"7079","Millbrook School",2018-08-28,8,2018,"Wake",35.856111,-78.574167,55,46
"7080","Millbrook School",2018-08-29,8,2018,"Wake",35.856111,-78.574167,44,40
"7081","Millbrook School",2018-08-30,8,2018,"Wake",35.856111,-78.574167,46,47
"7082","Millbrook School",2018-08-31,8,2018,"Wake",35.856111,-78.574167,35,74
"7083","Millbrook School",2018-09-01,9,2018,"Wake",35.856111,-78.574167,37.5,33
"7084","Millbrook School",2018-09-02,9,2018,"Wake",35.856111,-78.574167,32.6666666666667,24
"7085","Millbrook School",2018-09-03,9,2018,"Wake",35.856111,-78.574167,34,30
"7086","Millbrook School",2018-09-04,9,2018,"Wake",35.856111,-78.574167,44.5,29
"7087","Millbrook School",2018-09-05,9,2018,"Wake",35.856111,-78.574167,38.3333333333333,33
"7088","Millbrook School",2018-09-06,9,2018,"Wake",35.856111,-78.574167,34.5,40
"7089","Millbrook School",2018-09-07,9,2018,"Wake",35.856111,-78.574167,41.5,40
"7090","Millbrook School",2018-09-08,9,2018,"Wake",35.856111,-78.574167,42,43
"7091","Millbrook School",2018-09-09,9,2018,"Wake",35.856111,-78.574167,34.5,19
"7092","Millbrook School",2018-09-10,9,2018,"Wake",35.856111,-78.574167,25.5,27
"7093","Millbrook School",2018-09-11,9,2018,"Wake",35.856111,-78.574167,20.6666666666667,30
"7094","Millbrook School",2018-09-17,9,2018,"Wake",35.856111,-78.574167,NA,22
"7095","Millbrook School",2018-09-18,9,2018,"Wake",35.856111,-78.574167,NA,30
"7096","Millbrook School",2018-09-19,9,2018,"Wake",35.856111,-78.574167,34,45
"7097","Millbrook School",2018-09-20,9,2018,"Wake",35.856111,-78.574167,54,48
"7098","Millbrook School",2018-09-21,9,2018,"Wake",35.856111,-78.574167,43.5,40
"7099","Millbrook School",2018-09-22,9,2018,"Wake",35.856111,-78.574167,58.5,46
"7100","Millbrook School",2018-09-23,9,2018,"Wake",35.856111,-78.574167,50.6666666666667,21
"7101","Millbrook School",2018-09-24,9,2018,"Wake",35.856111,-78.574167,30,21
"7102","Millbrook School",2018-09-25,9,2018,"Wake",35.856111,-78.574167,34.5,30
"7103","Millbrook School",2018-09-26,9,2018,"Wake",35.856111,-78.574167,34.6666666666667,35
"7104","Millbrook School",2018-09-27,9,2018,"Wake",35.856111,-78.574167,28,26
"7105","Millbrook School",2018-09-28,9,2018,"Wake",35.856111,-78.574167,22.5,23
"7106","Millbrook School",2018-09-29,9,2018,"Wake",35.856111,-78.574167,26.3333333333333,34
"7107","Millbrook School",2018-09-30,9,2018,"Wake",35.856111,-78.574167,35.5,41
"7108","Millbrook School",2018-10-01,10,2018,"Wake",35.856111,-78.574167,42.5,45
"7109","Millbrook School",2018-10-02,10,2018,"Wake",35.856111,-78.574167,46.6666666666667,44
"7110","Millbrook School",2018-10-03,10,2018,"Wake",35.856111,-78.574167,50.5,40
"7111","Millbrook School",2018-10-04,10,2018,"Wake",35.856111,-78.574167,52.5,47
"7112","Millbrook School",2018-10-05,10,2018,"Wake",35.856111,-78.574167,51.3333333333333,42
"7113","Millbrook School",2018-10-06,10,2018,"Wake",35.856111,-78.574167,52,29
"7114","Millbrook School",2018-10-07,10,2018,"Wake",35.856111,-78.574167,50,33
"7115","Millbrook School",2018-10-08,10,2018,"Wake",35.856111,-78.574167,26,29
"7116","Millbrook School",2018-10-09,10,2018,"Wake",35.856111,-78.574167,23,27
"7117","Millbrook School",2018-10-10,10,2018,"Wake",35.856111,-78.574167,28.5,NA
"7118","Millbrook School",2018-10-11,10,2018,"Wake",35.856111,-78.574167,19.3333333333333,NA
"7119","Millbrook School",2018-10-12,10,2018,"Wake",35.856111,-78.574167,32,31
"7120","Millbrook School",2018-10-13,10,2018,"Wake",35.856111,-78.574167,33,32
"7121","Millbrook School",2018-10-14,10,2018,"Wake",35.856111,-78.574167,36.3333333333333,21
"7122","Millbrook School",2018-10-15,10,2018,"Wake",35.856111,-78.574167,40.5,33
"7123","Millbrook School",2018-10-16,10,2018,"Wake",35.856111,-78.574167,35,22
"7124","Millbrook School",2018-10-17,10,2018,"Wake",35.856111,-78.574167,23.3333333333333,30
"7125","Millbrook School",2018-10-18,10,2018,"Wake",35.856111,-78.574167,30.5,32
"7126","Millbrook School",2018-10-19,10,2018,"Wake",35.856111,-78.574167,45,39
"7127","Millbrook School",2018-10-20,10,2018,"Wake",35.856111,-78.574167,42.6666666666667,31
"7128","Millbrook School",2018-10-21,10,2018,"Wake",35.856111,-78.574167,20.5,30
"7129","Millbrook School",2018-10-22,10,2018,"Wake",35.856111,-78.574167,31.5,28
"7130","Millbrook School",2018-10-23,10,2018,"Wake",35.856111,-78.574167,41.3333333333333,28
"7131","Millbrook School",2018-10-24,10,2018,"Wake",35.856111,-78.574167,37.5,32
"7132","Millbrook School",2018-10-25,10,2018,"Wake",35.856111,-78.574167,38,23
"7133","Millbrook School",2018-10-26,10,2018,"Wake",35.856111,-78.574167,29,25
"7134","Millbrook School",2018-10-27,10,2018,"Wake",35.856111,-78.574167,27.5,18
"7135","Millbrook School",2018-10-28,10,2018,"Wake",35.856111,-78.574167,32,33
"7136","Millbrook School",2018-10-29,10,2018,"Wake",35.856111,-78.574167,24.6666666666667,34
"7137","Millbrook School",2018-10-30,10,2018,"Wake",35.856111,-78.574167,38.5,35
"7138","Millbrook School",2018-10-31,10,2018,"Wake",35.856111,-78.574167,52.5,40
"7139","Millbrook School",2018-11-01,11,2018,"Wake",35.856111,-78.574167,29,31
"7140","Millbrook School",2018-11-02,11,2018,"Wake",35.856111,-78.574167,30,24
"7141","Millbrook School",2018-11-03,11,2018,"Wake",35.856111,-78.574167,29.5,31
"7142","Millbrook School",2018-11-04,11,2018,"Wake",35.856111,-78.574167,34,30
"7143","Millbrook School",2018-11-05,11,2018,"Wake",35.856111,-78.574167,34.5,13
"7144","Millbrook School",2018-11-06,11,2018,"Wake",35.856111,-78.574167,37,24
"7145","Millbrook School",2018-11-07,11,2018,"Wake",35.856111,-78.574167,33,32
"7146","Millbrook School",2018-11-08,11,2018,"Wake",35.856111,-78.574167,55,32
"7147","Millbrook School",2018-11-09,11,2018,"Wake",35.856111,-78.574167,43.5,16
"7148","Millbrook School",2018-11-10,11,2018,"Wake",35.856111,-78.574167,25.6666666666667,33
"7149","Millbrook School",2018-11-11,11,2018,"Wake",35.856111,-78.574167,43.5,31
"7150","Millbrook School",2018-11-12,11,2018,"Wake",35.856111,-78.574167,43,19
"7151","Millbrook School",2018-11-13,11,2018,"Wake",35.856111,-78.574167,23.6666666666667,17
"7152","Millbrook School",2018-11-14,11,2018,"Wake",35.856111,-78.574167,49,22
"7153","Millbrook School",2018-11-15,11,2018,"Wake",35.856111,-78.574167,29,24
"7154","Millbrook School",2018-11-16,11,2018,"Wake",35.856111,-78.574167,33.3333333333333,24
"7155","Millbrook School",2018-11-17,11,2018,"Wake",35.856111,-78.574167,56,29
"7156","Millbrook School",2018-11-18,11,2018,"Wake",35.856111,-78.574167,69.5,30
"7157","Millbrook School",2018-11-19,11,2018,"Wake",35.856111,-78.574167,63.6666666666667,26
"7158","Millbrook School",2018-11-20,11,2018,"Wake",35.856111,-78.574167,54.5,30
"7159","Millbrook School",2018-11-21,11,2018,"Wake",35.856111,-78.574167,39,28
"7160","Millbrook School",2018-11-22,11,2018,"Wake",35.856111,-78.574167,51.3333333333333,26
"7161","Millbrook School",2018-11-23,11,2018,"Wake",35.856111,-78.574167,36,32
"7162","Millbrook School",2018-11-24,11,2018,"Wake",35.856111,-78.574167,32.5,17
"7163","Millbrook School",2018-11-25,11,2018,"Wake",35.856111,-78.574167,51.3333333333333,23
"7164","Millbrook School",2018-11-26,11,2018,"Wake",35.856111,-78.574167,42.5,22
"7165","Millbrook School",2018-11-27,11,2018,"Wake",35.856111,-78.574167,23.5,21
"7166","Millbrook School",2018-11-28,11,2018,"Wake",35.856111,-78.574167,33.6666666666667,27
"7167","Millbrook School",2018-11-29,11,2018,"Wake",35.856111,-78.574167,50,23
"7168","Millbrook School",2018-11-30,11,2018,"Wake",35.856111,-78.574167,55,31
"7169","Millbrook School",2018-12-01,12,2018,"Wake",35.856111,-78.574167,55,26
"7170","Millbrook School",2018-12-02,12,2018,"Wake",35.856111,-78.574167,33,22
"7171","Millbrook School",2018-12-03,12,2018,"Wake",35.856111,-78.574167,56,28
"7172","Millbrook School",2018-12-04,12,2018,"Wake",35.856111,-78.574167,19,18
"7173","Millbrook School",2018-12-05,12,2018,"Wake",35.856111,-78.574167,35,22
"7174","Millbrook School",2018-12-06,12,2018,"Wake",35.856111,-78.574167,45,23
"7175","Millbrook School",2018-12-07,12,2018,"Wake",35.856111,-78.574167,43,26
"7176","Millbrook School",2018-12-08,12,2018,"Wake",35.856111,-78.574167,60,25
"7177","Millbrook School",2018-12-09,12,2018,"Wake",35.856111,-78.574167,43,NA
"7178","Millbrook School",2018-12-10,12,2018,"Wake",35.856111,-78.574167,39,27
"7179","Millbrook School",2018-12-11,12,2018,"Wake",35.856111,-78.574167,66,30
"7180","Millbrook School",2018-12-12,12,2018,"Wake",35.856111,-78.574167,55.5,23
"7181","Millbrook School",2018-12-13,12,2018,"Wake",35.856111,-78.574167,60.6666666666667,14
"7182","Millbrook School",2018-12-14,12,2018,"Wake",35.856111,-78.574167,54,20
"7183","Millbrook School",2018-12-15,12,2018,"Wake",35.856111,-78.574167,34,11
"7184","Millbrook School",2018-12-16,12,2018,"Wake",35.856111,-78.574167,28.3333333333333,24
"7185","Millbrook School",2018-12-17,12,2018,"Wake",35.856111,-78.574167,24,30
"7186","Millbrook School",2018-12-18,12,2018,"Wake",35.856111,-78.574167,45.5,25
"7187","Millbrook School",2018-12-19,12,2018,"Wake",35.856111,-78.574167,54,NA
"7188","Millbrook School",2018-12-20,12,2018,"Wake",35.856111,-78.574167,45.5,28
"7189","Millbrook School",2018-12-21,12,2018,"Wake",35.856111,-78.574167,27,35
"7190","Millbrook School",2018-12-22,12,2018,"Wake",35.856111,-78.574167,15.6666666666667,21
"7191","Millbrook School",2018-12-23,12,2018,"Wake",35.856111,-78.574167,42.5,28
"7192","Millbrook School",2018-12-24,12,2018,"Wake",35.856111,-78.574167,44.5,29
"7193","Millbrook School",2018-12-25,12,2018,"Wake",35.856111,-78.574167,51.6666666666667,30
"7194","Millbrook School",2018-12-26,12,2018,"Wake",35.856111,-78.574167,61,28
"7195","Millbrook School",2018-12-27,12,2018,"Wake",35.856111,-78.574167,51.5,27
"7196","Millbrook School",2018-12-28,12,2018,"Wake",35.856111,-78.574167,24.3333333333333,27
"7197","Millbrook School",2018-12-29,12,2018,"Wake",35.856111,-78.574167,33.5,27
"7198","Millbrook School",2018-12-30,12,2018,"Wake",35.856111,-78.574167,57,15
"7199","Millbrook School",2018-12-31,12,2018,"Wake",35.856111,-78.574167,54.6666666666667,NA
"7200","Millbrook School",2019-01-01,1,2019,"Wake",35.856111,-78.574167,32,31
"7201","Millbrook School",2019-01-02,1,2019,"Wake",35.856111,-78.574167,34.5,25
"7202","Millbrook School",2019-01-03,1,2019,"Wake",35.856111,-78.574167,36.6666666666667,14
"7203","Millbrook School",2019-01-04,1,2019,"Wake",35.856111,-78.574167,38.5,24
"7204","Millbrook School",2019-01-05,1,2019,"Wake",35.856111,-78.574167,25.5,36
"7205","Millbrook School",2019-01-06,1,2019,"Wake",35.856111,-78.574167,26,31
"7206","Millbrook School",2019-01-07,1,2019,"Wake",35.856111,-78.574167,39,29
"7207","Millbrook School",2019-01-08,1,2019,"Wake",35.856111,-78.574167,46.5,33
"7208","Millbrook School",2019-01-09,1,2019,"Wake",35.856111,-78.574167,19.6666666666667,34
"7209","Millbrook School",2019-01-10,1,2019,"Wake",35.856111,-78.574167,30.5,27
"7210","Millbrook School",2019-01-11,1,2019,"Wake",35.856111,-78.574167,39.5,28
"7211","Millbrook School",2019-01-12,1,2019,"Wake",35.856111,-78.574167,44,29
"7212","Millbrook School",2019-01-13,1,2019,"Wake",35.856111,-78.574167,18.5,29
"7213","Millbrook School",2019-01-14,1,2019,"Wake",35.856111,-78.574167,47,29
"7214","Millbrook School",2019-01-15,1,2019,"Wake",35.856111,-78.574167,52,22
"7215","Millbrook School",2019-01-16,1,2019,"Wake",35.856111,-78.574167,56.5,27
"7216","Millbrook School",2019-01-17,1,2019,"Wake",35.856111,-78.574167,46,25
"7217","Millbrook School",2019-01-18,1,2019,"Wake",35.856111,-78.574167,44,27
"7218","Millbrook School",2019-01-19,1,2019,"Wake",35.856111,-78.574167,47,33
"7219","Millbrook School",2019-01-20,1,2019,"Wake",35.856111,-78.574167,26,35
"7220","Millbrook School",2019-01-21,1,2019,"Wake",35.856111,-78.574167,29.6666666666667,37
"7221","Millbrook School",2019-01-22,1,2019,"Wake",35.856111,-78.574167,40,32
"7222","Millbrook School",2019-01-23,1,2019,"Wake",35.856111,-78.574167,36,35
"7223","Millbrook School",2019-01-24,1,2019,"Wake",35.856111,-78.574167,15,31
"7224","Millbrook School",2019-01-25,1,2019,"Wake",35.856111,-78.574167,39.5,33
"7225","Millbrook School",2019-01-26,1,2019,"Wake",35.856111,-78.574167,56,36
"7226","Millbrook School",2019-01-27,1,2019,"Wake",35.856111,-78.574167,59.6666666666667,33
"7227","Millbrook School",2019-01-28,1,2019,"Wake",35.856111,-78.574167,40,33
"7228","Millbrook School",2019-01-29,1,2019,"Wake",35.856111,-78.574167,51.5,35
"7229","Millbrook School",2019-01-30,1,2019,"Wake",35.856111,-78.574167,27,34
"7230","Millbrook School",2019-01-31,1,2019,"Wake",35.856111,-78.574167,32.5,35
"7231","Millbrook School",2019-02-01,2,2019,"Wake",35.856111,-78.574167,48.5,37
"7232","Millbrook School",2019-02-02,2,2019,"Wake",35.856111,-78.574167,61.3333333333333,29
"7233","Millbrook School",2019-02-03,2,2019,"Wake",35.856111,-78.574167,67.5,32
"7234","Millbrook School",2019-02-04,2,2019,"Wake",35.856111,-78.574167,57.5,43
"7235","Millbrook School",2019-02-05,2,2019,"Wake",35.856111,-78.574167,52.6666666666667,34
"7236","Millbrook School",2019-02-06,2,2019,"Wake",35.856111,-78.574167,59,35
"7237","Millbrook School",2019-02-07,2,2019,"Wake",35.856111,-78.574167,56.5,31
"7238","Millbrook School",2019-02-08,2,2019,"Wake",35.856111,-78.574167,45,40
"7239","Millbrook School",2019-02-09,2,2019,"Wake",35.856111,-78.574167,28,36
"7240","Millbrook School",2019-02-10,2,2019,"Wake",35.856111,-78.574167,45,34
"7241","Millbrook School",2019-02-11,2,2019,"Wake",35.856111,-78.574167,38,21
"7242","Millbrook School",2019-02-12,2,2019,"Wake",35.856111,-78.574167,27,21
"7243","Millbrook School",2019-02-13,2,2019,"Wake",35.856111,-78.574167,23,42
"7244","Millbrook School",2019-02-14,2,2019,"Wake",35.856111,-78.574167,20,37
"7245","Millbrook School",2019-02-15,2,2019,"Wake",35.856111,-78.574167,44,41
"7246","Millbrook School",2019-02-16,2,2019,"Wake",35.856111,-78.574167,40,35
"7247","Millbrook School",2019-02-17,2,2019,"Wake",35.856111,-78.574167,41.6666666666667,29
"7248","Millbrook School",2019-02-18,2,2019,"Wake",35.856111,-78.574167,26.5,35
"7249","Millbrook School",2019-02-19,2,2019,"Wake",35.856111,-78.574167,35,33
"7250","Millbrook School",2019-02-20,2,2019,"Wake",35.856111,-78.574167,20.3333333333333,31
"7251","Millbrook School",2019-02-21,2,2019,"Wake",35.856111,-78.574167,45.5,15
"7252","Millbrook School",2019-02-22,2,2019,"Wake",35.856111,-78.574167,32,35
"7253","Millbrook School",2019-02-23,2,2019,"Wake",35.856111,-78.574167,18,31
"7254","Millbrook School",2019-02-24,2,2019,"Wake",35.856111,-78.574167,25,42
"7255","Millbrook School",2019-02-25,2,2019,"Wake",35.856111,-78.574167,18.5,44
"7256","Millbrook School",2019-02-26,2,2019,"Wake",35.856111,-78.574167,37,41
"7257","Millbrook School",2019-02-27,2,2019,"Wake",35.856111,-78.574167,57,21
"7258","Millbrook School",2019-02-28,2,2019,"Wake",35.856111,-78.574167,59.5,34
"7259","Millbrook School",2019-03-01,3,2019,"Wake",35.856111,-78.574167,40.6666666666667,25
"7260","Millbrook School",2019-03-02,3,2019,"Wake",35.856111,-78.574167,23,33
"7261","Millbrook School",2019-03-03,3,2019,"Wake",35.856111,-78.574167,44,29
"7262","Millbrook School",2019-03-04,3,2019,"Wake",35.856111,-78.574167,25.5,40
"7263","Millbrook School",2019-03-05,3,2019,"Wake",35.856111,-78.574167,34.5,36
"7264","Millbrook School",2019-03-06,3,2019,"Wake",35.856111,-78.574167,35.5,40
"7265","Millbrook School",2019-03-07,3,2019,"Wake",35.856111,-78.574167,41.3333333333333,40
"7266","Millbrook School",2019-03-08,3,2019,"Wake",35.856111,-78.574167,50,35
"7267","Millbrook School",2019-03-09,3,2019,"Wake",35.856111,-78.574167,53,36
"7268","Millbrook School",2019-03-10,3,2019,"Wake",35.856111,-78.574167,44.6666666666667,30
"7269","Millbrook School",2019-03-11,3,2019,"Wake",35.856111,-78.574167,26.5,43
"7270","Millbrook School",2019-03-12,3,2019,"Wake",35.856111,-78.574167,25.5,45
"7271","Millbrook School",2019-03-13,3,2019,"Wake",35.856111,-78.574167,37.3333333333333,47
"7272","Millbrook School",2019-03-14,3,2019,"Wake",35.856111,-78.574167,37,50
"7273","Millbrook School",2019-03-15,3,2019,"Wake",35.856111,-78.574167,38,37
"7274","Millbrook School",2019-03-16,3,2019,"Wake",35.856111,-78.574167,29.3333333333333,44
"7275","Millbrook School",2019-03-17,3,2019,"Wake",35.856111,-78.574167,40.5,46
"7276","Millbrook School",2019-03-18,3,2019,"Wake",35.856111,-78.574167,50,46
"7277","Millbrook School",2019-03-19,3,2019,"Wake",35.856111,-78.574167,40.3333333333333,46
"7278","Millbrook School",2019-03-20,3,2019,"Wake",35.856111,-78.574167,44,42
"7279","Millbrook School",2019-03-21,3,2019,"Wake",35.856111,-78.574167,29,45
"7280","Millbrook School",2019-03-22,3,2019,"Wake",35.856111,-78.574167,27,44
"7281","Millbrook School",2019-03-23,3,2019,"Wake",35.856111,-78.574167,25.5,48
"7282","Millbrook School",2019-03-24,3,2019,"Wake",35.856111,-78.574167,48.5,64
"7283","Millbrook School",2019-03-25,3,2019,"Wake",35.856111,-78.574167,47.6666666666667,48
"7284","Millbrook School",2019-03-26,3,2019,"Wake",35.856111,-78.574167,42.5,44
"7285","Millbrook School",2019-03-27,3,2019,"Wake",35.856111,-78.574167,29,47
"7286","Millbrook School",2019-03-28,3,2019,"Wake",35.856111,-78.574167,30,49
"7287","Millbrook School",2019-03-29,3,2019,"Wake",35.856111,-78.574167,54.5,64
"7288","Millbrook School",2019-03-30,3,2019,"Wake",35.856111,-78.574167,50,50
"7289","Millbrook School",2019-03-31,3,2019,"Wake",35.856111,-78.574167,25.5,43
"7290","Millbrook School",2019-04-01,4,2019,"Wake",35.856111,-78.574167,26.5,44
"7291","Millbrook School",2019-04-02,4,2019,"Wake",35.856111,-78.574167,35,34
"7292","Millbrook School",2019-04-03,4,2019,"Wake",35.856111,-78.574167,44,54
"7293","Millbrook School",2019-04-04,4,2019,"Wake",35.856111,-78.574167,52.5,71
"7294","Millbrook School",2019-04-05,4,2019,"Wake",35.856111,-78.574167,42,39
"7295","Millbrook School",2019-04-06,4,2019,"Wake",35.856111,-78.574167,30.6666666666667,38
"7296","Millbrook School",2019-04-07,4,2019,"Wake",35.856111,-78.574167,45.5,35
"7297","Millbrook School",2019-04-08,4,2019,"Wake",35.856111,-78.574167,37,34
"7298","Millbrook School",2019-04-09,4,2019,"Wake",35.856111,-78.574167,37,37
"7299","Millbrook School",2019-04-10,4,2019,"Wake",35.856111,-78.574167,34,58
"7300","Millbrook School",2019-04-11,4,2019,"Wake",35.856111,-78.574167,37,58
"7301","Millbrook School",2019-04-12,4,2019,"Wake",35.856111,-78.574167,33,34
"7302","Millbrook School",2019-04-13,4,2019,"Wake",35.856111,-78.574167,30,28
"7303","Millbrook School",2019-04-14,4,2019,"Wake",35.856111,-78.574167,31,31
"7304","Millbrook School",2019-04-15,4,2019,"Wake",35.856111,-78.574167,20.3333333333333,47
"7305","Millbrook School",2019-04-16,4,2019,"Wake",35.856111,-78.574167,25.5,51
"7306","Millbrook School",2019-04-17,4,2019,"Wake",35.856111,-78.574167,49,64
"7307","Millbrook School",2019-04-18,4,2019,"Wake",35.856111,-78.574167,46.3333333333333,48
"7308","Millbrook School",2019-04-19,4,2019,"Wake",35.856111,-78.574167,29.5,36
"7309","Millbrook School",2019-04-20,4,2019,"Wake",35.856111,-78.574167,25,36
"7310","Millbrook School",2019-04-21,4,2019,"Wake",35.856111,-78.574167,20.6666666666667,31
"7311","Millbrook School",2019-04-22,4,2019,"Wake",35.856111,-78.574167,26.5,40
"7312","Millbrook School",2019-04-23,4,2019,"Wake",35.856111,-78.574167,50.5,49
"7313","Millbrook School",2019-04-24,4,2019,"Wake",35.856111,-78.574167,46,58
"7314","Millbrook School",2019-04-25,4,2019,"Wake",35.856111,-78.574167,65.5,61
"7315","Millbrook School",2019-04-26,4,2019,"Wake",35.856111,-78.574167,40.5,44
"7316","Millbrook School",2019-04-27,4,2019,"Wake",35.856111,-78.574167,32.6666666666667,51
"7317","Millbrook School",2019-04-28,4,2019,"Wake",35.856111,-78.574167,56,49
"7318","Millbrook School",2019-04-29,4,2019,"Wake",35.856111,-78.574167,46,37
"7319","Millbrook School",2019-04-30,4,2019,"Wake",35.856111,-78.574167,52.3333333333333,51
"7320","Millbrook School",2019-05-01,5,2019,"Wake",35.856111,-78.574167,47,41
"7321","Millbrook School",2019-05-02,5,2019,"Wake",35.856111,-78.574167,38.5,45
"7322","Millbrook School",2019-05-03,5,2019,"Wake",35.856111,-78.574167,35,31
"7323","Millbrook School",2019-05-04,5,2019,"Wake",35.856111,-78.574167,36,41
"7324","Millbrook School",2019-05-05,5,2019,"Wake",35.856111,-78.574167,27,30
"7325","Millbrook School",2019-05-06,5,2019,"Wake",35.856111,-78.574167,23,41
"7326","Millbrook School",2019-05-07,5,2019,"Wake",35.856111,-78.574167,37.5,48
"7327","Millbrook School",2019-05-08,5,2019,"Wake",35.856111,-78.574167,41,46
"7328","Millbrook School",2019-05-09,5,2019,"Wake",35.856111,-78.574167,33,46
"7329","Millbrook School",2019-05-10,5,2019,"Wake",35.856111,-78.574167,34.5,39
"7330","Millbrook School",2019-05-11,5,2019,"Wake",35.856111,-78.574167,39.5,41
"7331","Millbrook School",2019-05-12,5,2019,"Wake",35.856111,-78.574167,32.5,34
"7332","Millbrook School",2019-05-13,5,2019,"Wake",35.856111,-78.574167,30.5,31
"7333","Millbrook School",2019-05-14,5,2019,"Wake",35.856111,-78.574167,24.5,41
"7334","Millbrook School",2019-05-15,5,2019,"Wake",35.856111,-78.574167,34.5,47
"7335","Millbrook School",2019-05-16,5,2019,"Wake",35.856111,-78.574167,47,61
"7336","Millbrook School",2019-05-17,5,2019,"Wake",35.856111,-78.574167,59,64
"7337","Millbrook School",2019-05-18,5,2019,"Wake",35.856111,-78.574167,57.5,80
"7338","Millbrook School",2019-05-19,5,2019,"Wake",35.856111,-78.574167,57.5,54
"7339","Millbrook School",2019-05-20,5,2019,"Wake",35.856111,-78.574167,51,46
"7340","Millbrook School",2019-05-21,5,2019,"Wake",35.856111,-78.574167,31.5,48
"7341","Millbrook School",2019-05-22,5,2019,"Wake",35.856111,-78.574167,33,50
"7342","Millbrook School",2019-05-23,5,2019,"Wake",35.856111,-78.574167,23,41
"7343","Millbrook School",2019-05-24,5,2019,"Wake",35.856111,-78.574167,40.6666666666667,47
"7344","Millbrook School",2019-05-25,5,2019,"Wake",35.856111,-78.574167,46,74
"7345","Millbrook School",2019-05-26,5,2019,"Wake",35.856111,-78.574167,52.5,48
"7346","Millbrook School",2019-05-27,5,2019,"Wake",35.856111,-78.574167,39.6666666666667,49
"7347","Millbrook School",2019-05-28,5,2019,"Wake",35.856111,-78.574167,57,64
"7348","Millbrook School",2019-05-29,5,2019,"Wake",35.856111,-78.574167,49.5,46
"7349","Millbrook School",2019-05-30,5,2019,"Wake",35.856111,-78.574167,56,61
"7350","Millbrook School",2019-05-31,5,2019,"Wake",35.856111,-78.574167,53.5,54
"7351","Millbrook School",2019-06-01,6,2019,"Wake",35.856111,-78.574167,30,49
"7352","Millbrook School",2019-06-02,6,2019,"Wake",35.856111,-78.574167,42.3333333333333,67
"7353","Millbrook School",2019-06-03,6,2019,"Wake",35.856111,-78.574167,55,50
"7354","Millbrook School",2019-06-04,6,2019,"Wake",35.856111,-78.574167,41.5,67
"7355","Millbrook School",2019-06-05,6,2019,"Wake",35.856111,-78.574167,52,47
"7356","Millbrook School",2019-06-06,6,2019,"Wake",35.856111,-78.574167,54.5,50
"7357","Millbrook School",2019-06-07,6,2019,"Wake",35.856111,-78.574167,51,31
"7358","Millbrook School",2019-06-08,6,2019,"Wake",35.856111,-78.574167,29.6666666666667,32
"7359","Millbrook School",2019-06-09,6,2019,"Wake",35.856111,-78.574167,21,25
"7360","Millbrook School",2019-06-10,6,2019,"Wake",35.856111,-78.574167,27.5,29
"7361","Millbrook School",2019-06-11,6,2019,"Wake",35.856111,-78.574167,20,37
"7362","Millbrook School",2019-06-12,6,2019,"Wake",35.856111,-78.574167,24,37
"7363","Millbrook School",2019-06-13,6,2019,"Wake",35.856111,-78.574167,23,39
"7364","Millbrook School",2019-06-14,6,2019,"Wake",35.856111,-78.574167,19.3333333333333,44
"7365","Millbrook School",2019-06-15,6,2019,"Wake",35.856111,-78.574167,40,54
"7366","Millbrook School",2019-06-16,6,2019,"Wake",35.856111,-78.574167,48,44
"7367","Millbrook School",2019-06-17,6,2019,"Wake",35.856111,-78.574167,47.6666666666667,39
"7368","Millbrook School",2019-06-18,6,2019,"Wake",35.856111,-78.574167,29.5,31
"7369","Millbrook School",2019-06-19,6,2019,"Wake",35.856111,-78.574167,30,32
"7370","Millbrook School",2019-06-20,6,2019,"Wake",35.856111,-78.574167,31,44
"7371","Millbrook School",2019-06-21,6,2019,"Wake",35.856111,-78.574167,23,46
"7372","Millbrook School",2019-06-22,6,2019,"Wake",35.856111,-78.574167,38.5,39
"7373","Millbrook School",2019-06-23,6,2019,"Wake",35.856111,-78.574167,44.6666666666667,39
"7374","Millbrook School",2019-06-24,6,2019,"Wake",35.856111,-78.574167,55,44
"7375","Millbrook School",2019-06-25,6,2019,"Wake",35.856111,-78.574167,30.5,44
"7376","Millbrook School",2019-06-26,6,2019,"Wake",35.856111,-78.574167,36,49
"7377","Millbrook School",2019-06-27,6,2019,"Wake",35.856111,-78.574167,53,77
"7378","Millbrook School",2019-06-28,6,2019,"Wake",35.856111,-78.574167,56.5,93
"7379","Millbrook School",2019-06-29,6,2019,"Wake",35.856111,-78.574167,53.6666666666667,77
"7380","Millbrook School",2019-06-30,6,2019,"Wake",35.856111,-78.574167,53,58
"7381","Millbrook School",2019-07-01,7,2019,"Wake",35.856111,-78.574167,40.5,45
"7382","Millbrook School",2019-07-02,7,2019,"Wake",35.856111,-78.574167,51,80
"7383","Millbrook School",2019-07-03,7,2019,"Wake",35.856111,-78.574167,42,67
"7384","Millbrook School",2019-07-04,7,2019,"Wake",35.856111,-78.574167,58,51
"7385","Millbrook School",2019-07-05,7,2019,"Wake",35.856111,-78.574167,44.6666666666667,50
"7386","Millbrook School",2019-07-06,7,2019,"Wake",35.856111,-78.574167,45,40
"7387","Millbrook School",2019-07-07,7,2019,"Wake",35.856111,-78.574167,40.5,36
"7388","Millbrook School",2019-07-08,7,2019,"Wake",35.856111,-78.574167,44,43
"7389","Millbrook School",2019-07-09,7,2019,"Wake",35.856111,-78.574167,33,38
"7390","Millbrook School",2019-07-10,7,2019,"Wake",35.856111,-78.574167,33.5,47
"7391","Millbrook School",2019-07-11,7,2019,"Wake",35.856111,-78.574167,33,38
"7392","Millbrook School",2019-07-12,7,2019,"Wake",35.856111,-78.574167,34,43
"7393","Millbrook School",2019-07-13,7,2019,"Wake",35.856111,-78.574167,42,47
"7394","Millbrook School",2019-07-14,7,2019,"Wake",35.856111,-78.574167,42,50
"7395","Millbrook School",2019-07-15,7,2019,"Wake",35.856111,-78.574167,53.5,50
"7396","Millbrook School",2019-07-16,7,2019,"Wake",35.856111,-78.574167,62.5,58
"7397","Millbrook School",2019-07-17,7,2019,"Wake",35.856111,-78.574167,64.6666666666667,41
"7398","Millbrook School",2019-07-18,7,2019,"Wake",35.856111,-78.574167,41.5,42
"7399","Millbrook School",2019-07-19,7,2019,"Wake",35.856111,-78.574167,42,44
"7400","Millbrook School",2019-07-20,7,2019,"Wake",35.856111,-78.574167,38.6666666666667,44
"7401","Millbrook School",2019-07-21,7,2019,"Wake",35.856111,-78.574167,43,38
"7402","Millbrook School",2019-07-22,7,2019,"Wake",35.856111,-78.574167,35,38
"7403","Millbrook School",2019-07-23,7,2019,"Wake",35.856111,-78.574167,24.6666666666667,28
"7404","Millbrook School",2019-07-24,7,2019,"Wake",35.856111,-78.574167,35.5,36
"7405","Millbrook School",2019-07-25,7,2019,"Wake",35.856111,-78.574167,35.5,45
"7406","Millbrook School",2019-07-26,7,2019,"Wake",35.856111,-78.574167,52,47
"7407","Millbrook School",2019-07-27,7,2019,"Wake",35.856111,-78.574167,50.5,47
"7408","Millbrook School",2019-07-28,7,2019,"Wake",35.856111,-78.574167,53,58
"7409","Millbrook School",2019-07-29,7,2019,"Wake",35.856111,-78.574167,55,71
"7410","Millbrook School",2019-07-30,7,2019,"Wake",35.856111,-78.574167,50.5,71
"7411","Millbrook School",2019-07-31,7,2019,"Wake",35.856111,-78.574167,41,58
"7412","Millbrook School",2019-08-01,8,2019,"Wake",35.856111,-78.574167,48.6666666666667,64
"7413","Millbrook School",2019-08-02,8,2019,"Wake",35.856111,-78.574167,31.5,46
"7414","Millbrook School",2019-08-03,8,2019,"Wake",35.856111,-78.574167,32.5,31
"7415","Millbrook School",2019-08-04,8,2019,"Wake",35.856111,-78.574167,38.6666666666667,42
"7416","Millbrook School",2019-08-05,8,2019,"Wake",35.856111,-78.574167,30.5,35
"7417","Millbrook School",2019-08-06,8,2019,"Wake",35.856111,-78.574167,37.5,47
"7418","Millbrook School",2019-08-07,8,2019,"Wake",35.856111,-78.574167,51,44
"7419","Millbrook School",2019-08-08,8,2019,"Wake",35.856111,-78.574167,34,50
"7420","Millbrook School",2019-08-09,8,2019,"Wake",35.856111,-78.574167,50.5,71
"7421","Millbrook School",2019-08-10,8,2019,"Wake",35.856111,-78.574167,52,51
"7422","Millbrook School",2019-08-11,8,2019,"Wake",35.856111,-78.574167,46.5,45
"7423","Millbrook School",2019-08-12,8,2019,"Wake",35.856111,-78.574167,44.5,48
"7424","Millbrook School",2019-08-13,8,2019,"Wake",35.856111,-78.574167,40,40
"7425","Millbrook School",2019-08-14,8,2019,"Wake",35.856111,-78.574167,32.5,50
"7426","Millbrook School",2019-08-15,8,2019,"Wake",35.856111,-78.574167,37.5,51
"7427","Millbrook School",2019-08-16,8,2019,"Wake",35.856111,-78.574167,34.3333333333333,40
"7428","Millbrook School",2019-08-17,8,2019,"Wake",35.856111,-78.574167,27.6666666666667,40
"7429","Millbrook School",2019-08-18,8,2019,"Wake",35.856111,-78.574167,32,44
"7430","Millbrook School",2019-08-19,8,2019,"Wake",35.856111,-78.574167,45.3333333333333,46
"7431","Millbrook School",2019-08-20,8,2019,"Wake",35.856111,-78.574167,39,37
"7432","Millbrook School",2019-08-21,8,2019,"Wake",35.856111,-78.574167,32.5,42
"7433","Millbrook School",2019-08-22,8,2019,"Wake",35.856111,-78.574167,37,43
"7434","Millbrook School",2019-08-23,8,2019,"Wake",35.856111,-78.574167,34.5,38
"7435","Millbrook School",2019-08-24,8,2019,"Wake",35.856111,-78.574167,17,23
"7436","Millbrook School",2019-08-25,8,2019,"Wake",35.856111,-78.574167,19.6666666666667,33
"7437","Millbrook School",2019-08-26,8,2019,"Wake",35.856111,-78.574167,19.5,25
"7438","Millbrook School",2019-08-27,8,2019,"Wake",35.856111,-78.574167,22,30
"7439","Millbrook School",2019-08-28,8,2019,"Wake",35.856111,-78.574167,26.3333333333333,37
"7440","Millbrook School",2019-08-29,8,2019,"Wake",35.856111,-78.574167,24.5,49
"7441","Millbrook School",2019-08-30,8,2019,"Wake",35.856111,-78.574167,31.5,80
"7442","Millbrook School",2019-08-31,8,2019,"Wake",35.856111,-78.574167,40,54
"7443","Millbrook School",2019-09-01,9,2019,"Wake",35.856111,-78.574167,29.5,40
"7444","Millbrook School",2019-09-02,9,2019,"Wake",35.856111,-78.574167,27,31
"7445","Millbrook School",2019-09-03,9,2019,"Wake",35.856111,-78.574167,34.6666666666667,39
"7446","Millbrook School",2019-09-04,9,2019,"Wake",35.856111,-78.574167,30.5,26
"7447","Millbrook School",2019-09-06,9,2019,"Wake",35.856111,-78.574167,NA,44
"7448","Millbrook School",2019-09-07,9,2019,"Wake",35.856111,-78.574167,38.5,54
"7449","Millbrook School",2019-09-08,9,2019,"Wake",35.856111,-78.574167,57.5,42
"7450","Millbrook School",2019-09-09,9,2019,"Wake",35.856111,-78.574167,56.3333333333333,32
"7451","Millbrook School",2019-09-10,9,2019,"Wake",35.856111,-78.574167,38.5,38
"7452","Millbrook School",2019-09-11,9,2019,"Wake",35.856111,-78.574167,50.5,54
"7453","Millbrook School",2019-09-12,9,2019,"Wake",35.856111,-78.574167,63,74
"7454","Millbrook School",2019-09-13,9,2019,"Wake",35.856111,-78.574167,47,40
"7455","Millbrook School",2019-09-14,9,2019,"Wake",35.856111,-78.574167,31,32
"7456","Millbrook School",2019-09-15,9,2019,"Wake",35.856111,-78.574167,22.3333333333333,31
"7457","Millbrook School",2019-09-16,9,2019,"Wake",35.856111,-78.574167,37.5,41
"7458","Millbrook School",2019-09-17,9,2019,"Wake",35.856111,-78.574167,35.5,41
"7459","Millbrook School",2019-09-18,9,2019,"Wake",35.856111,-78.574167,21.3333333333333,42
"7460","Millbrook School",2019-09-19,9,2019,"Wake",35.856111,-78.574167,22.6666666666667,36
"7461","Millbrook School",2019-09-20,9,2019,"Wake",35.856111,-78.574167,20.5,44
"7462","Millbrook School",2019-09-21,9,2019,"Wake",35.856111,-78.574167,36.6666666666667,48
"7463","Millbrook School",2019-09-22,9,2019,"Wake",35.856111,-78.574167,37,45
"7464","Millbrook School",2019-09-23,9,2019,"Wake",35.856111,-78.574167,29.5,49
"7465","Millbrook School",2019-09-24,9,2019,"Wake",35.856111,-78.574167,29.3333333333333,48
"7466","Millbrook School",2019-09-25,9,2019,"Wake",35.856111,-78.574167,35.5,48
"7467","Millbrook School",2019-09-26,9,2019,"Wake",35.856111,-78.574167,53,61
"7468","Millbrook School",2019-09-27,9,2019,"Wake",35.856111,-78.574167,48.3333333333333,46
"7469","Millbrook School",2019-09-28,9,2019,"Wake",35.856111,-78.574167,38,41
"7470","Millbrook School",2019-09-29,9,2019,"Wake",35.856111,-78.574167,54.5,47
"7471","Millbrook School",2019-09-30,9,2019,"Wake",35.856111,-78.574167,44.3333333333333,44
"7472","Millbrook School",2019-10-01,10,2019,"Wake",35.856111,-78.574167,34.5,47
"7473","Millbrook School",2019-10-02,10,2019,"Wake",35.856111,-78.574167,61,84
"7474","Millbrook School",2019-10-03,10,2019,"Wake",35.856111,-78.574167,60,90
"7475","Millbrook School",2019-10-04,10,2019,"Wake",35.856111,-78.574167,55.5,47
"7476","Millbrook School",2019-10-05,10,2019,"Wake",35.856111,-78.574167,16.5,30
"7477","Millbrook School",2019-10-06,10,2019,"Wake",35.856111,-78.574167,25,34
"7478","Millbrook School",2019-10-07,10,2019,"Wake",35.856111,-78.574167,21,36
"7479","Millbrook School",2019-10-08,10,2019,"Wake",35.856111,-78.574167,15,29
"7480","Millbrook School",2019-10-09,10,2019,"Wake",35.856111,-78.574167,17.5,29
"7481","Millbrook School",2019-10-10,10,2019,"Wake",35.856111,-78.574167,15.5,36
"7482","Millbrook School",2019-10-11,10,2019,"Wake",35.856111,-78.574167,17,42
"7483","Millbrook School",2019-10-12,10,2019,"Wake",35.856111,-78.574167,33,45
"7484","Millbrook School",2019-10-13,10,2019,"Wake",35.856111,-78.574167,32,27
"7485","Millbrook School",2019-10-14,10,2019,"Wake",35.856111,-78.574167,25,41
"7486","Millbrook School",2019-10-15,10,2019,"Wake",35.856111,-78.574167,30,44
"7487","Millbrook School",2019-10-16,10,2019,"Wake",35.856111,-78.574167,27.5,31
"7488","Millbrook School",2019-10-17,10,2019,"Wake",35.856111,-78.574167,11,34
"7489","Millbrook School",2019-10-18,10,2019,"Wake",35.856111,-78.574167,20,36
"7490","Millbrook School",2019-10-19,10,2019,"Wake",35.856111,-78.574167,37,35
"7491","Millbrook School",2019-10-20,10,2019,"Wake",35.856111,-78.574167,5,31
"7492","Millbrook School",2019-10-21,10,2019,"Wake",35.856111,-78.574167,18,31
"7493","Millbrook School",2019-10-22,10,2019,"Wake",35.856111,-78.574167,21,21
"7494","Millbrook School",2019-10-23,10,2019,"Wake",35.856111,-78.574167,14.5,36
"7495","Millbrook School",2019-10-24,10,2019,"Wake",35.856111,-78.574167,27.5,39
"7496","Millbrook School",2019-10-25,10,2019,"Wake",35.856111,-78.574167,30,37
"7497","Millbrook School",2019-10-26,10,2019,"Wake",35.856111,-78.574167,31.5,38
"7498","Millbrook School",2019-10-27,10,2019,"Wake",35.856111,-78.574167,17,22
"7499","Millbrook School",2019-10-28,10,2019,"Wake",35.856111,-78.574167,21.5,37
"7500","Millbrook School",2019-10-29,10,2019,"Wake",35.856111,-78.574167,25.5,27
"7501","Millbrook School",2019-10-30,10,2019,"Wake",35.856111,-78.574167,25.5,19
"7502","Millbrook School",2019-10-31,10,2019,"Wake",35.856111,-78.574167,16,24
"7503","Millbrook School",2019-11-01,11,2019,"Wake",35.856111,-78.574167,14,28
"7504","Millbrook School",2019-11-02,11,2019,"Wake",35.856111,-78.574167,39,33
"7505","Millbrook School",2019-11-03,11,2019,"Wake",35.856111,-78.574167,29,33
"7506","Millbrook School",2019-11-04,11,2019,"Wake",35.856111,-78.574167,38,31
"7507","Millbrook School",2019-11-05,11,2019,"Wake",35.856111,-78.574167,40,33
"7508","Millbrook School",2019-11-06,11,2019,"Wake",35.856111,-78.574167,43,34
"7509","Millbrook School",2019-11-07,11,2019,"Wake",35.856111,-78.574167,40,35
"7510","Millbrook School",2019-11-08,11,2019,"Wake",35.856111,-78.574167,21,31
"7511","Millbrook School",2019-11-09,11,2019,"Wake",35.856111,-78.574167,32,31
"7512","Millbrook School",2019-11-10,11,2019,"Wake",35.856111,-78.574167,61,35
"7513","Millbrook School",2019-11-11,11,2019,"Wake",35.856111,-78.574167,45,35
"7514","Millbrook School",2019-11-12,11,2019,"Wake",35.856111,-78.574167,25,29
"7515","Millbrook School",2019-11-13,11,2019,"Wake",35.856111,-78.574167,17,32
"7516","Millbrook School",2019-11-14,11,2019,"Wake",35.856111,-78.574167,38,28
"7517","Millbrook School",2019-11-15,11,2019,"Wake",35.856111,-78.574167,35,25
"7518","Millbrook School",2019-11-16,11,2019,"Wake",35.856111,-78.574167,41,34
"7519","Millbrook School",2019-11-17,11,2019,"Wake",35.856111,-78.574167,20,31
"7520","Millbrook School",2019-11-18,11,2019,"Wake",35.856111,-78.574167,26,23
"7521","Millbrook School",2019-11-19,11,2019,"Wake",35.856111,-78.574167,37,23
"7522","Millbrook School",2019-11-20,11,2019,"Wake",35.856111,-78.574167,47,32
"7523","Millbrook School",2019-11-21,11,2019,"Wake",35.856111,-78.574167,49,24
"7524","Millbrook School",2019-11-22,11,2019,"Wake",35.856111,-78.574167,59,31
"7525","Millbrook School",2019-11-23,11,2019,"Wake",35.856111,-78.574167,36,24
"7526","Millbrook School",2019-11-24,11,2019,"Wake",35.856111,-78.574167,17,36
"7527","Millbrook School",2019-11-25,11,2019,"Wake",35.856111,-78.574167,36,29
"7528","Millbrook School",2019-11-26,11,2019,"Wake",35.856111,-78.574167,53,31
"7529","Millbrook School",2019-11-27,11,2019,"Wake",35.856111,-78.574167,56,31
"7530","Millbrook School",2019-11-28,11,2019,"Wake",35.856111,-78.574167,15,31
"7531","Millbrook School",2019-11-29,11,2019,"Wake",35.856111,-78.574167,29,27
"7532","Millbrook School",2019-11-30,11,2019,"Wake",35.856111,-78.574167,60,20
"7533","Millbrook School",2019-12-01,12,2019,"Wake",35.856111,-78.574167,29,22
"7534","Millbrook School",2019-12-02,12,2019,"Wake",35.856111,-78.574167,13,18
"7535","Millbrook School",2019-12-03,12,2019,"Wake",35.856111,-78.574167,13,24
"7536","Millbrook School",2019-12-04,12,2019,"Wake",35.856111,-78.574167,23,32
"7537","Millbrook School",2019-12-05,12,2019,"Wake",35.856111,-78.574167,34,NA
"7538","Millbrook School",2019-12-06,12,2019,"Wake",35.856111,-78.574167,56,NA
"7539","Millbrook School",2019-12-07,12,2019,"Wake",35.856111,-78.574167,44,28
"7540","Millbrook School",2019-12-08,12,2019,"Wake",35.856111,-78.574167,27,29
"7541","Millbrook School",2019-12-09,12,2019,"Wake",35.856111,-78.574167,26,19
"7542","Millbrook School",2019-12-10,12,2019,"Wake",35.856111,-78.574167,35,31
"7543","Millbrook School",2019-12-11,12,2019,"Wake",35.856111,-78.574167,20,31
"7544","Millbrook School",2019-12-12,12,2019,"Wake",35.856111,-78.574167,34,30
"7545","Millbrook School",2019-12-13,12,2019,"Wake",35.856111,-78.574167,20,23
"7546","Millbrook School",2019-12-14,12,2019,"Wake",35.856111,-78.574167,12,23
"7547","Millbrook School",2019-12-15,12,2019,"Wake",35.856111,-78.574167,30,31
"7548","Millbrook School",2019-12-16,12,2019,"Wake",35.856111,-78.574167,46,31
"7549","Millbrook School",2019-12-17,12,2019,"Wake",35.856111,-78.574167,15,24
"7550","Millbrook School",2019-12-18,12,2019,"Wake",35.856111,-78.574167,19,34
"7551","Millbrook School",2019-12-19,12,2019,"Wake",35.856111,-78.574167,36,31
"7552","Millbrook School",2019-12-20,12,2019,"Wake",35.856111,-78.574167,55,30
"7553","Millbrook School",2019-12-21,12,2019,"Wake",35.856111,-78.574167,56,26
"7554","Millbrook School",2019-12-22,12,2019,"Wake",35.856111,-78.574167,69,19
"7555","Millbrook School",2019-12-23,12,2019,"Wake",35.856111,-78.574167,54,22
"7556","Millbrook School",2019-12-24,12,2019,"Wake",35.856111,-78.574167,25,34
"7557","Millbrook School",2019-12-25,12,2019,"Wake",35.856111,-78.574167,53,30
"7558","Millbrook School",2019-12-26,12,2019,"Wake",35.856111,-78.574167,61,26
"7559","Millbrook School",2019-12-27,12,2019,"Wake",35.856111,-78.574167,48,19
"7560","Millbrook School",2019-12-28,12,2019,"Wake",35.856111,-78.574167,54,30
"7561","Millbrook School",2019-12-29,12,2019,"Wake",35.856111,-78.574167,33,28
"7562","Millbrook School",2019-12-30,12,2019,"Wake",35.856111,-78.574167,10,33
"7563","Millbrook School",2019-12-31,12,2019,"Wake",35.856111,-78.574167,19,34
"7564","Pitt Agri. Center",2018-01-01,1,2018,"Pitt",35.6412760008938,-77.360126,15,NA
"7565","Pitt Agri. Center",2018-01-02,1,2018,"Pitt",35.6412760008938,-77.360126,28,NA
"7566","Pitt Agri. Center",2018-01-03,1,2018,"Pitt",35.6412760008938,-77.360126,34,NA
"7567","Pitt Agri. Center",2018-01-04,1,2018,"Pitt",35.6412760008938,-77.360126,25,NA
"7568","Pitt Agri. Center",2018-01-05,1,2018,"Pitt",35.6412760008938,-77.360126,21,NA
"7569","Pitt Agri. Center",2018-01-06,1,2018,"Pitt",35.6412760008938,-77.360126,17,NA
"7570","Pitt Agri. Center",2018-01-07,1,2018,"Pitt",35.6412760008938,-77.360126,18,NA
"7571","Pitt Agri. Center",2018-01-08,1,2018,"Pitt",35.6412760008938,-77.360126,31,NA
"7572","Pitt Agri. Center",2018-01-09,1,2018,"Pitt",35.6412760008938,-77.360126,31,NA
"7573","Pitt Agri. Center",2018-01-10,1,2018,"Pitt",35.6412760008938,-77.360126,37,NA
"7574","Pitt Agri. Center",2018-01-11,1,2018,"Pitt",35.6412760008938,-77.360126,27.5,NA
"7575","Pitt Agri. Center",2018-01-12,1,2018,"Pitt",35.6412760008938,-77.360126,12,NA
"7576","Pitt Agri. Center",2018-01-13,1,2018,"Pitt",35.6412760008938,-77.360126,3,NA
"7577","Pitt Agri. Center",2018-01-14,1,2018,"Pitt",35.6412760008938,-77.360126,15.5,NA
"7578","Pitt Agri. Center",2018-01-15,1,2018,"Pitt",35.6412760008938,-77.360126,30,NA
"7579","Pitt Agri. Center",2018-01-16,1,2018,"Pitt",35.6412760008938,-77.360126,37,NA
"7580","Pitt Agri. Center",2018-01-17,1,2018,"Pitt",35.6412760008938,-77.360126,48.5,NA
"7581","Pitt Agri. Center",2018-01-18,1,2018,"Pitt",35.6412760008938,-77.360126,38,NA
"7582","Pitt Agri. Center",2018-01-19,1,2018,"Pitt",35.6412760008938,-77.360126,34,NA
"7583","Pitt Agri. Center",2018-01-20,1,2018,"Pitt",35.6412760008938,-77.360126,41,NA
"7584","Pitt Agri. Center",2018-01-21,1,2018,"Pitt",35.6412760008938,-77.360126,35,NA
"7585","Pitt Agri. Center",2018-01-22,1,2018,"Pitt",35.6412760008938,-77.360126,39,NA
"7586","Pitt Agri. Center",2018-01-23,1,2018,"Pitt",35.6412760008938,-77.360126,16,NA
"7587","Pitt Agri. Center",2018-01-24,1,2018,"Pitt",35.6412760008938,-77.360126,9,NA
"7588","Pitt Agri. Center",2018-01-25,1,2018,"Pitt",35.6412760008938,-77.360126,13,NA
"7589","Pitt Agri. Center",2018-01-26,1,2018,"Pitt",35.6412760008938,-77.360126,21,NA
"7590","Pitt Agri. Center",2018-01-27,1,2018,"Pitt",35.6412760008938,-77.360126,26,NA
"7591","Pitt Agri. Center",2018-01-28,1,2018,"Pitt",35.6412760008938,-77.360126,11,NA
"7592","Pitt Agri. Center",2018-01-29,1,2018,"Pitt",35.6412760008938,-77.360126,5,NA
"7593","Pitt Agri. Center",2018-01-30,1,2018,"Pitt",35.6412760008938,-77.360126,19,NA
"7594","Pitt Agri. Center",2018-01-31,1,2018,"Pitt",35.6412760008938,-77.360126,20,NA
"7595","Pitt Agri. Center",2018-02-01,2,2018,"Pitt",35.6412760008938,-77.360126,22.5,NA
"7596","Pitt Agri. Center",2018-02-04,2,2018,"Pitt",35.6412760008938,-77.360126,12,NA
"7597","Pitt Agri. Center",2018-02-07,2,2018,"Pitt",35.6412760008938,-77.360126,19,NA
"7598","Pitt Agri. Center",2018-02-10,2,2018,"Pitt",35.6412760008938,-77.360126,24,NA
"7599","Pitt Agri. Center",2018-02-11,2,2018,"Pitt",35.6412760008938,-77.360126,25,NA
"7600","Pitt Agri. Center",2018-02-12,2,2018,"Pitt",35.6412760008938,-77.360126,12,NA
"7601","Pitt Agri. Center",2018-02-13,2,2018,"Pitt",35.6412760008938,-77.360126,26.5,NA
"7602","Pitt Agri. Center",2018-02-14,2,2018,"Pitt",35.6412760008938,-77.360126,36,NA
"7603","Pitt Agri. Center",2018-02-15,2,2018,"Pitt",35.6412760008938,-77.360126,33,NA
"7604","Pitt Agri. Center",2018-02-16,2,2018,"Pitt",35.6412760008938,-77.360126,25.5,NA
"7605","Pitt Agri. Center",2018-02-17,2,2018,"Pitt",35.6412760008938,-77.360126,19,NA
"7606","Pitt Agri. Center",2018-02-18,2,2018,"Pitt",35.6412760008938,-77.360126,10,NA
"7607","Pitt Agri. Center",2018-02-19,2,2018,"Pitt",35.6412760008938,-77.360126,26.5,NA
"7608","Pitt Agri. Center",2018-02-20,2,2018,"Pitt",35.6412760008938,-77.360126,30,NA
"7609","Pitt Agri. Center",2018-02-21,2,2018,"Pitt",35.6412760008938,-77.360126,25,NA
"7610","Pitt Agri. Center",2018-02-22,2,2018,"Pitt",35.6412760008938,-77.360126,28.5,NA
"7611","Pitt Agri. Center",2018-02-23,2,2018,"Pitt",35.6412760008938,-77.360126,32,NA
"7612","Pitt Agri. Center",2018-02-24,2,2018,"Pitt",35.6412760008938,-77.360126,23,NA
"7613","Pitt Agri. Center",2018-02-25,2,2018,"Pitt",35.6412760008938,-77.360126,15,NA
"7614","Pitt Agri. Center",2018-02-26,2,2018,"Pitt",35.6412760008938,-77.360126,15,NA
"7615","Pitt Agri. Center",2018-02-27,2,2018,"Pitt",35.6412760008938,-77.360126,18,NA
"7616","Pitt Agri. Center",2018-02-28,2,2018,"Pitt",35.6412760008938,-77.360126,22,NA
"7617","Pitt Agri. Center",2018-03-01,3,2018,"Pitt",35.6412760008938,-77.360126,27,32
"7618","Pitt Agri. Center",2018-03-02,3,2018,"Pitt",35.6412760008938,-77.360126,12,43
"7619","Pitt Agri. Center",2018-03-03,3,2018,"Pitt",35.6412760008938,-77.360126,11,44
"7620","Pitt Agri. Center",2018-03-04,3,2018,"Pitt",35.6412760008938,-77.360126,16,42
"7621","Pitt Agri. Center",2018-03-05,3,2018,"Pitt",35.6412760008938,-77.360126,18,42
"7622","Pitt Agri. Center",2018-03-06,3,2018,"Pitt",35.6412760008938,-77.360126,22.5,37
"7623","Pitt Agri. Center",2018-03-07,3,2018,"Pitt",35.6412760008938,-77.360126,25,35
"7624","Pitt Agri. Center",2018-03-08,3,2018,"Pitt",35.6412760008938,-77.360126,24,39
"7625","Pitt Agri. Center",2018-03-09,3,2018,"Pitt",35.6412760008938,-77.360126,20.5,42
"7626","Pitt Agri. Center",2018-03-10,3,2018,"Pitt",35.6412760008938,-77.360126,61,46
"7627","Pitt Agri. Center",2018-03-11,3,2018,"Pitt",35.6412760008938,-77.360126,39,38
"7628","Pitt Agri. Center",2018-03-12,3,2018,"Pitt",35.6412760008938,-77.360126,22.5,34
"7629","Pitt Agri. Center",2018-03-13,3,2018,"Pitt",35.6412760008938,-77.360126,28,44
"7630","Pitt Agri. Center",2018-03-14,3,2018,"Pitt",35.6412760008938,-77.360126,21,43
"7631","Pitt Agri. Center",2018-03-15,3,2018,"Pitt",35.6412760008938,-77.360126,27.5,50
"7632","Pitt Agri. Center",2018-03-16,3,2018,"Pitt",35.6412760008938,-77.360126,40,51
"7633","Pitt Agri. Center",2018-03-17,3,2018,"Pitt",35.6412760008938,-77.360126,40,45
"7634","Pitt Agri. Center",2018-03-18,3,2018,"Pitt",35.6412760008938,-77.360126,23,44
"7635","Pitt Agri. Center",2018-03-19,3,2018,"Pitt",35.6412760008938,-77.360126,23,43
"7636","Pitt Agri. Center",2018-03-20,3,2018,"Pitt",35.6412760008938,-77.360126,17,34
"7637","Pitt Agri. Center",2018-03-21,3,2018,"Pitt",35.6412760008938,-77.360126,7.5,32
"7638","Pitt Agri. Center",2018-03-22,3,2018,"Pitt",35.6412760008938,-77.360126,18,43
"7639","Pitt Agri. Center",2018-03-23,3,2018,"Pitt",35.6412760008938,-77.360126,19,47
"7640","Pitt Agri. Center",2018-03-24,3,2018,"Pitt",35.6412760008938,-77.360126,22,45
"7641","Pitt Agri. Center",2018-03-25,3,2018,"Pitt",35.6412760008938,-77.360126,18,47
"7642","Pitt Agri. Center",2018-03-26,3,2018,"Pitt",35.6412760008938,-77.360126,32,43
"7643","Pitt Agri. Center",2018-03-27,3,2018,"Pitt",35.6412760008938,-77.360126,27,35
"7644","Pitt Agri. Center",2018-03-28,3,2018,"Pitt",35.6412760008938,-77.360126,48,42
"7645","Pitt Agri. Center",2018-03-29,3,2018,"Pitt",35.6412760008938,-77.360126,26,44
"7646","Pitt Agri. Center",2018-03-30,3,2018,"Pitt",35.6412760008938,-77.360126,24,38
"7647","Pitt Agri. Center",2018-03-31,3,2018,"Pitt",35.6412760008938,-77.360126,14,44
"7648","Pitt Agri. Center",2018-04-01,4,2018,"Pitt",35.6412760008938,-77.360126,28,48
"7649","Pitt Agri. Center",2018-04-02,4,2018,"Pitt",35.6412760008938,-77.360126,29.5,48
"7650","Pitt Agri. Center",2018-04-03,4,2018,"Pitt",35.6412760008938,-77.360126,45,34
"7651","Pitt Agri. Center",2018-04-04,4,2018,"Pitt",35.6412760008938,-77.360126,23,42
"7652","Pitt Agri. Center",2018-04-05,4,2018,"Pitt",35.6412760008938,-77.360126,24,47
"7653","Pitt Agri. Center",2018-04-06,4,2018,"Pitt",35.6412760008938,-77.360126,31,61
"7654","Pitt Agri. Center",2018-04-07,4,2018,"Pitt",35.6412760008938,-77.360126,25,43
"7655","Pitt Agri. Center",2018-04-08,4,2018,"Pitt",35.6412760008938,-77.360126,19,NA
"7656","Pitt Agri. Center",2018-04-09,4,2018,"Pitt",35.6412760008938,-77.360126,29,NA
"7657","Pitt Agri. Center",2018-04-10,4,2018,"Pitt",35.6412760008938,-77.360126,32,NA
"7658","Pitt Agri. Center",2018-04-11,4,2018,"Pitt",35.6412760008938,-77.360126,42,50
"7659","Pitt Agri. Center",2018-04-12,4,2018,"Pitt",35.6412760008938,-77.360126,41,51
"7660","Pitt Agri. Center",2018-04-13,4,2018,"Pitt",35.6412760008938,-77.360126,39,50
"7661","Pitt Agri. Center",2018-04-14,4,2018,"Pitt",35.6412760008938,-77.360126,32.5,45
"7662","Pitt Agri. Center",2018-04-15,4,2018,"Pitt",35.6412760008938,-77.360126,29,34
"7663","Pitt Agri. Center",2018-04-16,4,2018,"Pitt",35.6412760008938,-77.360126,11,35
"7664","Pitt Agri. Center",2018-04-17,4,2018,"Pitt",35.6412760008938,-77.360126,19,47
"7665","Pitt Agri. Center",2018-04-18,4,2018,"Pitt",35.6412760008938,-77.360126,43,67
"7666","Pitt Agri. Center",2018-04-19,4,2018,"Pitt",35.6412760008938,-77.360126,28,51
"7667","Pitt Agri. Center",2018-04-20,4,2018,"Pitt",35.6412760008938,-77.360126,18.5,54
"7668","Pitt Agri. Center",2018-04-21,4,2018,"Pitt",35.6412760008938,-77.360126,25,71
"7669","Pitt Agri. Center",2018-04-22,4,2018,"Pitt",35.6412760008938,-77.360126,22,64
"7670","Pitt Agri. Center",2018-04-23,4,2018,"Pitt",35.6412760008938,-77.360126,22.5,61
"7671","Pitt Agri. Center",2018-04-24,4,2018,"Pitt",35.6412760008938,-77.360126,19,46
"7672","Pitt Agri. Center",2018-04-25,4,2018,"Pitt",35.6412760008938,-77.360126,26,40
"7673","Pitt Agri. Center",2018-04-26,4,2018,"Pitt",35.6412760008938,-77.360126,22,43
"7674","Pitt Agri. Center",2018-04-27,4,2018,"Pitt",35.6412760008938,-77.360126,25,48
"7675","Pitt Agri. Center",2018-04-28,4,2018,"Pitt",35.6412760008938,-77.360126,29,61
"7676","Pitt Agri. Center",2018-04-29,4,2018,"Pitt",35.6412760008938,-77.360126,24,44
"7677","Pitt Agri. Center",2018-04-30,4,2018,"Pitt",35.6412760008938,-77.360126,25,58
"7678","Pitt Agri. Center",2018-05-01,5,2018,"Pitt",35.6412760008938,-77.360126,37,77
"7679","Pitt Agri. Center",2018-05-02,5,2018,"Pitt",35.6412760008938,-77.360126,37,87
"7680","Pitt Agri. Center",2018-05-03,5,2018,"Pitt",35.6412760008938,-77.360126,28,58
"7681","Pitt Agri. Center",2018-05-04,5,2018,"Pitt",35.6412760008938,-77.360126,28,50
"7682","Pitt Agri. Center",2018-05-05,5,2018,"Pitt",35.6412760008938,-77.360126,28.5,44
"7683","Pitt Agri. Center",2018-05-06,5,2018,"Pitt",35.6412760008938,-77.360126,23,31
"7684","Pitt Agri. Center",2018-05-07,5,2018,"Pitt",35.6412760008938,-77.360126,44,40
"7685","Pitt Agri. Center",2018-05-08,5,2018,"Pitt",35.6412760008938,-77.360126,20,39
"7686","Pitt Agri. Center",2018-05-09,5,2018,"Pitt",35.6412760008938,-77.360126,17,26
"7687","Pitt Agri. Center",2018-05-10,5,2018,"Pitt",35.6412760008938,-77.360126,41,64
"7688","Pitt Agri. Center",2018-05-11,5,2018,"Pitt",35.6412760008938,-77.360126,45,71
"7689","Pitt Agri. Center",2018-05-12,5,2018,"Pitt",35.6412760008938,-77.360126,52,87
"7690","Pitt Agri. Center",2018-05-13,5,2018,"Pitt",35.6412760008938,-77.360126,57,80
"7691","Pitt Agri. Center",2018-05-14,5,2018,"Pitt",35.6412760008938,-77.360126,37,64
"7692","Pitt Agri. Center",2018-05-15,5,2018,"Pitt",35.6412760008938,-77.360126,20,26
"7693","Pitt Agri. Center",2018-05-16,5,2018,"Pitt",35.6412760008938,-77.360126,24,28
"7694","Pitt Agri. Center",2018-05-17,5,2018,"Pitt",35.6412760008938,-77.360126,12.5,31
"7695","Pitt Agri. Center",2018-05-18,5,2018,"Pitt",35.6412760008938,-77.360126,18,23
"7696","Pitt Agri. Center",2018-05-19,5,2018,"Pitt",35.6412760008938,-77.360126,10,22
"7697","Pitt Agri. Center",2018-05-20,5,2018,"Pitt",35.6412760008938,-77.360126,21,30
"7698","Pitt Agri. Center",2018-05-21,5,2018,"Pitt",35.6412760008938,-77.360126,31,40
"7699","Pitt Agri. Center",2018-05-22,5,2018,"Pitt",35.6412760008938,-77.360126,33,29
"7700","Pitt Agri. Center",2018-05-23,5,2018,"Pitt",35.6412760008938,-77.360126,25,36
"7701","Pitt Agri. Center",2018-05-24,5,2018,"Pitt",35.6412760008938,-77.360126,20,48
"7702","Pitt Agri. Center",2018-05-25,5,2018,"Pitt",35.6412760008938,-77.360126,33,48
"7703","Pitt Agri. Center",2018-05-26,5,2018,"Pitt",35.6412760008938,-77.360126,21,23
"7704","Pitt Agri. Center",2018-05-27,5,2018,"Pitt",35.6412760008938,-77.360126,18,24
"7705","Pitt Agri. Center",2018-05-28,5,2018,"Pitt",35.6412760008938,-77.360126,10,19
"7706","Pitt Agri. Center",2018-05-29,5,2018,"Pitt",35.6412760008938,-77.360126,16.5,23
"7707","Pitt Agri. Center",2018-05-30,5,2018,"Pitt",35.6412760008938,-77.360126,22,23
"7708","Pitt Agri. Center",2018-05-31,5,2018,"Pitt",35.6412760008938,-77.360126,25,22
"7709","Pitt Agri. Center",2018-06-01,6,2018,"Pitt",35.6412760008938,-77.360126,35,64
"7710","Pitt Agri. Center",2018-06-02,6,2018,"Pitt",35.6412760008938,-77.360126,38,44
"7711","Pitt Agri. Center",2018-06-03,6,2018,"Pitt",35.6412760008938,-77.360126,26,41
"7712","Pitt Agri. Center",2018-06-04,6,2018,"Pitt",35.6412760008938,-77.360126,18.5,61
"7713","Pitt Agri. Center",2018-06-05,6,2018,"Pitt",35.6412760008938,-77.360126,35,50
"7714","Pitt Agri. Center",2018-06-06,6,2018,"Pitt",35.6412760008938,-77.360126,44,84
"7715","Pitt Agri. Center",2018-06-07,6,2018,"Pitt",35.6412760008938,-77.360126,29.5,48
"7716","Pitt Agri. Center",2018-06-08,6,2018,"Pitt",35.6412760008938,-77.360126,31,50
"7717","Pitt Agri. Center",2018-06-09,6,2018,"Pitt",35.6412760008938,-77.360126,32,37
"7718","Pitt Agri. Center",2018-06-10,6,2018,"Pitt",35.6412760008938,-77.360126,21,38
"7719","Pitt Agri. Center",2018-06-11,6,2018,"Pitt",35.6412760008938,-77.360126,38,41
"7720","Pitt Agri. Center",2018-06-12,6,2018,"Pitt",35.6412760008938,-77.360126,28,31
"7721","Pitt Agri. Center",2018-06-13,6,2018,"Pitt",35.6412760008938,-77.360126,31,46
"7722","Pitt Agri. Center",2018-06-14,6,2018,"Pitt",35.6412760008938,-77.360126,46,47
"7723","Pitt Agri. Center",2018-06-15,6,2018,"Pitt",35.6412760008938,-77.360126,41,64
"7724","Pitt Agri. Center",2018-06-16,6,2018,"Pitt",35.6412760008938,-77.360126,38,51
"7725","Pitt Agri. Center",2018-06-17,6,2018,"Pitt",35.6412760008938,-77.360126,35,47
"7726","Pitt Agri. Center",2018-06-18,6,2018,"Pitt",35.6412760008938,-77.360126,55,54
"7727","Pitt Agri. Center",2018-06-19,6,2018,"Pitt",35.6412760008938,-77.360126,54.5,80
"7728","Pitt Agri. Center",2018-06-20,6,2018,"Pitt",35.6412760008938,-77.360126,38,51
"7729","Pitt Agri. Center",2018-06-21,6,2018,"Pitt",35.6412760008938,-77.360126,47,48
"7730","Pitt Agri. Center",2018-06-22,6,2018,"Pitt",35.6412760008938,-77.360126,49,41
"7731","Pitt Agri. Center",2018-06-23,6,2018,"Pitt",35.6412760008938,-77.360126,54,38
"7732","Pitt Agri. Center",2018-06-24,6,2018,"Pitt",35.6412760008938,-77.360126,45,44
"7733","Pitt Agri. Center",2018-06-25,6,2018,"Pitt",35.6412760008938,-77.360126,37,40
"7734","Pitt Agri. Center",2018-06-26,6,2018,"Pitt",35.6412760008938,-77.360126,29,29
"7735","Pitt Agri. Center",2018-06-27,6,2018,"Pitt",35.6412760008938,-77.360126,29,35
"7736","Pitt Agri. Center",2018-06-28,6,2018,"Pitt",35.6412760008938,-77.360126,39.5,58
"7737","Pitt Agri. Center",2018-06-29,6,2018,"Pitt",35.6412760008938,-77.360126,40,49
"7738","Pitt Agri. Center",2018-06-30,6,2018,"Pitt",35.6412760008938,-77.360126,44,46
"7739","Pitt Agri. Center",2018-07-01,7,2018,"Pitt",35.6412760008938,-77.360126,31,40
"7740","Pitt Agri. Center",2018-07-02,7,2018,"Pitt",35.6412760008938,-77.360126,29,41
"7741","Pitt Agri. Center",2018-07-03,7,2018,"Pitt",35.6412760008938,-77.360126,46,45
"7742","Pitt Agri. Center",2018-07-04,7,2018,"Pitt",35.6412760008938,-77.360126,22,22
"7743","Pitt Agri. Center",2018-07-05,7,2018,"Pitt",35.6412760008938,-77.360126,25,27
"7744","Pitt Agri. Center",2018-07-06,7,2018,"Pitt",35.6412760008938,-77.360126,16,35
"7745","Pitt Agri. Center",2018-07-07,7,2018,"Pitt",35.6412760008938,-77.360126,30,29
"7746","Pitt Agri. Center",2018-07-08,7,2018,"Pitt",35.6412760008938,-77.360126,22,35
"7747","Pitt Agri. Center",2018-07-09,7,2018,"Pitt",35.6412760008938,-77.360126,29,46
"7748","Pitt Agri. Center",2018-07-10,7,2018,"Pitt",35.6412760008938,-77.360126,46.5,87
"7749","Pitt Agri. Center",2018-07-11,7,2018,"Pitt",35.6412760008938,-77.360126,60,87
"7750","Pitt Agri. Center",2018-07-12,7,2018,"Pitt",35.6412760008938,-77.360126,57,46
"7751","Pitt Agri. Center",2018-07-13,7,2018,"Pitt",35.6412760008938,-77.360126,39,47
"7752","Pitt Agri. Center",2018-07-14,7,2018,"Pitt",35.6412760008938,-77.360126,27,37
"7753","Pitt Agri. Center",2018-07-15,7,2018,"Pitt",35.6412760008938,-77.360126,35,45
"7754","Pitt Agri. Center",2018-07-16,7,2018,"Pitt",35.6412760008938,-77.360126,37,40
"7755","Pitt Agri. Center",2018-07-17,7,2018,"Pitt",35.6412760008938,-77.360126,43,42
"7756","Pitt Agri. Center",2018-07-18,7,2018,"Pitt",35.6412760008938,-77.360126,36,45
"7757","Pitt Agri. Center",2018-07-19,7,2018,"Pitt",35.6412760008938,-77.360126,38.5,50
"7758","Pitt Agri. Center",2018-07-20,7,2018,"Pitt",35.6412760008938,-77.360126,32,38
"7759","Pitt Agri. Center",2018-07-21,7,2018,"Pitt",35.6412760008938,-77.360126,17,30
"7760","Pitt Agri. Center",2018-07-22,7,2018,"Pitt",35.6412760008938,-77.360126,39.5,39
"7761","Pitt Agri. Center",2018-07-23,7,2018,"Pitt",35.6412760008938,-77.360126,26,41
"7762","Pitt Agri. Center",2018-07-24,7,2018,"Pitt",35.6412760008938,-77.360126,12,36
"7763","Pitt Agri. Center",2018-07-25,7,2018,"Pitt",35.6412760008938,-77.360126,15,39
"7764","Pitt Agri. Center",2018-07-26,7,2018,"Pitt",35.6412760008938,-77.360126,31,45
"7765","Pitt Agri. Center",2018-07-27,7,2018,"Pitt",35.6412760008938,-77.360126,38,33
"7766","Pitt Agri. Center",2018-07-28,7,2018,"Pitt",35.6412760008938,-77.360126,29.5,37
"7767","Pitt Agri. Center",2018-07-29,7,2018,"Pitt",35.6412760008938,-77.360126,30,34
"7768","Pitt Agri. Center",2018-07-30,7,2018,"Pitt",35.6412760008938,-77.360126,20,22
"7769","Pitt Agri. Center",2018-07-31,7,2018,"Pitt",35.6412760008938,-77.360126,26.5,27
"7770","Pitt Agri. Center",2018-08-01,8,2018,"Pitt",35.6412760008938,-77.360126,29,19
"7771","Pitt Agri. Center",2018-08-02,8,2018,"Pitt",35.6412760008938,-77.360126,20,16
"7772","Pitt Agri. Center",2018-08-03,8,2018,"Pitt",35.6412760008938,-77.360126,11.5,21
"7773","Pitt Agri. Center",2018-08-04,8,2018,"Pitt",35.6412760008938,-77.360126,19,23
"7774","Pitt Agri. Center",2018-08-05,8,2018,"Pitt",35.6412760008938,-77.360126,28,31
"7775","Pitt Agri. Center",2018-08-06,8,2018,"Pitt",35.6412760008938,-77.360126,35.5,37
"7776","Pitt Agri. Center",2018-08-07,8,2018,"Pitt",35.6412760008938,-77.360126,45,45
"7777","Pitt Agri. Center",2018-08-08,8,2018,"Pitt",35.6412760008938,-77.360126,43,43
"7778","Pitt Agri. Center",2018-08-09,8,2018,"Pitt",35.6412760008938,-77.360126,29.5,43
"7779","Pitt Agri. Center",2018-08-10,8,2018,"Pitt",35.6412760008938,-77.360126,52,49
"7780","Pitt Agri. Center",2018-08-11,8,2018,"Pitt",35.6412760008938,-77.360126,46,37
"7781","Pitt Agri. Center",2018-08-12,8,2018,"Pitt",35.6412760008938,-77.360126,31,38
"7782","Pitt Agri. Center",2018-08-13,8,2018,"Pitt",35.6412760008938,-77.360126,25,38
"7783","Pitt Agri. Center",2018-08-14,8,2018,"Pitt",35.6412760008938,-77.360126,44,37
"7784","Pitt Agri. Center",2018-08-15,8,2018,"Pitt",35.6412760008938,-77.360126,53,46
"7785","Pitt Agri. Center",2018-08-16,8,2018,"Pitt",35.6412760008938,-77.360126,57,44
"7786","Pitt Agri. Center",2018-08-17,8,2018,"Pitt",35.6412760008938,-77.360126,45,32
"7787","Pitt Agri. Center",2018-08-18,8,2018,"Pitt",35.6412760008938,-77.360126,24,32
"7788","Pitt Agri. Center",2018-08-19,8,2018,"Pitt",35.6412760008938,-77.360126,26,30
"7789","Pitt Agri. Center",2018-08-20,8,2018,"Pitt",35.6412760008938,-77.360126,24,37
"7790","Pitt Agri. Center",2018-08-21,8,2018,"Pitt",35.6412760008938,-77.360126,28.5,26
"7791","Pitt Agri. Center",2018-08-22,8,2018,"Pitt",35.6412760008938,-77.360126,30,37
"7792","Pitt Agri. Center",2018-08-23,8,2018,"Pitt",35.6412760008938,-77.360126,43,39
"7793","Pitt Agri. Center",2018-08-24,8,2018,"Pitt",35.6412760008938,-77.360126,33.5,42
"7794","Pitt Agri. Center",2018-08-25,8,2018,"Pitt",35.6412760008938,-77.360126,35,39
"7795","Pitt Agri. Center",2018-08-26,8,2018,"Pitt",35.6412760008938,-77.360126,42,44
"7796","Pitt Agri. Center",2018-08-27,8,2018,"Pitt",35.6412760008938,-77.360126,44,44
"7797","Pitt Agri. Center",2018-08-28,8,2018,"Pitt",35.6412760008938,-77.360126,31,38
"7798","Pitt Agri. Center",2018-08-29,8,2018,"Pitt",35.6412760008938,-77.360126,17,33
"7799","Pitt Agri. Center",2018-08-30,8,2018,"Pitt",35.6412760008938,-77.360126,32.5,42
"7800","Pitt Agri. Center",2018-08-31,8,2018,"Pitt",35.6412760008938,-77.360126,43,37
"7801","Pitt Agri. Center",2018-09-01,9,2018,"Pitt",35.6412760008938,-77.360126,22,29
"7802","Pitt Agri. Center",2018-09-02,9,2018,"Pitt",35.6412760008938,-77.360126,18.5,23
"7803","Pitt Agri. Center",2018-09-03,9,2018,"Pitt",35.6412760008938,-77.360126,25,27
"7804","Pitt Agri. Center",2018-09-04,9,2018,"Pitt",35.6412760008938,-77.360126,30,32
"7805","Pitt Agri. Center",2018-09-05,9,2018,"Pitt",35.6412760008938,-77.360126,25,31
"7806","Pitt Agri. Center",2018-09-06,9,2018,"Pitt",35.6412760008938,-77.360126,27,34
"7807","Pitt Agri. Center",2018-09-07,9,2018,"Pitt",35.6412760008938,-77.360126,38,39
"7808","Pitt Agri. Center",2018-09-08,9,2018,"Pitt",35.6412760008938,-77.360126,29.5,34
"7809","Pitt Agri. Center",2018-09-09,9,2018,"Pitt",35.6412760008938,-77.360126,25,24
"7810","Pitt Agri. Center",2018-09-21,9,2018,"Pitt",35.6412760008938,-77.360126,26,NA
"7811","Pitt Agri. Center",2018-09-22,9,2018,"Pitt",35.6412760008938,-77.360126,44,39
"7812","Pitt Agri. Center",2018-09-23,9,2018,"Pitt",35.6412760008938,-77.360126,37,37
"7813","Pitt Agri. Center",2018-09-24,9,2018,"Pitt",35.6412760008938,-77.360126,24.5,24
"7814","Pitt Agri. Center",2018-09-25,9,2018,"Pitt",35.6412760008938,-77.360126,21,24
"7815","Pitt Agri. Center",2018-09-26,9,2018,"Pitt",35.6412760008938,-77.360126,27,33
"7816","Pitt Agri. Center",2018-09-27,9,2018,"Pitt",35.6412760008938,-77.360126,32,37
"7817","Pitt Agri. Center",2018-09-28,9,2018,"Pitt",35.6412760008938,-77.360126,22,28
"7818","Pitt Agri. Center",2018-09-29,9,2018,"Pitt",35.6412760008938,-77.360126,14.5,40
"7819","Pitt Agri. Center",2018-09-30,9,2018,"Pitt",35.6412760008938,-77.360126,22,47
"7820","Pitt Agri. Center",2018-10-01,10,2018,"Pitt",35.6412760008938,-77.360126,38,44
"7821","Pitt Agri. Center",2018-10-02,10,2018,"Pitt",35.6412760008938,-77.360126,31,42
"7822","Pitt Agri. Center",2018-10-03,10,2018,"Pitt",35.6412760008938,-77.360126,37,44
"7823","Pitt Agri. Center",2018-10-04,10,2018,"Pitt",35.6412760008938,-77.360126,46,58
"7824","Pitt Agri. Center",2018-10-05,10,2018,"Pitt",35.6412760008938,-77.360126,50.5,42
"7825","Pitt Agri. Center",2018-10-06,10,2018,"Pitt",35.6412760008938,-77.360126,47,34
"7826","Pitt Agri. Center",2018-10-07,10,2018,"Pitt",35.6412760008938,-77.360126,19,32
"7827","Pitt Agri. Center",2018-10-08,10,2018,"Pitt",35.6412760008938,-77.360126,16,33
"7828","Pitt Agri. Center",2018-10-09,10,2018,"Pitt",35.6412760008938,-77.360126,19,32
"7829","Pitt Agri. Center",2018-10-13,10,2018,"Pitt",35.6412760008938,-77.360126,18,35
"7830","Pitt Agri. Center",2018-10-14,10,2018,"Pitt",35.6412760008938,-77.360126,20,31
"7831","Pitt Agri. Center",2018-10-15,10,2018,"Pitt",35.6412760008938,-77.360126,15,37
"7832","Pitt Agri. Center",2018-10-16,10,2018,"Pitt",35.6412760008938,-77.360126,25,24
"7833","Pitt Agri. Center",2018-10-17,10,2018,"Pitt",35.6412760008938,-77.360126,21.5,22
"7834","Pitt Agri. Center",2018-10-18,10,2018,"Pitt",35.6412760008938,-77.360126,23,34
"7835","Pitt Agri. Center",2018-10-19,10,2018,"Pitt",35.6412760008938,-77.360126,25,41
"7836","Pitt Agri. Center",2018-10-20,10,2018,"Pitt",35.6412760008938,-77.360126,31,30
"7837","Pitt Agri. Center",2018-10-21,10,2018,"Pitt",35.6412760008938,-77.360126,6,NA
"7838","Pitt Agri. Center",2018-10-22,10,2018,"Pitt",35.6412760008938,-77.360126,16,NA
"7839","Pitt Agri. Center",2018-10-23,10,2018,"Pitt",35.6412760008938,-77.360126,29,35
"7840","Pitt Agri. Center",2018-10-24,10,2018,"Pitt",35.6412760008938,-77.360126,29,32
"7841","Pitt Agri. Center",2018-10-25,10,2018,"Pitt",35.6412760008938,-77.360126,21,28
"7842","Pitt Agri. Center",2018-10-26,10,2018,"Pitt",35.6412760008938,-77.360126,18.5,31
"7843","Pitt Agri. Center",2018-10-27,10,2018,"Pitt",35.6412760008938,-77.360126,6,20
"7844","Pitt Agri. Center",2018-10-28,10,2018,"Pitt",35.6412760008938,-77.360126,15,35
"7845","Pitt Agri. Center",2018-10-29,10,2018,"Pitt",35.6412760008938,-77.360126,18,35
"7846","Pitt Agri. Center",2018-10-30,10,2018,"Pitt",35.6412760008938,-77.360126,20,35
"7847","Pitt Agri. Center",2018-10-31,10,2018,"Pitt",35.6412760008938,-77.360126,36,42
"7848","Pitt Agri. Center",2018-11-01,11,2018,"Pitt",35.6412760008938,-77.360126,19.5,NA
"7849","Pitt Agri. Center",2018-11-02,11,2018,"Pitt",35.6412760008938,-77.360126,21,NA
"7850","Pitt Agri. Center",2018-11-03,11,2018,"Pitt",35.6412760008938,-77.360126,9,NA
"7851","Pitt Agri. Center",2018-11-04,11,2018,"Pitt",35.6412760008938,-77.360126,17.5,NA
"7852","Pitt Agri. Center",2018-11-05,11,2018,"Pitt",35.6412760008938,-77.360126,8,NA
"7853","Pitt Agri. Center",2018-11-06,11,2018,"Pitt",35.6412760008938,-77.360126,18,NA
"7854","Pitt Agri. Center",2018-11-07,11,2018,"Pitt",35.6412760008938,-77.360126,21,NA
"7855","Pitt Agri. Center",2018-11-08,11,2018,"Pitt",35.6412760008938,-77.360126,29,NA
"7856","Pitt Agri. Center",2018-11-09,11,2018,"Pitt",35.6412760008938,-77.360126,33,NA
"7857","Pitt Agri. Center",2018-11-10,11,2018,"Pitt",35.6412760008938,-77.360126,19,NA
"7858","Pitt Agri. Center",2018-11-11,11,2018,"Pitt",35.6412760008938,-77.360126,24,NA
"7859","Pitt Agri. Center",2018-11-12,11,2018,"Pitt",35.6412760008938,-77.360126,20,NA
"7860","Pitt Agri. Center",2018-11-13,11,2018,"Pitt",35.6412760008938,-77.360126,13.5,NA
"7861","Pitt Agri. Center",2018-11-14,11,2018,"Pitt",35.6412760008938,-77.360126,30,NA
"7862","Pitt Agri. Center",2018-11-15,11,2018,"Pitt",35.6412760008938,-77.360126,14,NA
"7863","Pitt Agri. Center",2018-11-16,11,2018,"Pitt",35.6412760008938,-77.360126,13.5,NA
"7864","Pitt Agri. Center",2018-11-17,11,2018,"Pitt",35.6412760008938,-77.360126,40,NA
"7865","Pitt Agri. Center",2018-11-18,11,2018,"Pitt",35.6412760008938,-77.360126,38,NA
"7866","Pitt Agri. Center",2018-11-19,11,2018,"Pitt",35.6412760008938,-77.360126,33.5,NA
"7867","Pitt Agri. Center",2018-11-20,11,2018,"Pitt",35.6412760008938,-77.360126,40,NA
"7868","Pitt Agri. Center",2018-11-21,11,2018,"Pitt",35.6412760008938,-77.360126,25,NA
"7869","Pitt Agri. Center",2018-11-22,11,2018,"Pitt",35.6412760008938,-77.360126,30.5,NA
"7870","Pitt Agri. Center",2018-11-23,11,2018,"Pitt",35.6412760008938,-77.360126,11,NA
"7871","Pitt Agri. Center",2018-11-24,11,2018,"Pitt",35.6412760008938,-77.360126,9,NA
"7872","Pitt Agri. Center",2018-11-25,11,2018,"Pitt",35.6412760008938,-77.360126,28.5,NA
"7873","Pitt Agri. Center",2018-11-26,11,2018,"Pitt",35.6412760008938,-77.360126,24,NA
"7874","Pitt Agri. Center",2018-11-27,11,2018,"Pitt",35.6412760008938,-77.360126,8,NA
"7875","Pitt Agri. Center",2018-11-28,11,2018,"Pitt",35.6412760008938,-77.360126,16,NA
"7876","Pitt Agri. Center",2018-11-29,11,2018,"Pitt",35.6412760008938,-77.360126,29,NA
"7877","Pitt Agri. Center",2018-11-30,11,2018,"Pitt",35.6412760008938,-77.360126,39,NA
"7878","Pitt Agri. Center",2018-12-01,12,2018,"Pitt",35.6412760008938,-77.360126,50,NA
"7879","Pitt Agri. Center",2018-12-02,12,2018,"Pitt",35.6412760008938,-77.360126,13,NA
"7880","Pitt Agri. Center",2018-12-03,12,2018,"Pitt",35.6412760008938,-77.360126,28,NA
"7881","Pitt Agri. Center",2018-12-04,12,2018,"Pitt",35.6412760008938,-77.360126,18.5,NA
"7882","Pitt Agri. Center",2018-12-05,12,2018,"Pitt",35.6412760008938,-77.360126,18,NA
"7883","Pitt Agri. Center",2018-12-06,12,2018,"Pitt",35.6412760008938,-77.360126,23,NA
"7884","Pitt Agri. Center",2018-12-07,12,2018,"Pitt",35.6412760008938,-77.360126,32.5,NA
"7885","Pitt Agri. Center",2018-12-08,12,2018,"Pitt",35.6412760008938,-77.360126,26,NA
"7886","Pitt Agri. Center",2018-12-09,12,2018,"Pitt",35.6412760008938,-77.360126,18,NA
"7887","Pitt Agri. Center",2018-12-10,12,2018,"Pitt",35.6412760008938,-77.360126,37,NA
"7888","Pitt Agri. Center",2018-12-11,12,2018,"Pitt",35.6412760008938,-77.360126,59,NA
"7889","Pitt Agri. Center",2018-12-12,12,2018,"Pitt",35.6412760008938,-77.360126,33,NA
"7890","Pitt Agri. Center",2018-12-13,12,2018,"Pitt",35.6412760008938,-77.360126,38,NA
"7891","Pitt Agri. Center",2018-12-14,12,2018,"Pitt",35.6412760008938,-77.360126,35,NA
"7892","Pitt Agri. Center",2018-12-15,12,2018,"Pitt",35.6412760008938,-77.360126,6,NA
"7893","Pitt Agri. Center",2018-12-16,12,2018,"Pitt",35.6412760008938,-77.360126,15,NA
"7894","Pitt Agri. Center",2018-12-17,12,2018,"Pitt",35.6412760008938,-77.360126,11,NA
"7895","Pitt Agri. Center",2018-12-18,12,2018,"Pitt",35.6412760008938,-77.360126,23,NA
"7896","Pitt Agri. Center",2018-12-19,12,2018,"Pitt",35.6412760008938,-77.360126,34,NA
"7897","Pitt Agri. Center",2018-12-20,12,2018,"Pitt",35.6412760008938,-77.360126,20,NA
"7898","Pitt Agri. Center",2018-12-21,12,2018,"Pitt",35.6412760008938,-77.360126,10,NA
"7899","Pitt Agri. Center",2018-12-22,12,2018,"Pitt",35.6412760008938,-77.360126,7,NA
"7900","Pitt Agri. Center",2018-12-23,12,2018,"Pitt",35.6412760008938,-77.360126,15,NA
"7901","Pitt Agri. Center",2018-12-24,12,2018,"Pitt",35.6412760008938,-77.360126,24,NA
"7902","Pitt Agri. Center",2018-12-25,12,2018,"Pitt",35.6412760008938,-77.360126,30,NA
"7903","Pitt Agri. Center",2018-12-26,12,2018,"Pitt",35.6412760008938,-77.360126,30,NA
"7904","Pitt Agri. Center",2018-12-27,12,2018,"Pitt",35.6412760008938,-77.360126,27,NA
"7905","Pitt Agri. Center",2018-12-28,12,2018,"Pitt",35.6412760008938,-77.360126,16.5,NA
"7906","Pitt Agri. Center",2018-12-29,12,2018,"Pitt",35.6412760008938,-77.360126,13,NA
"7907","Pitt Agri. Center",2018-12-30,12,2018,"Pitt",35.6412760008938,-77.360126,28,NA
"7908","Pitt Agri. Center",2018-12-31,12,2018,"Pitt",35.6412760008938,-77.360126,25.5,NA
"7909","Pitt Agri. Center",2019-01-01,1,2019,"Pitt",35.6412760008938,-77.360126,18,NA
"7910","Pitt Agri. Center",2019-01-02,1,2019,"Pitt",35.6412760008938,-77.360126,13,NA
"7911","Pitt Agri. Center",2019-01-03,1,2019,"Pitt",35.6412760008938,-77.360126,18,NA
"7912","Pitt Agri. Center",2019-01-04,1,2019,"Pitt",35.6412760008938,-77.360126,24,NA
"7913","Pitt Agri. Center",2019-01-05,1,2019,"Pitt",35.6412760008938,-77.360126,8,NA
"7914","Pitt Agri. Center",2019-01-06,1,2019,"Pitt",35.6412760008938,-77.360126,15,NA
"7915","Pitt Agri. Center",2019-01-07,1,2019,"Pitt",35.6412760008938,-77.360126,16,NA
"7916","Pitt Agri. Center",2019-01-08,1,2019,"Pitt",35.6412760008938,-77.360126,24,NA
"7917","Pitt Agri. Center",2019-01-09,1,2019,"Pitt",35.6412760008938,-77.360126,11.5,NA
"7918","Pitt Agri. Center",2019-01-10,1,2019,"Pitt",35.6412760008938,-77.360126,15,NA
"7919","Pitt Agri. Center",2019-01-11,1,2019,"Pitt",35.6412760008938,-77.360126,19,NA
"7920","Pitt Agri. Center",2019-01-12,1,2019,"Pitt",35.6412760008938,-77.360126,21.5,NA
"7921","Pitt Agri. Center",2019-01-13,1,2019,"Pitt",35.6412760008938,-77.360126,8,NA
"7922","Pitt Agri. Center",2019-01-14,1,2019,"Pitt",35.6412760008938,-77.360126,28,NA
"7923","Pitt Agri. Center",2019-01-15,1,2019,"Pitt",35.6412760008938,-77.360126,41,NA
"7924","Pitt Agri. Center",2019-01-16,1,2019,"Pitt",35.6412760008938,-77.360126,52,NA
"7925","Pitt Agri. Center",2019-01-17,1,2019,"Pitt",35.6412760008938,-77.360126,29,NA
"7926","Pitt Agri. Center",2019-01-18,1,2019,"Pitt",35.6412760008938,-77.360126,26.5,NA
"7927","Pitt Agri. Center",2019-01-19,1,2019,"Pitt",35.6412760008938,-77.360126,28,NA
"7928","Pitt Agri. Center",2019-01-20,1,2019,"Pitt",35.6412760008938,-77.360126,9,NA
"7929","Pitt Agri. Center",2019-01-21,1,2019,"Pitt",35.6412760008938,-77.360126,11.5,NA
"7930","Pitt Agri. Center",2019-01-22,1,2019,"Pitt",35.6412760008938,-77.360126,20,NA
"7931","Pitt Agri. Center",2019-01-23,1,2019,"Pitt",35.6412760008938,-77.360126,21,NA
"7932","Pitt Agri. Center",2019-01-24,1,2019,"Pitt",35.6412760008938,-77.360126,10,NA
"7933","Pitt Agri. Center",2019-01-25,1,2019,"Pitt",35.6412760008938,-77.360126,26,NA
"7934","Pitt Agri. Center",2019-01-26,1,2019,"Pitt",35.6412760008938,-77.360126,35,NA
"7935","Pitt Agri. Center",2019-01-27,1,2019,"Pitt",35.6412760008938,-77.360126,38.5,NA
"7936","Pitt Agri. Center",2019-01-29,1,2019,"Pitt",35.6412760008938,-77.360126,27,NA
"7937","Pitt Agri. Center",2019-01-30,1,2019,"Pitt",35.6412760008938,-77.360126,15.5,NA
"7938","Pitt Agri. Center",2019-01-31,1,2019,"Pitt",35.6412760008938,-77.360126,19,NA
"7939","Pitt Agri. Center",2019-02-01,2,2019,"Pitt",35.6412760008938,-77.360126,27,NA
"7940","Pitt Agri. Center",2019-02-02,2,2019,"Pitt",35.6412760008938,-77.360126,40.5,NA
"7941","Pitt Agri. Center",2019-02-03,2,2019,"Pitt",35.6412760008938,-77.360126,35,NA
"7942","Pitt Agri. Center",2019-02-04,2,2019,"Pitt",35.6412760008938,-77.360126,22,NA
"7943","Pitt Agri. Center",2019-02-05,2,2019,"Pitt",35.6412760008938,-77.360126,32,NA
"7944","Pitt Agri. Center",2019-02-06,2,2019,"Pitt",35.6412760008938,-77.360126,45,NA
"7945","Pitt Agri. Center",2019-02-07,2,2019,"Pitt",35.6412760008938,-77.360126,48,NA
"7946","Pitt Agri. Center",2019-02-08,2,2019,"Pitt",35.6412760008938,-77.360126,31.5,NA
"7947","Pitt Agri. Center",2019-02-09,2,2019,"Pitt",35.6412760008938,-77.360126,10,NA
"7948","Pitt Agri. Center",2019-02-10,2,2019,"Pitt",35.6412760008938,-77.360126,21,NA
"7949","Pitt Agri. Center",2019-02-11,2,2019,"Pitt",35.6412760008938,-77.360126,11.5,NA
"7950","Pitt Agri. Center",2019-02-12,2,2019,"Pitt",35.6412760008938,-77.360126,17,NA
"7951","Pitt Agri. Center",2019-02-13,2,2019,"Pitt",35.6412760008938,-77.360126,4,NA
"7952","Pitt Agri. Center",2019-02-14,2,2019,"Pitt",35.6412760008938,-77.360126,12,NA
"7953","Pitt Agri. Center",2019-02-15,2,2019,"Pitt",35.6412760008938,-77.360126,25,NA
"7954","Pitt Agri. Center",2019-02-16,2,2019,"Pitt",35.6412760008938,-77.360126,28,NA
"7955","Pitt Agri. Center",2019-02-17,2,2019,"Pitt",35.6412760008938,-77.360126,25.5,NA
"7956","Pitt Agri. Center",2019-02-18,2,2019,"Pitt",35.6412760008938,-77.360126,10,NA
"7957","Pitt Agri. Center",2019-02-19,2,2019,"Pitt",35.6412760008938,-77.360126,20,NA
"7958","Pitt Agri. Center",2019-02-20,2,2019,"Pitt",35.6412760008938,-77.360126,14,NA
"7959","Pitt Agri. Center",2019-02-21,2,2019,"Pitt",35.6412760008938,-77.360126,20,NA
"7960","Pitt Agri. Center",2019-02-22,2,2019,"Pitt",35.6412760008938,-77.360126,17,NA
"7961","Pitt Agri. Center",2019-02-23,2,2019,"Pitt",35.6412760008938,-77.360126,10,NA
"7962","Pitt Agri. Center",2019-02-24,2,2019,"Pitt",35.6412760008938,-77.360126,16,NA
"7963","Pitt Agri. Center",2019-02-25,2,2019,"Pitt",35.6412760008938,-77.360126,7,NA
"7964","Pitt Agri. Center",2019-02-26,2,2019,"Pitt",35.6412760008938,-77.360126,26,NA
"7965","Pitt Agri. Center",2019-02-27,2,2019,"Pitt",35.6412760008938,-77.360126,37,29
"7966","Pitt Agri. Center",2019-02-28,2,2019,"Pitt",35.6412760008938,-77.360126,37,38
"7967","Pitt Agri. Center",2019-03-01,3,2019,"Pitt",35.6412760008938,-77.360126,27,28
"7968","Pitt Agri. Center",2019-03-02,3,2019,"Pitt",35.6412760008938,-77.360126,6,29
"7969","Pitt Agri. Center",2019-03-03,3,2019,"Pitt",35.6412760008938,-77.360126,30,30
"7970","Pitt Agri. Center",2019-03-04,3,2019,"Pitt",35.6412760008938,-77.360126,32,34
"7971","Pitt Agri. Center",2019-03-05,3,2019,"Pitt",35.6412760008938,-77.360126,24,33
"7972","Pitt Agri. Center",2019-03-06,3,2019,"Pitt",35.6412760008938,-77.360126,20,40
"7973","Pitt Agri. Center",2019-03-07,3,2019,"Pitt",35.6412760008938,-77.360126,25.5,44
"7974","Pitt Agri. Center",2019-03-08,3,2019,"Pitt",35.6412760008938,-77.360126,22,38
"7975","Pitt Agri. Center",2019-03-09,3,2019,"Pitt",35.6412760008938,-77.360126,28,41
"7976","Pitt Agri. Center",2019-03-10,3,2019,"Pitt",35.6412760008938,-77.360126,31.5,32
"7977","Pitt Agri. Center",2019-03-11,3,2019,"Pitt",35.6412760008938,-77.360126,13,41
"7978","Pitt Agri. Center",2019-03-12,3,2019,"Pitt",35.6412760008938,-77.360126,14,44
"7979","Pitt Agri. Center",2019-03-13,3,2019,"Pitt",35.6412760008938,-77.360126,20,50
"7980","Pitt Agri. Center",2019-03-14,3,2019,"Pitt",35.6412760008938,-77.360126,21,50
"7981","Pitt Agri. Center",2019-03-15,3,2019,"Pitt",35.6412760008938,-77.360126,26,42
"7982","Pitt Agri. Center",2019-03-16,3,2019,"Pitt",35.6412760008938,-77.360126,16.5,42
"7983","Pitt Agri. Center",2019-03-17,3,2019,"Pitt",35.6412760008938,-77.360126,20,44
"7984","Pitt Agri. Center",2019-03-18,3,2019,"Pitt",35.6412760008938,-77.360126,24,47
"7985","Pitt Agri. Center",2019-03-19,3,2019,"Pitt",35.6412760008938,-77.360126,26,46
"7986","Pitt Agri. Center",2019-03-20,3,2019,"Pitt",35.6412760008938,-77.360126,25,38
"7987","Pitt Agri. Center",2019-03-21,3,2019,"Pitt",35.6412760008938,-77.360126,15,44
"7988","Pitt Agri. Center",2019-03-22,3,2019,"Pitt",35.6412760008938,-77.360126,18.5,45
"7989","Pitt Agri. Center",2019-03-23,3,2019,"Pitt",35.6412760008938,-77.360126,13,46
"7990","Pitt Agri. Center",2019-03-24,3,2019,"Pitt",35.6412760008938,-77.360126,27,54
"7991","Pitt Agri. Center",2019-03-25,3,2019,"Pitt",35.6412760008938,-77.360126,31.5,49
"7992","Pitt Agri. Center",2019-03-26,3,2019,"Pitt",35.6412760008938,-77.360126,19,44
"7993","Pitt Agri. Center",2019-03-27,3,2019,"Pitt",35.6412760008938,-77.360126,18,46
"7994","Pitt Agri. Center",2019-03-28,3,2019,"Pitt",35.6412760008938,-77.360126,15,NA
"7995","Pitt Agri. Center",2019-03-29,3,2019,"Pitt",35.6412760008938,-77.360126,25,NA
"7996","Pitt Agri. Center",2019-03-30,3,2019,"Pitt",35.6412760008938,-77.360126,33,50
"7997","Pitt Agri. Center",2019-03-31,3,2019,"Pitt",35.6412760008938,-77.360126,14,40
"7998","Pitt Agri. Center",2019-04-01,4,2019,"Pitt",35.6412760008938,-77.360126,17,44
"7999","Pitt Agri. Center",2019-04-02,4,2019,"Pitt",35.6412760008938,-77.360126,22,34
"8000","Pitt Agri. Center",2019-04-03,4,2019,"Pitt",35.6412760008938,-77.360126,27,51
"8001","Pitt Agri. Center",2019-04-04,4,2019,"Pitt",35.6412760008938,-77.360126,37,67
"8002","Pitt Agri. Center",2019-04-05,4,2019,"Pitt",35.6412760008938,-77.360126,31,45
"8003","Pitt Agri. Center",2019-04-06,4,2019,"Pitt",35.6412760008938,-77.360126,22,34
"8004","Pitt Agri. Center",2019-04-07,4,2019,"Pitt",35.6412760008938,-77.360126,16,41
"8005","Pitt Agri. Center",2019-04-08,4,2019,"Pitt",35.6412760008938,-77.360126,28,36
"8006","Pitt Agri. Center",2019-04-09,4,2019,"Pitt",35.6412760008938,-77.360126,25.5,31
"8007","Pitt Agri. Center",2019-04-10,4,2019,"Pitt",35.6412760008938,-77.360126,19,50
"8008","Pitt Agri. Center",2019-04-11,4,2019,"Pitt",35.6412760008938,-77.360126,20,51
"8009","Pitt Agri. Center",2019-04-12,4,2019,"Pitt",35.6412760008938,-77.360126,29.5,45
"8010","Pitt Agri. Center",2019-04-13,4,2019,"Pitt",35.6412760008938,-77.360126,16,30
"8011","Pitt Agri. Center",2019-04-14,4,2019,"Pitt",35.6412760008938,-77.360126,17,31
"8012","Pitt Agri. Center",2019-04-15,4,2019,"Pitt",35.6412760008938,-77.360126,15.5,47
"8013","Pitt Agri. Center",2019-04-16,4,2019,"Pitt",35.6412760008938,-77.360126,12,50
"8014","Pitt Agri. Center",2019-04-17,4,2019,"Pitt",35.6412760008938,-77.360126,34,71
"8015","Pitt Agri. Center",2019-04-18,4,2019,"Pitt",35.6412760008938,-77.360126,27,48
"8016","Pitt Agri. Center",2019-04-19,4,2019,"Pitt",35.6412760008938,-77.360126,23,37
"8017","Pitt Agri. Center",2019-04-20,4,2019,"Pitt",35.6412760008938,-77.360126,11,42
"8018","Pitt Agri. Center",2019-04-21,4,2019,"Pitt",35.6412760008938,-77.360126,9,33
"8019","Pitt Agri. Center",2019-04-22,4,2019,"Pitt",35.6412760008938,-77.360126,18,40
"8020","Pitt Agri. Center",2019-04-23,4,2019,"Pitt",35.6412760008938,-77.360126,28,51
"8021","Pitt Agri. Center",2019-04-24,4,2019,"Pitt",35.6412760008938,-77.360126,38,61
"8022","Pitt Agri. Center",2019-04-25,4,2019,"Pitt",35.6412760008938,-77.360126,57,67
"8023","Pitt Agri. Center",2019-04-26,4,2019,"Pitt",35.6412760008938,-77.360126,31,43
"8024","Pitt Agri. Center",2019-04-27,4,2019,"Pitt",35.6412760008938,-77.360126,24.5,54
"8025","Pitt Agri. Center",2019-04-28,4,2019,"Pitt",35.6412760008938,-77.360126,45,51
"8026","Pitt Agri. Center",2019-04-29,4,2019,"Pitt",35.6412760008938,-77.360126,39,36
"8027","Pitt Agri. Center",2019-04-30,4,2019,"Pitt",35.6412760008938,-77.360126,36.5,51
"8028","Pitt Agri. Center",2019-05-01,5,2019,"Pitt",35.6412760008938,-77.360126,30,44
"8029","Pitt Agri. Center",2019-05-02,5,2019,"Pitt",35.6412760008938,-77.360126,32,44
"8030","Pitt Agri. Center",2019-05-03,5,2019,"Pitt",35.6412760008938,-77.360126,25,26
"8031","Pitt Agri. Center",2019-05-04,5,2019,"Pitt",35.6412760008938,-77.360126,22,38
"8032","Pitt Agri. Center",2019-05-05,5,2019,"Pitt",35.6412760008938,-77.360126,22,35
"8033","Pitt Agri. Center",2019-05-06,5,2019,"Pitt",35.6412760008938,-77.360126,10,41
"8034","Pitt Agri. Center",2019-05-07,5,2019,"Pitt",35.6412760008938,-77.360126,NA,46
"8035","Pitt Agri. Center",2019-05-08,5,2019,"Pitt",35.6412760008938,-77.360126,NA,49
"8036","Pitt Agri. Center",2019-05-09,5,2019,"Pitt",35.6412760008938,-77.360126,15,45
"8037","Pitt Agri. Center",2019-05-10,5,2019,"Pitt",35.6412760008938,-77.360126,16,44
"8038","Pitt Agri. Center",2019-05-11,5,2019,"Pitt",35.6412760008938,-77.360126,18,38
"8039","Pitt Agri. Center",2019-05-12,5,2019,"Pitt",35.6412760008938,-77.360126,20,33
"8040","Pitt Agri. Center",2019-05-13,5,2019,"Pitt",35.6412760008938,-77.360126,NA,31
"8041","Pitt Agri. Center",2019-05-14,5,2019,"Pitt",35.6412760008938,-77.360126,NA,39
"8042","Pitt Agri. Center",2019-05-15,5,2019,"Pitt",35.6412760008938,-77.360126,23,44
"8043","Pitt Agri. Center",2019-05-16,5,2019,"Pitt",35.6412760008938,-77.360126,NA,71
"8044","Pitt Agri. Center",2019-05-17,5,2019,"Pitt",35.6412760008938,-77.360126,NA,64
"8045","Pitt Agri. Center",2019-05-18,5,2019,"Pitt",35.6412760008938,-77.360126,51.5,67
"8046","Pitt Agri. Center",2019-05-19,5,2019,"Pitt",35.6412760008938,-77.360126,51,54
"8047","Pitt Agri. Center",2019-05-20,5,2019,"Pitt",35.6412760008938,-77.360126,30,44
"8048","Pitt Agri. Center",2019-05-21,5,2019,"Pitt",35.6412760008938,-77.360126,30.5,50
"8049","Pitt Agri. Center",2019-05-22,5,2019,"Pitt",35.6412760008938,-77.360126,21,47
"8050","Pitt Agri. Center",2019-05-23,5,2019,"Pitt",35.6412760008938,-77.360126,32,46
"8051","Pitt Agri. Center",2019-05-24,5,2019,"Pitt",35.6412760008938,-77.360126,47,50
"8052","Pitt Agri. Center",2019-05-25,5,2019,"Pitt",35.6412760008938,-77.360126,28,58
"8053","Pitt Agri. Center",2019-05-26,5,2019,"Pitt",35.6412760008938,-77.360126,47,47
"8054","Pitt Agri. Center",2019-05-27,5,2019,"Pitt",35.6412760008938,-77.360126,42,44
"8055","Pitt Agri. Center",2019-05-28,5,2019,"Pitt",35.6412760008938,-77.360126,46,61
"8056","Pitt Agri. Center",2019-05-29,5,2019,"Pitt",35.6412760008938,-77.360126,59,50
"8057","Pitt Agri. Center",2019-05-30,5,2019,"Pitt",35.6412760008938,-77.360126,55.5,77
"8058","Pitt Agri. Center",2019-05-31,5,2019,"Pitt",35.6412760008938,-77.360126,56,54
"8059","Pitt Agri. Center",2019-06-01,6,2019,"Pitt",35.6412760008938,-77.360126,25,45
"8060","Pitt Agri. Center",2019-06-02,6,2019,"Pitt",35.6412760008938,-77.360126,33,87
"8061","Pitt Agri. Center",2019-06-03,6,2019,"Pitt",35.6412760008938,-77.360126,40,50
"8062","Pitt Agri. Center",2019-06-04,6,2019,"Pitt",35.6412760008938,-77.360126,30,61
"8063","Pitt Agri. Center",2019-06-05,6,2019,"Pitt",35.6412760008938,-77.360126,42.5,45
"8064","Pitt Agri. Center",2019-06-06,6,2019,"Pitt",35.6412760008938,-77.360126,53,54
"8065","Pitt Agri. Center",2019-06-07,6,2019,"Pitt",35.6412760008938,-77.360126,55,39
"8066","Pitt Agri. Center",2019-06-08,6,2019,"Pitt",35.6412760008938,-77.360126,41,32
"8067","Pitt Agri. Center",2019-06-09,6,2019,"Pitt",35.6412760008938,-77.360126,18,27
"8068","Pitt Agri. Center",2019-06-10,6,2019,"Pitt",35.6412760008938,-77.360126,16,28
"8069","Pitt Agri. Center",2019-06-11,6,2019,"Pitt",35.6412760008938,-77.360126,15.5,43
"8070","Pitt Agri. Center",2019-06-12,6,2019,"Pitt",35.6412760008938,-77.360126,19,38
"8071","Pitt Agri. Center",2019-06-13,6,2019,"Pitt",35.6412760008938,-77.360126,19,38
"8072","Pitt Agri. Center",2019-06-14,6,2019,"Pitt",35.6412760008938,-77.360126,16.5,43
"8073","Pitt Agri. Center",2019-06-15,6,2019,"Pitt",35.6412760008938,-77.360126,33,49
"8074","Pitt Agri. Center",2019-06-16,6,2019,"Pitt",35.6412760008938,-77.360126,32,46
"8075","Pitt Agri. Center",2019-06-17,6,2019,"Pitt",35.6412760008938,-77.360126,33,40
"8076","Pitt Agri. Center",2019-06-18,6,2019,"Pitt",35.6412760008938,-77.360126,17,26
"8077","Pitt Agri. Center",2019-06-19,6,2019,"Pitt",35.6412760008938,-77.360126,22,36
"8078","Pitt Agri. Center",2019-06-20,6,2019,"Pitt",35.6412760008938,-77.360126,30,46
"8079","Pitt Agri. Center",2019-06-21,6,2019,"Pitt",35.6412760008938,-77.360126,19,46
"8080","Pitt Agri. Center",2019-06-22,6,2019,"Pitt",35.6412760008938,-77.360126,29,41
"8081","Pitt Agri. Center",2019-06-23,6,2019,"Pitt",35.6412760008938,-77.360126,29,41
"8082","Pitt Agri. Center",2019-06-24,6,2019,"Pitt",35.6412760008938,-77.360126,39,48
"8083","Pitt Agri. Center",2019-06-25,6,2019,"Pitt",35.6412760008938,-77.360126,37,45
"8084","Pitt Agri. Center",2019-06-26,6,2019,"Pitt",35.6412760008938,-77.360126,39,51
"8085","Pitt Agri. Center",2019-06-27,6,2019,"Pitt",35.6412760008938,-77.360126,54,64
"8086","Pitt Agri. Center",2019-06-28,6,2019,"Pitt",35.6412760008938,-77.360126,49,77
"8087","Pitt Agri. Center",2019-06-29,6,2019,"Pitt",35.6412760008938,-77.360126,42,71
"8088","Pitt Agri. Center",2019-06-30,6,2019,"Pitt",35.6412760008938,-77.360126,44,51
"8089","Pitt Agri. Center",2019-07-01,7,2019,"Pitt",35.6412760008938,-77.360126,40,47
"8090","Pitt Agri. Center",2019-07-02,7,2019,"Pitt",35.6412760008938,-77.360126,44,67
"8091","Pitt Agri. Center",2019-07-03,7,2019,"Pitt",35.6412760008938,-77.360126,47,54
"8092","Pitt Agri. Center",2019-07-04,7,2019,"Pitt",35.6412760008938,-77.360126,55,45
"8093","Pitt Agri. Center",2019-07-05,7,2019,"Pitt",35.6412760008938,-77.360126,32,42
"8094","Pitt Agri. Center",2019-07-06,7,2019,"Pitt",35.6412760008938,-77.360126,38,47
"8095","Pitt Agri. Center",2019-07-07,7,2019,"Pitt",35.6412760008938,-77.360126,34,40
"8096","Pitt Agri. Center",2019-07-08,7,2019,"Pitt",35.6412760008938,-77.360126,42,35
"8097","Pitt Agri. Center",2019-07-09,7,2019,"Pitt",35.6412760008938,-77.360126,25,34
"8098","Pitt Agri. Center",2019-07-10,7,2019,"Pitt",35.6412760008938,-77.360126,28,44
"8099","Pitt Agri. Center",2019-07-11,7,2019,"Pitt",35.6412760008938,-77.360126,33,38
"8100","Pitt Agri. Center",2019-07-12,7,2019,"Pitt",35.6412760008938,-77.360126,29,36
"8101","Pitt Agri. Center",2019-07-13,7,2019,"Pitt",35.6412760008938,-77.360126,38,41
"8102","Pitt Agri. Center",2019-07-14,7,2019,"Pitt",35.6412760008938,-77.360126,43,46
"8103","Pitt Agri. Center",2019-07-15,7,2019,"Pitt",35.6412760008938,-77.360126,58,47
"8104","Pitt Agri. Center",2019-07-16,7,2019,"Pitt",35.6412760008938,-77.360126,56,48
"8105","Pitt Agri. Center",2019-07-17,7,2019,"Pitt",35.6412760008938,-77.360126,55,46
"8106","Pitt Agri. Center",2019-07-18,7,2019,"Pitt",35.6412760008938,-77.360126,52,40
"8107","Pitt Agri. Center",2019-07-19,7,2019,"Pitt",35.6412760008938,-77.360126,41,44
"8108","Pitt Agri. Center",2019-07-20,7,2019,"Pitt",35.6412760008938,-77.360126,42,48
"8109","Pitt Agri. Center",2019-07-21,7,2019,"Pitt",35.6412760008938,-77.360126,38,41
"8110","Pitt Agri. Center",2019-07-22,7,2019,"Pitt",35.6412760008938,-77.360126,41,38
"8111","Pitt Agri. Center",2019-07-23,7,2019,"Pitt",35.6412760008938,-77.360126,20,29
"8112","Pitt Agri. Center",2019-07-24,7,2019,"Pitt",35.6412760008938,-77.360126,29,35
"8113","Pitt Agri. Center",2019-07-25,7,2019,"Pitt",35.6412760008938,-77.360126,31,44
"8114","Pitt Agri. Center",2019-07-26,7,2019,"Pitt",35.6412760008938,-77.360126,38,44
"8115","Pitt Agri. Center",2019-07-27,7,2019,"Pitt",35.6412760008938,-77.360126,36,41
"8116","Pitt Agri. Center",2019-07-28,7,2019,"Pitt",35.6412760008938,-77.360126,38,49
"8117","Pitt Agri. Center",2019-07-29,7,2019,"Pitt",35.6412760008938,-77.360126,35,49
"8118","Pitt Agri. Center",2019-07-30,7,2019,"Pitt",35.6412760008938,-77.360126,29,50
"8119","Pitt Agri. Center",2019-07-31,7,2019,"Pitt",35.6412760008938,-77.360126,26,42
"8120","Pitt Agri. Center",2019-08-01,8,2019,"Pitt",35.6412760008938,-77.360126,40,43
"8121","Pitt Agri. Center",2019-08-02,8,2019,"Pitt",35.6412760008938,-77.360126,30,33
"8122","Pitt Agri. Center",2019-08-03,8,2019,"Pitt",35.6412760008938,-77.360126,20,30
"8123","Pitt Agri. Center",2019-08-04,8,2019,"Pitt",35.6412760008938,-77.360126,20,40
"8124","Pitt Agri. Center",2019-08-05,8,2019,"Pitt",35.6412760008938,-77.360126,17,29
"8125","Pitt Agri. Center",2019-08-06,8,2019,"Pitt",35.6412760008938,-77.360126,24,39
"8126","Pitt Agri. Center",2019-08-07,8,2019,"Pitt",35.6412760008938,-77.360126,NA,38
"8127","Pitt Agri. Center",2019-08-08,8,2019,"Pitt",35.6412760008938,-77.360126,NA,48
"8128","Pitt Agri. Center",2019-08-09,8,2019,"Pitt",35.6412760008938,-77.360126,NA,71
"8129","Pitt Agri. Center",2019-08-10,8,2019,"Pitt",35.6412760008938,-77.360126,NA,44
"8130","Pitt Agri. Center",2019-08-11,8,2019,"Pitt",35.6412760008938,-77.360126,NA,46
"8131","Pitt Agri. Center",2019-08-12,8,2019,"Pitt",35.6412760008938,-77.360126,NA,45
"8132","Pitt Agri. Center",2019-08-13,8,2019,"Pitt",35.6412760008938,-77.360126,NA,43
"8133","Pitt Agri. Center",2019-08-14,8,2019,"Pitt",35.6412760008938,-77.360126,NA,44
"8134","Pitt Agri. Center",2019-08-15,8,2019,"Pitt",35.6412760008938,-77.360126,NA,41
"8135","Pitt Agri. Center",2019-08-16,8,2019,"Pitt",35.6412760008938,-77.360126,NA,25
"8136","Pitt Agri. Center",2019-08-17,8,2019,"Pitt",35.6412760008938,-77.360126,NA,31
"8137","Pitt Agri. Center",2019-08-18,8,2019,"Pitt",35.6412760008938,-77.360126,NA,25
"8138","Pitt Agri. Center",2019-08-19,8,2019,"Pitt",35.6412760008938,-77.360126,NA,39
"8139","Pitt Agri. Center",2019-08-20,8,2019,"Pitt",35.6412760008938,-77.360126,36,34
"8140","Pitt Agri. Center",2019-08-21,8,2019,"Pitt",35.6412760008938,-77.360126,40,31
"8141","Pitt Agri. Center",2019-08-22,8,2019,"Pitt",35.6412760008938,-77.360126,30,44
"8142","Pitt Agri. Center",2019-08-23,8,2019,"Pitt",35.6412760008938,-77.360126,26,30
"8143","Pitt Agri. Center",2019-08-24,8,2019,"Pitt",35.6412760008938,-77.360126,26,23
"8144","Pitt Agri. Center",2019-08-25,8,2019,"Pitt",35.6412760008938,-77.360126,20,30
"8145","Pitt Agri. Center",2019-08-26,8,2019,"Pitt",35.6412760008938,-77.360126,20,26
"8146","Pitt Agri. Center",2019-08-27,8,2019,"Pitt",35.6412760008938,-77.360126,26,27
"8147","Pitt Agri. Center",2019-08-28,8,2019,"Pitt",35.6412760008938,-77.360126,33,30
"8148","Pitt Agri. Center",2019-08-29,8,2019,"Pitt",35.6412760008938,-77.360126,35,44
"8149","Pitt Agri. Center",2019-08-30,8,2019,"Pitt",35.6412760008938,-77.360126,43,54
"8150","Pitt Agri. Center",2019-08-31,8,2019,"Pitt",35.6412760008938,-77.360126,46,46
"8151","Pitt Agri. Center",2019-09-01,9,2019,"Pitt",35.6412760008938,-77.360126,32,38
"8152","Pitt Agri. Center",2019-09-02,9,2019,"Pitt",35.6412760008938,-77.360126,31,29
"8153","Pitt Agri. Center",2019-09-03,9,2019,"Pitt",35.6412760008938,-77.360126,25,27
"8154","Pitt Agri. Center",2019-09-10,9,2019,"Pitt",35.6412760008938,-77.360126,NA,27
"8155","Pitt Agri. Center",2019-09-11,9,2019,"Pitt",35.6412760008938,-77.360126,NA,45
"8156","Pitt Agri. Center",2019-09-12,9,2019,"Pitt",35.6412760008938,-77.360126,51,46
"8157","Pitt Agri. Center",2019-09-13,9,2019,"Pitt",35.6412760008938,-77.360126,35,35
"8158","Pitt Agri. Center",2019-09-14,9,2019,"Pitt",35.6412760008938,-77.360126,21,31
"8159","Pitt Agri. Center",2019-09-15,9,2019,"Pitt",35.6412760008938,-77.360126,15,28
"8160","Pitt Agri. Center",2019-09-16,9,2019,"Pitt",35.6412760008938,-77.360126,23,34
"8161","Pitt Agri. Center",2019-09-17,9,2019,"Pitt",35.6412760008938,-77.360126,23,39
"8162","Pitt Agri. Center",2019-09-18,9,2019,"Pitt",35.6412760008938,-77.360126,17,32
"8163","Pitt Agri. Center",2019-09-19,9,2019,"Pitt",35.6412760008938,-77.360126,20,34
"8164","Pitt Agri. Center",2019-09-20,9,2019,"Pitt",35.6412760008938,-77.360126,24,36
"8165","Pitt Agri. Center",2019-09-21,9,2019,"Pitt",35.6412760008938,-77.360126,39,41
"8166","Pitt Agri. Center",2019-09-22,9,2019,"Pitt",35.6412760008938,-77.360126,28,41
"8167","Pitt Agri. Center",2019-09-23,9,2019,"Pitt",35.6412760008938,-77.360126,34,44
"8168","Pitt Agri. Center",2019-09-24,9,2019,"Pitt",35.6412760008938,-77.360126,31,41
"8169","Pitt Agri. Center",2019-09-25,9,2019,"Pitt",35.6412760008938,-77.360126,36,45
"8170","Pitt Agri. Center",2019-09-26,9,2019,"Pitt",35.6412760008938,-77.360126,47,45
"8171","Pitt Agri. Center",2019-09-27,9,2019,"Pitt",35.6412760008938,-77.360126,46,37
"8172","Pitt Agri. Center",2019-09-28,9,2019,"Pitt",35.6412760008938,-77.360126,41,43
"8173","Pitt Agri. Center",2019-09-29,9,2019,"Pitt",35.6412760008938,-77.360126,54,45
"8174","Pitt Agri. Center",2019-09-30,9,2019,"Pitt",35.6412760008938,-77.360126,39,40
"8175","Pitt Agri. Center",2019-10-01,10,2019,"Pitt",35.6412760008938,-77.360126,35,35
"8176","Pitt Agri. Center",2019-10-02,10,2019,"Pitt",35.6412760008938,-77.360126,52,51
"8177","Pitt Agri. Center",2019-10-03,10,2019,"Pitt",35.6412760008938,-77.360126,59,49
"8178","Pitt Agri. Center",2019-10-04,10,2019,"Pitt",35.6412760008938,-77.360126,58,39
"8179","Pitt Agri. Center",2019-10-05,10,2019,"Pitt",35.6412760008938,-77.360126,NA,31
"8180","Pitt Agri. Center",2019-10-06,10,2019,"Pitt",35.6412760008938,-77.360126,18,37
"8181","Pitt Agri. Center",2019-10-07,10,2019,"Pitt",35.6412760008938,-77.360126,16,33
"8182","Pitt Agri. Center",2019-10-08,10,2019,"Pitt",35.6412760008938,-77.360126,NA,24
"8183","Pitt Agri. Center",2019-10-09,10,2019,"Pitt",35.6412760008938,-77.360126,21,NA
"8184","Pitt Agri. Center",2019-10-10,10,2019,"Pitt",35.6412760008938,-77.360126,12,29
"8185","Pitt Agri. Center",2019-10-11,10,2019,"Pitt",35.6412760008938,-77.360126,21,42
"8186","Pitt Agri. Center",2019-10-12,10,2019,"Pitt",35.6412760008938,-77.360126,26,49
"8187","Pitt Agri. Center",2019-10-13,10,2019,"Pitt",35.6412760008938,-77.360126,25,40
"8188","Pitt Agri. Center",2019-10-14,10,2019,"Pitt",35.6412760008938,-77.360126,17,37
"8189","Pitt Agri. Center",2019-10-15,10,2019,"Pitt",35.6412760008938,-77.360126,29,41
"8190","Pitt Agri. Center",2019-10-16,10,2019,"Pitt",35.6412760008938,-77.360126,20,28
"8191","Pitt Agri. Center",2019-10-17,10,2019,"Pitt",35.6412760008938,-77.360126,9,34
"8192","Pitt Agri. Center",2019-10-18,10,2019,"Pitt",35.6412760008938,-77.360126,13,36
"8193","Pitt Agri. Center",2019-10-19,10,2019,"Pitt",35.6412760008938,-77.360126,32,37
"8194","Pitt Agri. Center",2019-10-20,10,2019,"Pitt",35.6412760008938,-77.360126,10,31
"8195","Pitt Agri. Center",2019-10-21,10,2019,"Pitt",35.6412760008938,-77.360126,15,27
"8196","Pitt Agri. Center",2019-10-22,10,2019,"Pitt",35.6412760008938,-77.360126,18,24
"8197","Pitt Agri. Center",2019-10-23,10,2019,"Pitt",35.6412760008938,-77.360126,12,35
"8198","Pitt Agri. Center",2019-10-24,10,2019,"Pitt",35.6412760008938,-77.360126,23,37
"8199","Pitt Agri. Center",2019-10-25,10,2019,"Pitt",35.6412760008938,-77.360126,21,39
"8200","Pitt Agri. Center",2019-10-26,10,2019,"Pitt",35.6412760008938,-77.360126,20,36
"8201","Pitt Agri. Center",2019-10-27,10,2019,"Pitt",35.6412760008938,-77.360126,19,20
"8202","Pitt Agri. Center",2019-10-28,10,2019,"Pitt",35.6412760008938,-77.360126,18,35
"8203","Pitt Agri. Center",2019-10-29,10,2019,"Pitt",35.6412760008938,-77.360126,19,25
"8204","Pitt Agri. Center",2019-10-30,10,2019,"Pitt",35.6412760008938,-77.360126,12,27
"8205","Pitt Agri. Center",2019-10-31,10,2019,"Pitt",35.6412760008938,-77.360126,10,29
"8206","Pitt Agri. Center",2019-11-01,11,2019,"Pitt",35.6412760008938,-77.360126,9,NA
"8207","Pitt Agri. Center",2019-11-02,11,2019,"Pitt",35.6412760008938,-77.360126,18,NA
"8208","Pitt Agri. Center",2019-11-03,11,2019,"Pitt",35.6412760008938,-77.360126,20,NA
"8209","Pitt Agri. Center",2019-11-04,11,2019,"Pitt",35.6412760008938,-77.360126,30,NA
"8210","Pitt Agri. Center",2019-11-05,11,2019,"Pitt",35.6412760008938,-77.360126,28,NA
"8211","Pitt Agri. Center",2019-11-06,11,2019,"Pitt",35.6412760008938,-77.360126,28,NA
"8212","Pitt Agri. Center",2019-11-07,11,2019,"Pitt",35.6412760008938,-77.360126,32,NA
"8213","Pitt Agri. Center",2019-11-08,11,2019,"Pitt",35.6412760008938,-77.360126,14,NA
"8214","Pitt Agri. Center",2019-11-09,11,2019,"Pitt",35.6412760008938,-77.360126,14,NA
"8215","Pitt Agri. Center",2019-11-10,11,2019,"Pitt",35.6412760008938,-77.360126,28,NA
"8216","Pitt Agri. Center",2019-11-11,11,2019,"Pitt",35.6412760008938,-77.360126,32,NA
"8217","Pitt Agri. Center",2019-11-12,11,2019,"Pitt",35.6412760008938,-77.360126,17,NA
"8218","Pitt Agri. Center",2019-11-13,11,2019,"Pitt",35.6412760008938,-77.360126,10,NA
"8219","Pitt Agri. Center",2019-11-14,11,2019,"Pitt",35.6412760008938,-77.360126,26,NA
"8220","Pitt Agri. Center",2019-11-15,11,2019,"Pitt",35.6412760008938,-77.360126,23,NA
"8221","Pitt Agri. Center",2019-11-16,11,2019,"Pitt",35.6412760008938,-77.360126,33,NA
"8222","Pitt Agri. Center",2019-11-17,11,2019,"Pitt",35.6412760008938,-77.360126,14,NA
"8223","Pitt Agri. Center",2019-11-18,11,2019,"Pitt",35.6412760008938,-77.360126,20,NA
"8224","Pitt Agri. Center",2019-11-19,11,2019,"Pitt",35.6412760008938,-77.360126,27,NA
"8225","Pitt Agri. Center",2019-11-20,11,2019,"Pitt",35.6412760008938,-77.360126,35,NA
"8226","Pitt Agri. Center",2019-11-21,11,2019,"Pitt",35.6412760008938,-77.360126,41,NA
"8227","Pitt Agri. Center",2019-11-22,11,2019,"Pitt",35.6412760008938,-77.360126,48,NA
"8228","Pitt Agri. Center",2019-11-23,11,2019,"Pitt",35.6412760008938,-77.360126,30,NA
"8229","Pitt Agri. Center",2019-11-24,11,2019,"Pitt",35.6412760008938,-77.360126,8,NA
"8230","Pitt Agri. Center",2019-11-25,11,2019,"Pitt",35.6412760008938,-77.360126,21,NA
"8231","Pitt Agri. Center",2019-11-26,11,2019,"Pitt",35.6412760008938,-77.360126,40,NA
"8232","Pitt Agri. Center",2019-11-27,11,2019,"Pitt",35.6412760008938,-77.360126,37,NA
"8233","Pitt Agri. Center",2019-11-28,11,2019,"Pitt",35.6412760008938,-77.360126,9,NA
"8234","Pitt Agri. Center",2019-11-29,11,2019,"Pitt",35.6412760008938,-77.360126,11,NA
"8235","Pitt Agri. Center",2019-11-30,11,2019,"Pitt",35.6412760008938,-77.360126,8,NA
"8236","Pitt Agri. Center",2019-12-01,12,2019,"Pitt",35.6412760008938,-77.360126,8,NA
"8237","Pitt Agri. Center",2019-12-04,12,2019,"Pitt",35.6412760008938,-77.360126,19,NA
"8238","Pitt Agri. Center",2019-12-05,12,2019,"Pitt",35.6412760008938,-77.360126,14,NA
"8239","Pitt Agri. Center",2019-12-06,12,2019,"Pitt",35.6412760008938,-77.360126,38,NA
"8240","Pitt Agri. Center",2019-12-07,12,2019,"Pitt",35.6412760008938,-77.360126,32,NA
"8241","Pitt Agri. Center",2019-12-08,12,2019,"Pitt",35.6412760008938,-77.360126,15,NA
"8242","Pitt Agri. Center",2019-12-09,12,2019,"Pitt",35.6412760008938,-77.360126,15,NA
"8243","Pitt Agri. Center",2019-12-10,12,2019,"Pitt",35.6412760008938,-77.360126,19,NA
"8244","Pitt Agri. Center",2019-12-11,12,2019,"Pitt",35.6412760008938,-77.360126,4,NA
"8245","Pitt Agri. Center",2019-12-12,12,2019,"Pitt",35.6412760008938,-77.360126,23,NA
"8246","Pitt Agri. Center",2019-12-13,12,2019,"Pitt",35.6412760008938,-77.360126,28,NA
"8247","Pitt Agri. Center",2019-12-14,12,2019,"Pitt",35.6412760008938,-77.360126,5,NA
"8248","Pitt Agri. Center",2019-12-15,12,2019,"Pitt",35.6412760008938,-77.360126,17,NA
"8249","Pitt Agri. Center",2019-12-16,12,2019,"Pitt",35.6412760008938,-77.360126,36,NA
"8250","Pitt Agri. Center",2019-12-17,12,2019,"Pitt",35.6412760008938,-77.360126,13,NA
"8251","Pitt Agri. Center",2019-12-18,12,2019,"Pitt",35.6412760008938,-77.360126,10,NA
"8252","Pitt Agri. Center",2019-12-19,12,2019,"Pitt",35.6412760008938,-77.360126,25,NA
"8253","Pitt Agri. Center",2019-12-20,12,2019,"Pitt",35.6412760008938,-77.360126,37,NA
"8254","Pitt Agri. Center",2019-12-21,12,2019,"Pitt",35.6412760008938,-77.360126,45,NA
"8255","Pitt Agri. Center",2019-12-22,12,2019,"Pitt",35.6412760008938,-77.360126,42,NA
"8256","Pitt Agri. Center",2019-12-23,12,2019,"Pitt",35.6412760008938,-77.360126,28,NA
"8257","Pitt Agri. Center",2019-12-24,12,2019,"Pitt",35.6412760008938,-77.360126,19,NA
"8258","Pitt Agri. Center",2019-12-29,12,2019,"Pitt",35.6412760008938,-77.360126,29,NA
"8259","Pitt Agri. Center",2019-12-30,12,2019,"Pitt",35.6412760008938,-77.360126,10,NA
"8260","Pitt Agri. Center",2019-12-31,12,2019,"Pitt",35.6412760008938,-77.360126,10,NA
"8261","West Johnston Co.",2018-01-01,1,2018,"Johnston",35.59095,-78.4622,24,NA
"8262","West Johnston Co.",2018-01-02,1,2018,"Johnston",35.59095,-78.4622,35,NA
"8263","West Johnston Co.",2018-01-03,1,2018,"Johnston",35.59095,-78.4622,47,NA
"8264","West Johnston Co.",2018-01-04,1,2018,"Johnston",35.59095,-78.4622,30,NA
"8265","West Johnston Co.",2018-01-05,1,2018,"Johnston",35.59095,-78.4622,32,NA
"8266","West Johnston Co.",2018-01-06,1,2018,"Johnston",35.59095,-78.4622,29,NA
"8267","West Johnston Co.",2018-01-07,1,2018,"Johnston",35.59095,-78.4622,27,NA
"8268","West Johnston Co.",2018-01-08,1,2018,"Johnston",35.59095,-78.4622,38,NA
"8269","West Johnston Co.",2018-01-09,1,2018,"Johnston",35.59095,-78.4622,43,NA
"8270","West Johnston Co.",2018-01-10,1,2018,"Johnston",35.59095,-78.4622,35,NA
"8271","West Johnston Co.",2018-01-11,1,2018,"Johnston",35.59095,-78.4622,41,NA
"8272","West Johnston Co.",2018-01-12,1,2018,"Johnston",35.59095,-78.4622,13,NA
"8273","West Johnston Co.",2018-01-13,1,2018,"Johnston",35.59095,-78.4622,8,NA
"8274","West Johnston Co.",2018-01-14,1,2018,"Johnston",35.59095,-78.4622,15,NA
"8275","West Johnston Co.",2018-01-15,1,2018,"Johnston",35.59095,-78.4622,35,NA
"8276","West Johnston Co.",2018-01-16,1,2018,"Johnston",35.59095,-78.4622,53,NA
"8277","West Johnston Co.",2018-01-17,1,2018,"Johnston",35.59095,-78.4622,66,NA
"8278","West Johnston Co.",2018-01-18,1,2018,"Johnston",35.59095,-78.4622,50,NA
"8279","West Johnston Co.",2018-01-19,1,2018,"Johnston",35.59095,-78.4622,42,NA
"8280","West Johnston Co.",2018-01-20,1,2018,"Johnston",35.59095,-78.4622,40,NA
"8281","West Johnston Co.",2018-01-21,1,2018,"Johnston",35.59095,-78.4622,43,NA
"8282","West Johnston Co.",2018-01-22,1,2018,"Johnston",35.59095,-78.4622,57,NA
"8283","West Johnston Co.",2018-01-23,1,2018,"Johnston",35.59095,-78.4622,15,NA
"8284","West Johnston Co.",2018-01-24,1,2018,"Johnston",35.59095,-78.4622,15,NA
"8285","West Johnston Co.",2018-01-25,1,2018,"Johnston",35.59095,-78.4622,25,NA
"8286","West Johnston Co.",2018-01-26,1,2018,"Johnston",35.59095,-78.4622,35,NA
"8287","West Johnston Co.",2018-01-27,1,2018,"Johnston",35.59095,-78.4622,27,NA
"8288","West Johnston Co.",2018-01-28,1,2018,"Johnston",35.59095,-78.4622,18,NA
"8289","West Johnston Co.",2018-01-29,1,2018,"Johnston",35.59095,-78.4622,6,NA
"8290","West Johnston Co.",2018-01-30,1,2018,"Johnston",35.59095,-78.4622,14,NA
"8291","West Johnston Co.",2018-01-31,1,2018,"Johnston",35.59095,-78.4622,22,NA
"8292","West Johnston Co.",2018-02-01,2,2018,"Johnston",35.59095,-78.4622,29,NA
"8293","West Johnston Co.",2018-02-02,2,2018,"Johnston",35.59095,-78.4622,16,NA
"8294","West Johnston Co.",2018-02-03,2,2018,"Johnston",35.59095,-78.4622,28,NA
"8295","West Johnston Co.",2018-02-04,2,2018,"Johnston",35.59095,-78.4622,20,NA
"8296","West Johnston Co.",2018-02-05,2,2018,"Johnston",35.59095,-78.4622,16,NA
"8297","West Johnston Co.",2018-02-06,2,2018,"Johnston",35.59095,-78.4622,38,NA
"8298","West Johnston Co.",2018-02-07,2,2018,"Johnston",35.59095,-78.4622,35,NA
"8299","West Johnston Co.",2018-02-08,2,2018,"Johnston",35.59095,-78.4622,25,NA
"8300","West Johnston Co.",2018-02-09,2,2018,"Johnston",35.59095,-78.4622,47,NA
"8301","West Johnston Co.",2018-02-10,2,2018,"Johnston",35.59095,-78.4622,38,NA
"8302","West Johnston Co.",2018-02-11,2,2018,"Johnston",35.59095,-78.4622,29,NA
"8303","West Johnston Co.",2018-02-12,2,2018,"Johnston",35.59095,-78.4622,16,NA
"8304","West Johnston Co.",2018-02-13,2,2018,"Johnston",35.59095,-78.4622,34,NA
"8305","West Johnston Co.",2018-02-14,2,2018,"Johnston",35.59095,-78.4622,52,NA
"8306","West Johnston Co.",2018-02-15,2,2018,"Johnston",35.59095,-78.4622,40,NA
"8307","West Johnston Co.",2018-02-16,2,2018,"Johnston",35.59095,-78.4622,27,NA
"8308","West Johnston Co.",2018-02-17,2,2018,"Johnston",35.59095,-78.4622,29,NA
"8309","West Johnston Co.",2018-02-18,2,2018,"Johnston",35.59095,-78.4622,15,NA
"8310","West Johnston Co.",2018-02-19,2,2018,"Johnston",35.59095,-78.4622,45,NA
"8311","West Johnston Co.",2018-02-20,2,2018,"Johnston",35.59095,-78.4622,55,NA
"8312","West Johnston Co.",2018-02-21,2,2018,"Johnston",35.59095,-78.4622,26,NA
"8313","West Johnston Co.",2018-02-22,2,2018,"Johnston",35.59095,-78.4622,29,NA
"8314","West Johnston Co.",2018-02-23,2,2018,"Johnston",35.59095,-78.4622,54,NA
"8315","West Johnston Co.",2018-02-24,2,2018,"Johnston",35.59095,-78.4622,38,NA
"8316","West Johnston Co.",2018-02-25,2,2018,"Johnston",35.59095,-78.4622,32,NA
"8317","West Johnston Co.",2018-02-26,2,2018,"Johnston",35.59095,-78.4622,18,NA
"8318","West Johnston Co.",2018-02-27,2,2018,"Johnston",35.59095,-78.4622,25,NA
"8319","West Johnston Co.",2018-02-28,2,2018,"Johnston",35.59095,-78.4622,38,NA
"8320","West Johnston Co.",2018-03-01,3,2018,"Johnston",35.59095,-78.4622,37,34
"8321","West Johnston Co.",2018-03-02,3,2018,"Johnston",35.59095,-78.4622,4,43
"8322","West Johnston Co.",2018-03-03,3,2018,"Johnston",35.59095,-78.4622,8,44
"8323","West Johnston Co.",2018-03-04,3,2018,"Johnston",35.59095,-78.4622,20,42
"8324","West Johnston Co.",2018-03-05,3,2018,"Johnston",35.59095,-78.4622,36,43
"8325","West Johnston Co.",2018-03-06,3,2018,"Johnston",35.59095,-78.4622,46,31
"8326","West Johnston Co.",2018-03-07,3,2018,"Johnston",35.59095,-78.4622,25,33
"8327","West Johnston Co.",2018-03-08,3,2018,"Johnston",35.59095,-78.4622,23,39
"8328","West Johnston Co.",2018-03-09,3,2018,"Johnston",35.59095,-78.4622,28,43
"8329","West Johnston Co.",2018-03-10,3,2018,"Johnston",35.59095,-78.4622,81,44
"8330","West Johnston Co.",2018-03-11,3,2018,"Johnston",35.59095,-78.4622,55,31
"8331","West Johnston Co.",2018-03-12,3,2018,"Johnston",35.59095,-78.4622,37,33
"8332","West Johnston Co.",2018-03-13,3,2018,"Johnston",35.59095,-78.4622,28,44
"8333","West Johnston Co.",2018-03-14,3,2018,"Johnston",35.59095,-78.4622,23,43
"8334","West Johnston Co.",2018-03-15,3,2018,"Johnston",35.59095,-78.4622,42,51
"8335","West Johnston Co.",2018-03-16,3,2018,"Johnston",35.59095,-78.4622,52,54
"8336","West Johnston Co.",2018-03-17,3,2018,"Johnston",35.59095,-78.4622,55,44
"8337","West Johnston Co.",2018-03-18,3,2018,"Johnston",35.59095,-78.4622,29,44
"8338","West Johnston Co.",2018-03-19,3,2018,"Johnston",35.59095,-78.4622,35,44
"8339","West Johnston Co.",2018-03-20,3,2018,"Johnston",35.59095,-78.4622,14,32
"8340","West Johnston Co.",2018-03-21,3,2018,"Johnston",35.59095,-78.4622,19,29
"8341","West Johnston Co.",2018-03-22,3,2018,"Johnston",35.59095,-78.4622,22,42
"8342","West Johnston Co.",2018-03-23,3,2018,"Johnston",35.59095,-78.4622,28,48
"8343","West Johnston Co.",2018-03-24,3,2018,"Johnston",35.59095,-78.4622,38,44
"8344","West Johnston Co.",2018-03-25,3,2018,"Johnston",35.59095,-78.4622,21,47
"8345","West Johnston Co.",2018-03-26,3,2018,"Johnston",35.59095,-78.4622,25,44
"8346","West Johnston Co.",2018-03-27,3,2018,"Johnston",35.59095,-78.4622,33,32
"8347","West Johnston Co.",2018-03-28,3,2018,"Johnston",35.59095,-78.4622,55,41
"8348","West Johnston Co.",2018-03-29,3,2018,"Johnston",35.59095,-78.4622,43,47
"8349","West Johnston Co.",2018-03-30,3,2018,"Johnston",35.59095,-78.4622,26,39
"8350","West Johnston Co.",2018-03-31,3,2018,"Johnston",35.59095,-78.4622,30,45
"8351","West Johnston Co.",2018-04-01,4,2018,"Johnston",35.59095,-78.4622,32,47
"8352","West Johnston Co.",2018-04-02,4,2018,"Johnston",35.59095,-78.4622,40,50
"8353","West Johnston Co.",2018-04-03,4,2018,"Johnston",35.59095,-78.4622,47,41
"8354","West Johnston Co.",2018-04-04,4,2018,"Johnston",35.59095,-78.4622,23,44
"8355","West Johnston Co.",2018-04-05,4,2018,"Johnston",35.59095,-78.4622,25,45
"8356","West Johnston Co.",2018-04-06,4,2018,"Johnston",35.59095,-78.4622,48,64
"8357","West Johnston Co.",2018-04-07,4,2018,"Johnston",35.59095,-78.4622,31,41
"8358","West Johnston Co.",2018-04-08,4,2018,"Johnston",35.59095,-78.4622,25,45
"8359","West Johnston Co.",2018-04-09,4,2018,"Johnston",35.59095,-78.4622,34,39
"8360","West Johnston Co.",2018-04-10,4,2018,"Johnston",35.59095,-78.4622,40,43
"8361","West Johnston Co.",2018-04-11,4,2018,"Johnston",35.59095,-78.4622,53,50
"8362","West Johnston Co.",2018-04-12,4,2018,"Johnston",35.59095,-78.4622,51,58
"8363","West Johnston Co.",2018-04-13,4,2018,"Johnston",35.59095,-78.4622,47,51
"8364","West Johnston Co.",2018-04-14,4,2018,"Johnston",35.59095,-78.4622,38,46
"8365","West Johnston Co.",2018-04-15,4,2018,"Johnston",35.59095,-78.4622,29,33
"8366","West Johnston Co.",2018-04-16,4,2018,"Johnston",35.59095,-78.4622,15,32
"8367","West Johnston Co.",2018-04-17,4,2018,"Johnston",35.59095,-78.4622,32,47
"8368","West Johnston Co.",2018-04-18,4,2018,"Johnston",35.59095,-78.4622,55,71
"8369","West Johnston Co.",2018-04-19,4,2018,"Johnston",35.59095,-78.4622,33,51
"8370","West Johnston Co.",2018-04-20,4,2018,"Johnston",35.59095,-78.4622,28,61
"8371","West Johnston Co.",2018-04-21,4,2018,"Johnston",35.59095,-78.4622,46,64
"8372","West Johnston Co.",2018-04-22,4,2018,"Johnston",35.59095,-78.4622,30,61
"8373","West Johnston Co.",2018-04-23,4,2018,"Johnston",35.59095,-78.4622,22,48
"8374","West Johnston Co.",2018-04-24,4,2018,"Johnston",35.59095,-78.4622,20,40
"8375","West Johnston Co.",2018-04-25,4,2018,"Johnston",35.59095,-78.4622,31,31
"8376","West Johnston Co.",2018-04-26,4,2018,"Johnston",35.59095,-78.4622,27,41
"8377","West Johnston Co.",2018-04-27,4,2018,"Johnston",35.59095,-78.4622,28,44
"8378","West Johnston Co.",2018-04-28,4,2018,"Johnston",35.59095,-78.4622,53,58
"8379","West Johnston Co.",2018-04-29,4,2018,"Johnston",35.59095,-78.4622,26,44
"8380","West Johnston Co.",2018-04-30,4,2018,"Johnston",35.59095,-78.4622,40,51
"8381","West Johnston Co.",2018-05-01,5,2018,"Johnston",35.59095,-78.4622,47,67
"8382","West Johnston Co.",2018-05-02,5,2018,"Johnston",35.59095,-78.4622,47,67
"8383","West Johnston Co.",2018-05-03,5,2018,"Johnston",35.59095,-78.4622,42,51
"8384","West Johnston Co.",2018-05-04,5,2018,"Johnston",35.59095,-78.4622,35,49
"8385","West Johnston Co.",2018-05-05,5,2018,"Johnston",35.59095,-78.4622,40,42
"8386","West Johnston Co.",2018-05-06,5,2018,"Johnston",35.59095,-78.4622,33,32
"8387","West Johnston Co.",2018-05-07,5,2018,"Johnston",35.59095,-78.4622,33,40
"8388","West Johnston Co.",2018-05-08,5,2018,"Johnston",35.59095,-78.4622,27,41
"8389","West Johnston Co.",2018-05-09,5,2018,"Johnston",35.59095,-78.4622,20,48
"8390","West Johnston Co.",2018-05-10,5,2018,"Johnston",35.59095,-78.4622,52,61
"8391","West Johnston Co.",2018-05-11,5,2018,"Johnston",35.59095,-78.4622,54,64
"8392","West Johnston Co.",2018-05-12,5,2018,"Johnston",35.59095,-78.4622,55,51
"8393","West Johnston Co.",2018-05-13,5,2018,"Johnston",35.59095,-78.4622,56,58
"8394","West Johnston Co.",2018-05-14,5,2018,"Johnston",35.59095,-78.4622,44,58
"8395","West Johnston Co.",2018-05-15,5,2018,"Johnston",35.59095,-78.4622,32,24
"8396","West Johnston Co.",2018-05-16,5,2018,"Johnston",35.59095,-78.4622,20,30
"8397","West Johnston Co.",2018-05-17,5,2018,"Johnston",35.59095,-78.4622,20,25
"8398","West Johnston Co.",2018-05-18,5,2018,"Johnston",35.59095,-78.4622,19,26
"8399","West Johnston Co.",2018-05-19,5,2018,"Johnston",35.59095,-78.4622,11,19
"8400","West Johnston Co.",2018-05-20,5,2018,"Johnston",35.59095,-78.4622,31,25
"8401","West Johnston Co.",2018-05-21,5,2018,"Johnston",35.59095,-78.4622,33,41
"8402","West Johnston Co.",2018-05-22,5,2018,"Johnston",35.59095,-78.4622,27,28
"8403","West Johnston Co.",2018-05-23,5,2018,"Johnston",35.59095,-78.4622,33,31
"8404","West Johnston Co.",2018-05-24,5,2018,"Johnston",35.59095,-78.4622,31,46
"8405","West Johnston Co.",2018-05-25,5,2018,"Johnston",35.59095,-78.4622,36,45
"8406","West Johnston Co.",2018-05-26,5,2018,"Johnston",35.59095,-78.4622,27,24
"8407","West Johnston Co.",2018-05-27,5,2018,"Johnston",35.59095,-78.4622,22,22
"8408","West Johnston Co.",2018-05-28,5,2018,"Johnston",35.59095,-78.4622,18,17
"8409","West Johnston Co.",2018-05-29,5,2018,"Johnston",35.59095,-78.4622,21,24
"8410","West Johnston Co.",2018-05-30,5,2018,"Johnston",35.59095,-78.4622,23,24
"8411","West Johnston Co.",2018-05-31,5,2018,"Johnston",35.59095,-78.4622,27,24
"8412","West Johnston Co.",2018-06-01,6,2018,"Johnston",35.59095,-78.4622,40,47
"8413","West Johnston Co.",2018-06-02,6,2018,"Johnston",35.59095,-78.4622,38,43
"8414","West Johnston Co.",2018-06-03,6,2018,"Johnston",35.59095,-78.4622,33,41
"8415","West Johnston Co.",2018-06-04,6,2018,"Johnston",35.59095,-78.4622,18,74
"8416","West Johnston Co.",2018-06-05,6,2018,"Johnston",35.59095,-78.4622,38,54
"8417","West Johnston Co.",2018-06-06,6,2018,"Johnston",35.59095,-78.4622,46,90
"8418","West Johnston Co.",2018-06-07,6,2018,"Johnston",35.59095,-78.4622,43,54
"8419","West Johnston Co.",2018-06-08,6,2018,"Johnston",35.59095,-78.4622,45,58
"8420","West Johnston Co.",2018-06-09,6,2018,"Johnston",35.59095,-78.4622,37,44
"8421","West Johnston Co.",2018-06-10,6,2018,"Johnston",35.59095,-78.4622,47,41
"8422","West Johnston Co.",2018-06-11,6,2018,"Johnston",35.59095,-78.4622,40,41
"8423","West Johnston Co.",2018-06-12,6,2018,"Johnston",35.59095,-78.4622,30,29
"8424","West Johnston Co.",2018-06-13,6,2018,"Johnston",35.59095,-78.4622,45,37
"8425","West Johnston Co.",2018-06-14,6,2018,"Johnston",35.59095,-78.4622,49,48
"8426","West Johnston Co.",2018-06-15,6,2018,"Johnston",35.59095,-78.4622,47,67
"8427","West Johnston Co.",2018-06-16,6,2018,"Johnston",35.59095,-78.4622,49,54
"8428","West Johnston Co.",2018-06-17,6,2018,"Johnston",35.59095,-78.4622,45,42
"8429","West Johnston Co.",2018-06-18,6,2018,"Johnston",35.59095,-78.4622,58,80
"8430","West Johnston Co.",2018-06-19,6,2018,"Johnston",35.59095,-78.4622,57,77
"8431","West Johnston Co.",2018-06-20,6,2018,"Johnston",35.59095,-78.4622,43,71
"8432","West Johnston Co.",2018-06-21,6,2018,"Johnston",35.59095,-78.4622,53,36
"8433","West Johnston Co.",2018-06-22,6,2018,"Johnston",35.59095,-78.4622,53,38
"8434","West Johnston Co.",2018-06-23,6,2018,"Johnston",35.59095,-78.4622,46,37
"8435","West Johnston Co.",2018-06-24,6,2018,"Johnston",35.59095,-78.4622,48,34
"8436","West Johnston Co.",2018-06-25,6,2018,"Johnston",35.59095,-78.4622,39,40
"8437","West Johnston Co.",2018-06-26,6,2018,"Johnston",35.59095,-78.4622,28,29
"8438","West Johnston Co.",2018-06-27,6,2018,"Johnston",35.59095,-78.4622,33,35
"8439","West Johnston Co.",2018-06-28,6,2018,"Johnston",35.59095,-78.4622,38,49
"8440","West Johnston Co.",2018-06-29,6,2018,"Johnston",35.59095,-78.4622,46,50
"8441","West Johnston Co.",2018-06-30,6,2018,"Johnston",35.59095,-78.4622,53,50
"8442","West Johnston Co.",2018-07-01,7,2018,"Johnston",35.59095,-78.4622,33,41
"8443","West Johnston Co.",2018-07-02,7,2018,"Johnston",35.59095,-78.4622,49,43
"8444","West Johnston Co.",2018-07-03,7,2018,"Johnston",35.59095,-78.4622,48,44
"8445","West Johnston Co.",2018-07-04,7,2018,"Johnston",35.59095,-78.4622,35,27
"8446","West Johnston Co.",2018-07-05,7,2018,"Johnston",35.59095,-78.4622,23,31
"8447","West Johnston Co.",2018-07-06,7,2018,"Johnston",35.59095,-78.4622,24,32
"8448","West Johnston Co.",2018-07-07,7,2018,"Johnston",35.59095,-78.4622,30,27
"8449","West Johnston Co.",2018-07-08,7,2018,"Johnston",35.59095,-78.4622,20,33
"8450","West Johnston Co.",2018-07-09,7,2018,"Johnston",35.59095,-78.4622,18,44
"8451","West Johnston Co.",2018-07-10,7,2018,"Johnston",35.59095,-78.4622,49,74
"8452","West Johnston Co.",2018-07-11,7,2018,"Johnston",35.59095,-78.4622,67,84
"8453","West Johnston Co.",2018-07-12,7,2018,"Johnston",35.59095,-78.4622,56,48
"8454","West Johnston Co.",2018-07-13,7,2018,"Johnston",35.59095,-78.4622,46,67
"8455","West Johnston Co.",2018-07-14,7,2018,"Johnston",35.59095,-78.4622,33,46
"8456","West Johnston Co.",2018-07-15,7,2018,"Johnston",35.59095,-78.4622,44,45
"8457","West Johnston Co.",2018-07-16,7,2018,"Johnston",35.59095,-78.4622,51,44
"8458","West Johnston Co.",2018-07-17,7,2018,"Johnston",35.59095,-78.4622,43,40
"8459","West Johnston Co.",2018-07-18,7,2018,"Johnston",35.59095,-78.4622,29,38
"8460","West Johnston Co.",2018-07-19,7,2018,"Johnston",35.59095,-78.4622,34,64
"8461","West Johnston Co.",2018-07-20,7,2018,"Johnston",35.59095,-78.4622,31,39
"8462","West Johnston Co.",2018-07-21,7,2018,"Johnston",35.59095,-78.4622,27,38
"8463","West Johnston Co.",2018-07-22,7,2018,"Johnston",35.59095,-78.4622,32,42
"8464","West Johnston Co.",2018-07-23,7,2018,"Johnston",35.59095,-78.4622,28,43
"8465","West Johnston Co.",2018-07-24,7,2018,"Johnston",35.59095,-78.4622,21,37
"8466","West Johnston Co.",2018-07-25,7,2018,"Johnston",35.59095,-78.4622,24,36
"8467","West Johnston Co.",2018-07-26,7,2018,"Johnston",35.59095,-78.4622,36,41
"8468","West Johnston Co.",2018-07-27,7,2018,"Johnston",35.59095,-78.4622,45,38
"8469","West Johnston Co.",2018-07-28,7,2018,"Johnston",35.59095,-78.4622,44,41
"8470","West Johnston Co.",2018-07-29,7,2018,"Johnston",35.59095,-78.4622,34,37
"8471","West Johnston Co.",2018-07-30,7,2018,"Johnston",35.59095,-78.4622,24,21
"8472","West Johnston Co.",2018-07-31,7,2018,"Johnston",35.59095,-78.4622,28,26
"8473","West Johnston Co.",2018-08-01,8,2018,"Johnston",35.59095,-78.4622,27,22
"8474","West Johnston Co.",2018-08-02,8,2018,"Johnston",35.59095,-78.4622,24,17
"8475","West Johnston Co.",2018-08-03,8,2018,"Johnston",35.59095,-78.4622,17,17
"8476","West Johnston Co.",2018-08-04,8,2018,"Johnston",35.59095,-78.4622,23,24
"8477","West Johnston Co.",2018-08-05,8,2018,"Johnston",35.59095,-78.4622,33,33
"8478","West Johnston Co.",2018-08-06,8,2018,"Johnston",35.59095,-78.4622,56,40
"8479","West Johnston Co.",2018-08-07,8,2018,"Johnston",35.59095,-78.4622,39,37
"8480","West Johnston Co.",2018-08-08,8,2018,"Johnston",35.59095,-78.4622,30,38
"8481","West Johnston Co.",2018-08-09,8,2018,"Johnston",35.59095,-78.4622,35,45
"8482","West Johnston Co.",2018-08-10,8,2018,"Johnston",35.59095,-78.4622,50,48
"8483","West Johnston Co.",2018-08-11,8,2018,"Johnston",35.59095,-78.4622,44,37
"8484","West Johnston Co.",2018-08-12,8,2018,"Johnston",35.59095,-78.4622,33,31
"8485","West Johnston Co.",2018-08-13,8,2018,"Johnston",35.59095,-78.4622,26,33
"8486","West Johnston Co.",2018-08-14,8,2018,"Johnston",35.59095,-78.4622,NA,32
"8487","West Johnston Co.",2018-08-15,8,2018,"Johnston",35.59095,-78.4622,NA,44
"8488","West Johnston Co.",2018-08-16,8,2018,"Johnston",35.59095,-78.4622,NA,44
"8489","West Johnston Co.",2018-08-17,8,2018,"Johnston",35.59095,-78.4622,NA,27
"8490","West Johnston Co.",2018-08-18,8,2018,"Johnston",35.59095,-78.4622,28,27
"8491","West Johnston Co.",2018-08-19,8,2018,"Johnston",35.59095,-78.4622,31,26
"8492","West Johnston Co.",2018-08-20,8,2018,"Johnston",35.59095,-78.4622,29,32
"8493","West Johnston Co.",2018-08-21,8,2018,"Johnston",35.59095,-78.4622,29,27
"8494","West Johnston Co.",2018-08-22,8,2018,"Johnston",35.59095,-78.4622,29,34
"8495","West Johnston Co.",2018-08-23,8,2018,"Johnston",35.59095,-78.4622,47,39
"8496","West Johnston Co.",2018-08-24,8,2018,"Johnston",35.59095,-78.4622,33,42
"8497","West Johnston Co.",2018-08-25,8,2018,"Johnston",35.59095,-78.4622,31,40
"8498","West Johnston Co.",2018-08-26,8,2018,"Johnston",35.59095,-78.4622,51,40
"8499","West Johnston Co.",2018-08-27,8,2018,"Johnston",35.59095,-78.4622,54,41
"8500","West Johnston Co.",2018-08-28,8,2018,"Johnston",35.59095,-78.4622,46,40
"8501","West Johnston Co.",2018-08-29,8,2018,"Johnston",35.59095,-78.4622,31,36
"8502","West Johnston Co.",2018-08-30,8,2018,"Johnston",35.59095,-78.4622,39,39
"8503","West Johnston Co.",2018-08-31,8,2018,"Johnston",35.59095,-78.4622,35,41
"8504","West Johnston Co.",2018-09-01,9,2018,"Johnston",35.59095,-78.4622,31,30
"8505","West Johnston Co.",2018-09-02,9,2018,"Johnston",35.59095,-78.4622,24,22
"8506","West Johnston Co.",2018-09-03,9,2018,"Johnston",35.59095,-78.4622,30,26
"8507","West Johnston Co.",2018-09-04,9,2018,"Johnston",35.59095,-78.4622,37,31
"8508","West Johnston Co.",2018-09-05,9,2018,"Johnston",35.59095,-78.4622,33,33
"8509","West Johnston Co.",2018-09-06,9,2018,"Johnston",35.59095,-78.4622,31,36
"8510","West Johnston Co.",2018-09-07,9,2018,"Johnston",35.59095,-78.4622,39,37
"8511","West Johnston Co.",2018-09-08,9,2018,"Johnston",35.59095,-78.4622,37,32
"8512","West Johnston Co.",2018-09-09,9,2018,"Johnston",35.59095,-78.4622,33,22
"8513","West Johnston Co.",2018-09-19,9,2018,"Johnston",35.59095,-78.4622,NA,39
"8514","West Johnston Co.",2018-09-20,9,2018,"Johnston",35.59095,-78.4622,NA,45
"8515","West Johnston Co.",2018-09-21,9,2018,"Johnston",35.59095,-78.4622,51,39
"8516","West Johnston Co.",2018-09-22,9,2018,"Johnston",35.59095,-78.4622,58,NA
"8517","West Johnston Co.",2018-09-23,9,2018,"Johnston",35.59095,-78.4622,51,31
"8518","West Johnston Co.",2018-09-24,9,2018,"Johnston",35.59095,-78.4622,28,23
"8519","West Johnston Co.",2018-09-25,9,2018,"Johnston",35.59095,-78.4622,25,30
"8520","West Johnston Co.",2018-09-26,9,2018,"Johnston",35.59095,-78.4622,32,31
"8521","West Johnston Co.",2018-09-27,9,2018,"Johnston",35.59095,-78.4622,27,30
"8522","West Johnston Co.",2018-09-28,9,2018,"Johnston",35.59095,-78.4622,19,25
"8523","West Johnston Co.",2018-09-29,9,2018,"Johnston",35.59095,-78.4622,20,38
"8524","West Johnston Co.",2018-09-30,9,2018,"Johnston",35.59095,-78.4622,25,42
"8525","West Johnston Co.",2018-10-01,10,2018,"Johnston",35.59095,-78.4622,30,47
"8526","West Johnston Co.",2018-10-02,10,2018,"Johnston",35.59095,-78.4622,41,40
"8527","West Johnston Co.",2018-10-03,10,2018,"Johnston",35.59095,-78.4622,40,39
"8528","West Johnston Co.",2018-10-04,10,2018,"Johnston",35.59095,-78.4622,45,42
"8529","West Johnston Co.",2018-10-05,10,2018,"Johnston",35.59095,-78.4622,47,43
"8530","West Johnston Co.",2018-10-06,10,2018,"Johnston",35.59095,-78.4622,51,30
"8531","West Johnston Co.",2018-10-07,10,2018,"Johnston",35.59095,-78.4622,41,33
"8532","West Johnston Co.",2018-10-08,10,2018,"Johnston",35.59095,-78.4622,23,30
"8533","West Johnston Co.",2018-10-09,10,2018,"Johnston",35.59095,-78.4622,23,29
"8534","West Johnston Co.",2018-10-12,10,2018,"Johnston",35.59095,-78.4622,NA,38
"8535","West Johnston Co.",2018-10-13,10,2018,"Johnston",35.59095,-78.4622,26,34
"8536","West Johnston Co.",2018-10-14,10,2018,"Johnston",35.59095,-78.4622,25,24
"8537","West Johnston Co.",2018-10-15,10,2018,"Johnston",35.59095,-78.4622,32,34
"8538","West Johnston Co.",2018-10-16,10,2018,"Johnston",35.59095,-78.4622,28,31
"8539","West Johnston Co.",2018-10-17,10,2018,"Johnston",35.59095,-78.4622,20,25
"8540","West Johnston Co.",2018-10-18,10,2018,"Johnston",35.59095,-78.4622,19,33
"8541","West Johnston Co.",2018-10-19,10,2018,"Johnston",35.59095,-78.4622,33,40
"8542","West Johnston Co.",2018-10-20,10,2018,"Johnston",35.59095,-78.4622,34,31
"8543","West Johnston Co.",2018-10-21,10,2018,"Johnston",35.59095,-78.4622,12,30
"8544","West Johnston Co.",2018-10-22,10,2018,"Johnston",35.59095,-78.4622,15,30
"8545","West Johnston Co.",2018-10-23,10,2018,"Johnston",35.59095,-78.4622,29,31
"8546","West Johnston Co.",2018-10-24,10,2018,"Johnston",35.59095,-78.4622,35,33
"8547","West Johnston Co.",2018-10-25,10,2018,"Johnston",35.59095,-78.4622,29,26
"8548","West Johnston Co.",2018-10-26,10,2018,"Johnston",35.59095,-78.4622,20,26
"8549","West Johnston Co.",2018-10-27,10,2018,"Johnston",35.59095,-78.4622,9,19
"8550","West Johnston Co.",2018-10-28,10,2018,"Johnston",35.59095,-78.4622,18,33
"8551","West Johnston Co.",2018-10-29,10,2018,"Johnston",35.59095,-78.4622,15,34
"8552","West Johnston Co.",2018-10-30,10,2018,"Johnston",35.59095,-78.4622,27,36
"8553","West Johnston Co.",2018-10-31,10,2018,"Johnston",35.59095,-78.4622,35,41
"8554","West Johnston Co.",2018-11-01,11,2018,"Johnston",35.59095,-78.4622,21,NA
"8555","West Johnston Co.",2018-11-02,11,2018,"Johnston",35.59095,-78.4622,21,NA
"8556","West Johnston Co.",2018-11-03,11,2018,"Johnston",35.59095,-78.4622,37,NA
"8557","West Johnston Co.",2018-11-04,11,2018,"Johnston",35.59095,-78.4622,32,NA
"8558","West Johnston Co.",2018-11-05,11,2018,"Johnston",35.59095,-78.4622,24,NA
"8559","West Johnston Co.",2018-11-06,11,2018,"Johnston",35.59095,-78.4622,27,NA
"8560","West Johnston Co.",2018-11-07,11,2018,"Johnston",35.59095,-78.4622,25,NA
"8561","West Johnston Co.",2018-11-08,11,2018,"Johnston",35.59095,-78.4622,39,NA
"8562","West Johnston Co.",2018-11-09,11,2018,"Johnston",35.59095,-78.4622,31,NA
"8563","West Johnston Co.",2018-11-10,11,2018,"Johnston",35.59095,-78.4622,23,NA
"8564","West Johnston Co.",2018-11-11,11,2018,"Johnston",35.59095,-78.4622,30,NA
"8565","West Johnston Co.",2018-11-12,11,2018,"Johnston",35.59095,-78.4622,40,NA
"8566","West Johnston Co.",2018-11-13,11,2018,"Johnston",35.59095,-78.4622,19,NA
"8567","West Johnston Co.",2018-11-14,11,2018,"Johnston",35.59095,-78.4622,27,NA
"8568","West Johnston Co.",2018-11-15,11,2018,"Johnston",35.59095,-78.4622,12,NA
"8569","West Johnston Co.",2018-11-16,11,2018,"Johnston",35.59095,-78.4622,27,NA
"8570","West Johnston Co.",2018-11-17,11,2018,"Johnston",35.59095,-78.4622,43,NA
"8571","West Johnston Co.",2018-11-18,11,2018,"Johnston",35.59095,-78.4622,52,NA
"8572","West Johnston Co.",2018-11-19,11,2018,"Johnston",35.59095,-78.4622,55,NA
"8573","West Johnston Co.",2018-11-20,11,2018,"Johnston",35.59095,-78.4622,33,NA
"8574","West Johnston Co.",2018-11-21,11,2018,"Johnston",35.59095,-78.4622,33,NA
"8575","West Johnston Co.",2018-11-22,11,2018,"Johnston",35.59095,-78.4622,39,NA
"8576","West Johnston Co.",2018-11-23,11,2018,"Johnston",35.59095,-78.4622,20,NA
"8577","West Johnston Co.",2018-11-24,11,2018,"Johnston",35.59095,-78.4622,15,NA
"8578","West Johnston Co.",2018-11-25,11,2018,"Johnston",35.59095,-78.4622,39,NA
"8579","West Johnston Co.",2018-11-26,11,2018,"Johnston",35.59095,-78.4622,20,NA
"8580","West Johnston Co.",2018-11-27,11,2018,"Johnston",35.59095,-78.4622,10,NA
"8581","West Johnston Co.",2018-11-28,11,2018,"Johnston",35.59095,-78.4622,36,NA
"8582","West Johnston Co.",2018-11-29,11,2018,"Johnston",35.59095,-78.4622,32,NA
"8583","West Johnston Co.",2018-11-30,11,2018,"Johnston",35.59095,-78.4622,35,NA
"8584","West Johnston Co.",2018-12-01,12,2018,"Johnston",35.59095,-78.4622,51,NA
"8585","West Johnston Co.",2018-12-02,12,2018,"Johnston",35.59095,-78.4622,20,NA
"8586","West Johnston Co.",2018-12-03,12,2018,"Johnston",35.59095,-78.4622,48,NA
"8587","West Johnston Co.",2018-12-04,12,2018,"Johnston",35.59095,-78.4622,13,NA
"8588","West Johnston Co.",2018-12-05,12,2018,"Johnston",35.59095,-78.4622,19,NA
"8589","West Johnston Co.",2018-12-06,12,2018,"Johnston",35.59095,-78.4622,22,NA
"8590","West Johnston Co.",2018-12-07,12,2018,"Johnston",35.59095,-78.4622,52,NA
"8591","West Johnston Co.",2018-12-08,12,2018,"Johnston",35.59095,-78.4622,48,NA
"8592","West Johnston Co.",2018-12-09,12,2018,"Johnston",35.59095,-78.4622,12,NA
"8593","West Johnston Co.",2018-12-10,12,2018,"Johnston",35.59095,-78.4622,25,NA
"8594","West Johnston Co.",2018-12-11,12,2018,"Johnston",35.59095,-78.4622,46,NA
"8595","West Johnston Co.",2018-12-12,12,2018,"Johnston",35.59095,-78.4622,34,NA
"8596","West Johnston Co.",2018-12-13,12,2018,"Johnston",35.59095,-78.4622,53,NA
"8597","West Johnston Co.",2018-12-14,12,2018,"Johnston",35.59095,-78.4622,38,NA
"8598","West Johnston Co.",2018-12-15,12,2018,"Johnston",35.59095,-78.4622,12,NA
"8599","West Johnston Co.",2018-12-16,12,2018,"Johnston",35.59095,-78.4622,15,NA
"8600","West Johnston Co.",2018-12-17,12,2018,"Johnston",35.59095,-78.4622,15,NA
"8601","West Johnston Co.",2018-12-18,12,2018,"Johnston",35.59095,-78.4622,28,NA
"8602","West Johnston Co.",2018-12-19,12,2018,"Johnston",35.59095,-78.4622,50,NA
"8603","West Johnston Co.",2018-12-20,12,2018,"Johnston",35.59095,-78.4622,27,NA
"8604","West Johnston Co.",2018-12-21,12,2018,"Johnston",35.59095,-78.4622,12,NA
"8605","West Johnston Co.",2018-12-22,12,2018,"Johnston",35.59095,-78.4622,9,NA
"8606","West Johnston Co.",2018-12-23,12,2018,"Johnston",35.59095,-78.4622,26,NA
"8607","West Johnston Co.",2018-12-24,12,2018,"Johnston",35.59095,-78.4622,20,NA
"8608","West Johnston Co.",2018-12-25,12,2018,"Johnston",35.59095,-78.4622,33,NA
"8609","West Johnston Co.",2018-12-26,12,2018,"Johnston",35.59095,-78.4622,39,NA
"8610","West Johnston Co.",2018-12-27,12,2018,"Johnston",35.59095,-78.4622,30,NA
"8611","West Johnston Co.",2018-12-28,12,2018,"Johnston",35.59095,-78.4622,13,NA
"8612","West Johnston Co.",2018-12-29,12,2018,"Johnston",35.59095,-78.4622,21,NA
"8613","West Johnston Co.",2018-12-30,12,2018,"Johnston",35.59095,-78.4622,41,NA
"8614","West Johnston Co.",2018-12-31,12,2018,"Johnston",35.59095,-78.4622,37,NA
"8615","West Johnston Co.",2019-01-01,1,2019,"Johnston",35.59095,-78.4622,22,26
"8616","West Johnston Co.",2019-01-02,1,2019,"Johnston",35.59095,-78.4622,18,25
"8617","West Johnston Co.",2019-01-03,1,2019,"Johnston",35.59095,-78.4622,23,18
"8618","West Johnston Co.",2019-01-04,1,2019,"Johnston",35.59095,-78.4622,22,23
"8619","West Johnston Co.",2019-01-05,1,2019,"Johnston",35.59095,-78.4622,8,34
"8620","West Johnston Co.",2019-01-06,1,2019,"Johnston",35.59095,-78.4622,28,33
"8621","West Johnston Co.",2019-01-07,1,2019,"Johnston",35.59095,-78.4622,23,30
"8622","West Johnston Co.",2019-01-08,1,2019,"Johnston",35.59095,-78.4622,32,38
"8623","West Johnston Co.",2019-01-09,1,2019,"Johnston",35.59095,-78.4622,12,35
"8624","West Johnston Co.",2019-01-10,1,2019,"Johnston",35.59095,-78.4622,18,27
"8625","West Johnston Co.",2019-01-11,1,2019,"Johnston",35.59095,-78.4622,36,29
"8626","West Johnston Co.",2019-01-12,1,2019,"Johnston",35.59095,-78.4622,35,30
"8627","West Johnston Co.",2019-01-13,1,2019,"Johnston",35.59095,-78.4622,8,29
"8628","West Johnston Co.",2019-01-14,1,2019,"Johnston",35.59095,-78.4622,28,29
"8629","West Johnston Co.",2019-01-15,1,2019,"Johnston",35.59095,-78.4622,40,23
"8630","West Johnston Co.",2019-01-16,1,2019,"Johnston",35.59095,-78.4622,42,31
"8631","West Johnston Co.",2019-01-17,1,2019,"Johnston",35.59095,-78.4622,35,26
"8632","West Johnston Co.",2019-01-18,1,2019,"Johnston",35.59095,-78.4622,40,27
"8633","West Johnston Co.",2019-01-19,1,2019,"Johnston",35.59095,-78.4622,39,32
"8634","West Johnston Co.",2019-01-20,1,2019,"Johnston",35.59095,-78.4622,14,35
"8635","West Johnston Co.",2019-01-21,1,2019,"Johnston",35.59095,-78.4622,11,36
"8636","West Johnston Co.",2019-01-22,1,2019,"Johnston",35.59095,-78.4622,21,NA
"8637","West Johnston Co.",2019-01-23,1,2019,"Johnston",35.59095,-78.4622,23,37
"8638","West Johnston Co.",2019-01-24,1,2019,"Johnston",35.59095,-78.4622,4,32
"8639","West Johnston Co.",2019-01-25,1,2019,"Johnston",35.59095,-78.4622,23,33
"8640","West Johnston Co.",2019-01-26,1,2019,"Johnston",35.59095,-78.4622,49,36
"8641","West Johnston Co.",2019-01-27,1,2019,"Johnston",35.59095,-78.4622,46,34
"8642","West Johnston Co.",2019-01-28,1,2019,"Johnston",35.59095,-78.4622,26,34
"8643","West Johnston Co.",2019-01-29,1,2019,"Johnston",35.59095,-78.4622,31,41
"8644","West Johnston Co.",2019-01-30,1,2019,"Johnston",35.59095,-78.4622,21,37
"8645","West Johnston Co.",2019-01-31,1,2019,"Johnston",35.59095,-78.4622,20,37
"8646","West Johnston Co.",2019-02-01,2,2019,"Johnston",35.59095,-78.4622,48,40
"8647","West Johnston Co.",2019-02-02,2,2019,"Johnston",35.59095,-78.4622,54,34
"8648","West Johnston Co.",2019-02-03,2,2019,"Johnston",35.59095,-78.4622,51,38
"8649","West Johnston Co.",2019-02-04,2,2019,"Johnston",35.59095,-78.4622,38,43
"8650","West Johnston Co.",2019-02-05,2,2019,"Johnston",35.59095,-78.4622,48,38
"8651","West Johnston Co.",2019-02-06,2,2019,"Johnston",35.59095,-78.4622,51,37
"8652","West Johnston Co.",2019-02-07,2,2019,"Johnston",35.59095,-78.4622,50,NA
"8653","West Johnston Co.",2019-02-08,2,2019,"Johnston",35.59095,-78.4622,35,NA
"8654","West Johnston Co.",2019-02-09,2,2019,"Johnston",35.59095,-78.4622,15,NA
"8655","West Johnston Co.",2019-02-10,2,2019,"Johnston",35.59095,-78.4622,25,NA
"8656","West Johnston Co.",2019-02-11,2,2019,"Johnston",35.59095,-78.4622,22,NA
"8657","West Johnston Co.",2019-02-12,2,2019,"Johnston",35.59095,-78.4622,13,NA
"8658","West Johnston Co.",2019-02-13,2,2019,"Johnston",35.59095,-78.4622,7,NA
"8659","West Johnston Co.",2019-02-14,2,2019,"Johnston",35.59095,-78.4622,14,NA
"8660","West Johnston Co.",2019-02-15,2,2019,"Johnston",35.59095,-78.4622,29,NA
"8661","West Johnston Co.",2019-02-16,2,2019,"Johnston",35.59095,-78.4622,25,NA
"8662","West Johnston Co.",2019-02-17,2,2019,"Johnston",35.59095,-78.4622,24,NA
"8663","West Johnston Co.",2019-02-18,2,2019,"Johnston",35.59095,-78.4622,10,NA
"8664","West Johnston Co.",2019-02-19,2,2019,"Johnston",35.59095,-78.4622,25,NA
"8665","West Johnston Co.",2019-02-20,2,2019,"Johnston",35.59095,-78.4622,12,NA
"8666","West Johnston Co.",2019-02-21,2,2019,"Johnston",35.59095,-78.4622,22,19
"8667","West Johnston Co.",2019-02-22,2,2019,"Johnston",35.59095,-78.4622,14,36
"8668","West Johnston Co.",2019-02-23,2,2019,"Johnston",35.59095,-78.4622,8,34
"8669","West Johnston Co.",2019-02-24,2,2019,"Johnston",35.59095,-78.4622,9,42
"8670","West Johnston Co.",2019-02-25,2,2019,"Johnston",35.59095,-78.4622,10,44
"8671","West Johnston Co.",2019-02-26,2,2019,"Johnston",35.59095,-78.4622,22,NA
"8672","West Johnston Co.",2019-02-27,2,2019,"Johnston",35.59095,-78.4622,35,NA
"8673","West Johnston Co.",2019-02-28,2,2019,"Johnston",35.59095,-78.4622,49,NA
"8674","West Johnston Co.",2019-03-01,3,2019,"Johnston",35.59095,-78.4622,33,25
"8675","West Johnston Co.",2019-03-02,3,2019,"Johnston",35.59095,-78.4622,10,33
"8676","West Johnston Co.",2019-03-03,3,2019,"Johnston",35.59095,-78.4622,27,28
"8677","West Johnston Co.",2019-03-04,3,2019,"Johnston",35.59095,-78.4622,25,33
"8678","West Johnston Co.",2019-03-05,3,2019,"Johnston",35.59095,-78.4622,20,35
"8679","West Johnston Co.",2019-03-06,3,2019,"Johnston",35.59095,-78.4622,24,40
"8680","West Johnston Co.",2019-03-07,3,2019,"Johnston",35.59095,-78.4622,20,43
"8681","West Johnston Co.",2019-03-08,3,2019,"Johnston",35.59095,-78.4622,33,37
"8682","West Johnston Co.",2019-03-09,3,2019,"Johnston",35.59095,-78.4622,33,34
"8683","West Johnston Co.",2019-03-10,3,2019,"Johnston",35.59095,-78.4622,36,29
"8684","West Johnston Co.",2019-03-11,3,2019,"Johnston",35.59095,-78.4622,17,44
"8685","West Johnston Co.",2019-03-12,3,2019,"Johnston",35.59095,-78.4622,22,45
"8686","West Johnston Co.",2019-03-13,3,2019,"Johnston",35.59095,-78.4622,32,47
"8687","West Johnston Co.",2019-03-14,3,2019,"Johnston",35.59095,-78.4622,20,49
"8688","West Johnston Co.",2019-03-15,3,2019,"Johnston",35.59095,-78.4622,30,40
"8689","West Johnston Co.",2019-03-16,3,2019,"Johnston",35.59095,-78.4622,22,44
"8690","West Johnston Co.",2019-03-17,3,2019,"Johnston",35.59095,-78.4622,26,44
"8691","West Johnston Co.",2019-03-18,3,2019,"Johnston",35.59095,-78.4622,NA,48
"8692","West Johnston Co.",2019-03-19,3,2019,"Johnston",35.59095,-78.4622,NA,46
"8693","West Johnston Co.",2019-03-20,3,2019,"Johnston",35.59095,-78.4622,0,42
"8694","West Johnston Co.",2019-03-21,3,2019,"Johnston",35.59095,-78.4622,0,46
"8695","West Johnston Co.",2019-03-22,3,2019,"Johnston",35.59095,-78.4622,3,45
"8696","West Johnston Co.",2019-03-23,3,2019,"Johnston",35.59095,-78.4622,18,48
"8697","West Johnston Co.",2019-03-24,3,2019,"Johnston",35.59095,-78.4622,54,58
"8698","West Johnston Co.",2019-03-25,3,2019,"Johnston",35.59095,-78.4622,36,46
"8699","West Johnston Co.",2019-03-26,3,2019,"Johnston",35.59095,-78.4622,27,44
"8700","West Johnston Co.",2019-03-27,3,2019,"Johnston",35.59095,-78.4622,13,46
"8701","West Johnston Co.",2019-03-28,3,2019,"Johnston",35.59095,-78.4622,15,49
"8702","West Johnston Co.",2019-03-29,3,2019,"Johnston",35.59095,-78.4622,33,54
"8703","West Johnston Co.",2019-03-30,3,2019,"Johnston",35.59095,-78.4622,33,48
"8704","West Johnston Co.",2019-03-31,3,2019,"Johnston",35.59095,-78.4622,13,41
"8705","West Johnston Co.",2019-04-01,4,2019,"Johnston",35.59095,-78.4622,13,44
"8706","West Johnston Co.",2019-04-02,4,2019,"Johnston",35.59095,-78.4622,18,33
"8707","West Johnston Co.",2019-04-03,4,2019,"Johnston",35.59095,-78.4622,23,50
"8708","West Johnston Co.",2019-04-04,4,2019,"Johnston",35.59095,-78.4622,35,71
"8709","West Johnston Co.",2019-04-05,4,2019,"Johnston",35.59095,-78.4622,30,41
"8710","West Johnston Co.",2019-04-06,4,2019,"Johnston",35.59095,-78.4622,39,38
"8711","West Johnston Co.",2019-04-07,4,2019,"Johnston",35.59095,-78.4622,33,35
"8712","West Johnston Co.",2019-04-08,4,2019,"Johnston",35.59095,-78.4622,30,35
"8713","West Johnston Co.",2019-04-09,4,2019,"Johnston",35.59095,-78.4622,26,29
"8714","West Johnston Co.",2019-04-10,4,2019,"Johnston",35.59095,-78.4622,25,54
"8715","West Johnston Co.",2019-04-11,4,2019,"Johnston",35.59095,-78.4622,25,54
"8716","West Johnston Co.",2019-04-12,4,2019,"Johnston",35.59095,-78.4622,26,35
"8717","West Johnston Co.",2019-04-13,4,2019,"Johnston",35.59095,-78.4622,20,27
"8718","West Johnston Co.",2019-04-14,4,2019,"Johnston",35.59095,-78.4622,24,31
"8719","West Johnston Co.",2019-04-15,4,2019,"Johnston",35.59095,-78.4622,12,49
"8720","West Johnston Co.",2019-04-16,4,2019,"Johnston",35.59095,-78.4622,18,50
"8721","West Johnston Co.",2019-04-17,4,2019,"Johnston",35.59095,-78.4622,40,54
"8722","West Johnston Co.",2019-04-18,4,2019,"Johnston",35.59095,-78.4622,32,48
"8723","West Johnston Co.",2019-04-19,4,2019,"Johnston",35.59095,-78.4622,24,34
"8724","West Johnston Co.",2019-04-20,4,2019,"Johnston",35.59095,-78.4622,12,37
"8725","West Johnston Co.",2019-04-21,4,2019,"Johnston",35.59095,-78.4622,13,28
"8726","West Johnston Co.",2019-04-22,4,2019,"Johnston",35.59095,-78.4622,17,43
"8727","West Johnston Co.",2019-04-23,4,2019,"Johnston",35.59095,-78.4622,34,54
"8728","West Johnston Co.",2019-04-24,4,2019,"Johnston",35.59095,-78.4622,52,51
"8729","West Johnston Co.",2019-04-25,4,2019,"Johnston",35.59095,-78.4622,56,48
"8730","West Johnston Co.",2019-04-26,4,2019,"Johnston",35.59095,-78.4622,26,44
"8731","West Johnston Co.",2019-04-27,4,2019,"Johnston",35.59095,-78.4622,38,50
"8732","West Johnston Co.",2019-04-28,4,2019,"Johnston",35.59095,-78.4622,51,47
"8733","West Johnston Co.",2019-04-29,4,2019,"Johnston",35.59095,-78.4622,39,40
"8734","West Johnston Co.",2019-04-30,4,2019,"Johnston",35.59095,-78.4622,48,47
"8735","West Johnston Co.",2019-05-01,5,2019,"Johnston",35.59095,-78.4622,31,39
"8736","West Johnston Co.",2019-05-02,5,2019,"Johnston",35.59095,-78.4622,33,43
"8737","West Johnston Co.",2019-05-03,5,2019,"Johnston",35.59095,-78.4622,28,25
"8738","West Johnston Co.",2019-05-04,5,2019,"Johnston",35.59095,-78.4622,29,33
"8739","West Johnston Co.",2019-05-05,5,2019,"Johnston",35.59095,-78.4622,18,31
"8740","West Johnston Co.",2019-05-06,5,2019,"Johnston",35.59095,-78.4622,14,39
"8741","West Johnston Co.",2019-05-07,5,2019,"Johnston",35.59095,-78.4622,27,48
"8742","West Johnston Co.",2019-05-08,5,2019,"Johnston",35.59095,-78.4622,25,48
"8743","West Johnston Co.",2019-05-09,5,2019,"Johnston",35.59095,-78.4622,30,44
"8744","West Johnston Co.",2019-05-10,5,2019,"Johnston",35.59095,-78.4622,39,39
"8745","West Johnston Co.",2019-05-11,5,2019,"Johnston",35.59095,-78.4622,44,38
"8746","West Johnston Co.",2019-05-12,5,2019,"Johnston",35.59095,-78.4622,25,31
"8747","West Johnston Co.",2019-05-13,5,2019,"Johnston",35.59095,-78.4622,24,32
"8748","West Johnston Co.",2019-05-14,5,2019,"Johnston",35.59095,-78.4622,15,41
"8749","West Johnston Co.",2019-05-15,5,2019,"Johnston",35.59095,-78.4622,30,46
"8750","West Johnston Co.",2019-05-16,5,2019,"Johnston",35.59095,-78.4622,52,54
"8751","West Johnston Co.",2019-05-17,5,2019,"Johnston",35.59095,-78.4622,58,49
"8752","West Johnston Co.",2019-05-18,5,2019,"Johnston",35.59095,-78.4622,57,80
"8753","West Johnston Co.",2019-05-19,5,2019,"Johnston",35.59095,-78.4622,41,49
"8754","West Johnston Co.",2019-05-20,5,2019,"Johnston",35.59095,-78.4622,54,43
"8755","West Johnston Co.",2019-05-21,5,2019,"Johnston",35.59095,-78.4622,32,61
"8756","West Johnston Co.",2019-05-22,5,2019,"Johnston",35.59095,-78.4622,NA,49
"8757","West Johnston Co.",2019-05-23,5,2019,"Johnston",35.59095,-78.4622,51,40
"8758","West Johnston Co.",2019-05-24,5,2019,"Johnston",35.59095,-78.4622,55,50
"8759","West Johnston Co.",2019-05-25,5,2019,"Johnston",35.59095,-78.4622,46,67
"8760","West Johnston Co.",2019-05-26,5,2019,"Johnston",35.59095,-78.4622,53,46
"8761","West Johnston Co.",2019-05-27,5,2019,"Johnston",35.59095,-78.4622,45,46
"8762","West Johnston Co.",2019-05-28,5,2019,"Johnston",35.59095,-78.4622,54,54
"8763","West Johnston Co.",2019-05-29,5,2019,"Johnston",35.59095,-78.4622,47,48
"8764","West Johnston Co.",2019-05-30,5,2019,"Johnston",35.59095,-78.4622,58,48
"8765","West Johnston Co.",2019-05-31,5,2019,"Johnston",35.59095,-78.4622,58,58
"8766","West Johnston Co.",2019-06-01,6,2019,"Johnston",35.59095,-78.4622,35,42
"8767","West Johnston Co.",2019-06-02,6,2019,"Johnston",35.59095,-78.4622,43,64
"8768","West Johnston Co.",2019-06-03,6,2019,"Johnston",35.59095,-78.4622,54,48
"8769","West Johnston Co.",2019-06-04,6,2019,"Johnston",35.59095,-78.4622,40,58
"8770","West Johnston Co.",2019-06-05,6,2019,"Johnston",35.59095,-78.4622,53,45
"8771","West Johnston Co.",2019-06-06,6,2019,"Johnston",35.59095,-78.4622,55,44
"8772","West Johnston Co.",2019-06-07,6,2019,"Johnston",35.59095,-78.4622,55,28
"8773","West Johnston Co.",2019-06-08,6,2019,"Johnston",35.59095,-78.4622,37,31
"8774","West Johnston Co.",2019-06-09,6,2019,"Johnston",35.59095,-78.4622,24,25
"8775","West Johnston Co.",2019-06-10,6,2019,"Johnston",35.59095,-78.4622,23,31
"8776","West Johnston Co.",2019-06-11,6,2019,"Johnston",35.59095,-78.4622,19,36
"8777","West Johnston Co.",2019-06-12,6,2019,"Johnston",35.59095,-78.4622,23,40
"8778","West Johnston Co.",2019-06-13,6,2019,"Johnston",35.59095,-78.4622,20,35
"8779","West Johnston Co.",2019-06-14,6,2019,"Johnston",35.59095,-78.4622,18,47
"8780","West Johnston Co.",2019-06-15,6,2019,"Johnston",35.59095,-78.4622,53,51
"8781","West Johnston Co.",2019-06-16,6,2019,"Johnston",35.59095,-78.4622,47,44
"8782","West Johnston Co.",2019-06-17,6,2019,"Johnston",35.59095,-78.4622,42,33
"8783","West Johnston Co.",2019-06-18,6,2019,"Johnston",35.59095,-78.4622,24,30
"8784","West Johnston Co.",2019-06-19,6,2019,"Johnston",35.59095,-78.4622,27,30
"8785","West Johnston Co.",2019-06-20,6,2019,"Johnston",35.59095,-78.4622,30,44
"8786","West Johnston Co.",2019-06-21,6,2019,"Johnston",35.59095,-78.4622,27,46
"8787","West Johnston Co.",2019-06-22,6,2019,"Johnston",35.59095,-78.4622,45,40
"8788","West Johnston Co.",2019-06-23,6,2019,"Johnston",35.59095,-78.4622,53,37
"8789","West Johnston Co.",2019-06-24,6,2019,"Johnston",35.59095,-78.4622,58,43
"8790","West Johnston Co.",2019-06-25,6,2019,"Johnston",35.59095,-78.4622,34,47
"8791","West Johnston Co.",2019-06-26,6,2019,"Johnston",35.59095,-78.4622,40,46
"8792","West Johnston Co.",2019-06-27,6,2019,"Johnston",35.59095,-78.4622,52,77
"8793","West Johnston Co.",2019-06-28,6,2019,"Johnston",35.59095,-78.4622,53,64
"8794","West Johnston Co.",2019-06-29,6,2019,"Johnston",35.59095,-78.4622,52,67
"8795","West Johnston Co.",2019-06-30,6,2019,"Johnston",35.59095,-78.4622,53,49
"8796","West Johnston Co.",2019-07-01,7,2019,"Johnston",35.59095,-78.4622,43,48
"8797","West Johnston Co.",2019-07-02,7,2019,"Johnston",35.59095,-78.4622,56,54
"8798","West Johnston Co.",2019-07-03,7,2019,"Johnston",35.59095,-78.4622,50,87
"8799","West Johnston Co.",2019-07-04,7,2019,"Johnston",35.59095,-78.4622,54,48
"8800","West Johnston Co.",2019-07-05,7,2019,"Johnston",35.59095,-78.4622,41,47
"8801","West Johnston Co.",2019-07-06,7,2019,"Johnston",35.59095,-78.4622,40,42
"8802","West Johnston Co.",2019-07-07,7,2019,"Johnston",35.59095,-78.4622,45,31
"8803","West Johnston Co.",2019-07-08,7,2019,"Johnston",35.59095,-78.4622,48,37
"8804","West Johnston Co.",2019-07-09,7,2019,"Johnston",35.59095,-78.4622,32,40
"8805","West Johnston Co.",2019-07-10,7,2019,"Johnston",35.59095,-78.4622,30,46
"8806","West Johnston Co.",2019-07-11,7,2019,"Johnston",35.59095,-78.4622,42,40
"8807","West Johnston Co.",2019-07-12,7,2019,"Johnston",35.59095,-78.4622,35,30
"8808","West Johnston Co.",2019-07-13,7,2019,"Johnston",35.59095,-78.4622,40,46
"8809","West Johnston Co.",2019-07-14,7,2019,"Johnston",35.59095,-78.4622,46,58
"8810","West Johnston Co.",2019-07-15,7,2019,"Johnston",35.59095,-78.4622,56,48
"8811","West Johnston Co.",2019-07-16,7,2019,"Johnston",35.59095,-78.4622,61,58
"8812","West Johnston Co.",2019-07-17,7,2019,"Johnston",35.59095,-78.4622,63,38
"8813","West Johnston Co.",2019-07-18,7,2019,"Johnston",35.59095,-78.4622,48,35
"8814","West Johnston Co.",2019-07-19,7,2019,"Johnston",35.59095,-78.4622,42,40
"8815","West Johnston Co.",2019-07-20,7,2019,"Johnston",35.59095,-78.4622,38,44
"8816","West Johnston Co.",2019-07-21,7,2019,"Johnston",35.59095,-78.4622,39,35
"8817","West Johnston Co.",2019-07-22,7,2019,"Johnston",35.59095,-78.4622,38,37
"8818","West Johnston Co.",2019-07-23,7,2019,"Johnston",35.59095,-78.4622,19,28
"8819","West Johnston Co.",2019-07-24,7,2019,"Johnston",35.59095,-78.4622,31,33
"8820","West Johnston Co.",2019-07-25,7,2019,"Johnston",35.59095,-78.4622,32,44
"8821","West Johnston Co.",2019-07-26,7,2019,"Johnston",35.59095,-78.4622,44,44
"8822","West Johnston Co.",2019-07-27,7,2019,"Johnston",35.59095,-78.4622,50,47
"8823","West Johnston Co.",2019-07-28,7,2019,"Johnston",35.59095,-78.4622,47,48
"8824","West Johnston Co.",2019-07-29,7,2019,"Johnston",35.59095,-78.4622,55,51
"8825","West Johnston Co.",2019-07-30,7,2019,"Johnston",35.59095,-78.4622,52,49
"8826","West Johnston Co.",2019-07-31,7,2019,"Johnston",35.59095,-78.4622,43,44
"8827","West Johnston Co.",2019-08-01,8,2019,"Johnston",35.59095,-78.4622,52,46
"8828","West Johnston Co.",2019-08-02,8,2019,"Johnston",35.59095,-78.4622,32,44
"8829","West Johnston Co.",2019-08-03,8,2019,"Johnston",35.59095,-78.4622,33,31
"8830","West Johnston Co.",2019-08-04,8,2019,"Johnston",35.59095,-78.4622,31,35
"8831","West Johnston Co.",2019-08-05,8,2019,"Johnston",35.59095,-78.4622,29,32
"8832","West Johnston Co.",2019-08-06,8,2019,"Johnston",35.59095,-78.4622,35,44
"8833","West Johnston Co.",2019-08-07,8,2019,"Johnston",35.59095,-78.4622,51,44
"8834","West Johnston Co.",2019-08-08,8,2019,"Johnston",35.59095,-78.4622,32,47
"8835","West Johnston Co.",2019-08-09,8,2019,"Johnston",35.59095,-78.4622,51,58
"8836","West Johnston Co.",2019-08-10,8,2019,"Johnston",35.59095,-78.4622,54,49
"8837","West Johnston Co.",2019-08-11,8,2019,"Johnston",35.59095,-78.4622,47,44
"8838","West Johnston Co.",2019-08-12,8,2019,"Johnston",35.59095,-78.4622,40,46
"8839","West Johnston Co.",2019-08-13,8,2019,"Johnston",35.59095,-78.4622,39,42
"8840","West Johnston Co.",2019-08-14,8,2019,"Johnston",35.59095,-78.4622,26,41
"8841","West Johnston Co.",2019-08-15,8,2019,"Johnston",35.59095,-78.4622,37,43
"8842","West Johnston Co.",2019-08-16,8,2019,"Johnston",35.59095,-78.4622,29,33
"8843","West Johnston Co.",2019-08-17,8,2019,"Johnston",35.59095,-78.4622,22,32
"8844","West Johnston Co.",2019-08-18,8,2019,"Johnston",35.59095,-78.4622,24,37
"8845","West Johnston Co.",2019-08-19,8,2019,"Johnston",35.59095,-78.4622,43,36
"8846","West Johnston Co.",2019-08-20,8,2019,"Johnston",35.59095,-78.4622,39,31
"8847","West Johnston Co.",2019-08-21,8,2019,"Johnston",35.59095,-78.4622,38,37
"8848","West Johnston Co.",2019-08-22,8,2019,"Johnston",35.59095,-78.4622,39,36
"8849","West Johnston Co.",2019-08-23,8,2019,"Johnston",35.59095,-78.4622,33,28
"8850","West Johnston Co.",2019-08-24,8,2019,"Johnston",35.59095,-78.4622,23,21
"8851","West Johnston Co.",2019-08-25,8,2019,"Johnston",35.59095,-78.4622,22,31
"8852","West Johnston Co.",2019-08-26,8,2019,"Johnston",35.59095,-78.4622,17,25
"8853","West Johnston Co.",2019-08-27,8,2019,"Johnston",35.59095,-78.4622,23,30
"8854","West Johnston Co.",2019-08-28,8,2019,"Johnston",35.59095,-78.4622,25,32
"8855","West Johnston Co.",2019-08-29,8,2019,"Johnston",35.59095,-78.4622,28,45
"8856","West Johnston Co.",2019-08-30,8,2019,"Johnston",35.59095,-78.4622,38,58
"8857","West Johnston Co.",2019-08-31,8,2019,"Johnston",35.59095,-78.4622,42,48
"8858","West Johnston Co.",2019-09-01,9,2019,"Johnston",35.59095,-78.4622,31,36
"8859","West Johnston Co.",2019-09-02,9,2019,"Johnston",35.59095,-78.4622,25,30
"8860","West Johnston Co.",2019-09-03,9,2019,"Johnston",35.59095,-78.4622,28,34
"8861","West Johnston Co.",2019-09-06,9,2019,"Johnston",35.59095,-78.4622,NA,44
"8862","West Johnston Co.",2019-09-07,9,2019,"Johnston",35.59095,-78.4622,49,50
"8863","West Johnston Co.",2019-09-08,9,2019,"Johnston",35.59095,-78.4622,66,33
"8864","West Johnston Co.",2019-09-09,9,2019,"Johnston",35.59095,-78.4622,57,34
"8865","West Johnston Co.",2019-09-10,9,2019,"Johnston",35.59095,-78.4622,40,36
"8866","West Johnston Co.",2019-09-11,9,2019,"Johnston",35.59095,-78.4622,42,41
"8867","West Johnston Co.",2019-09-12,9,2019,"Johnston",35.59095,-78.4622,58,64
"8868","West Johnston Co.",2019-09-13,9,2019,"Johnston",35.59095,-78.4622,48,37
"8869","West Johnston Co.",2019-09-14,9,2019,"Johnston",35.59095,-78.4622,28,31
"8870","West Johnston Co.",2019-09-15,9,2019,"Johnston",35.59095,-78.4622,27,30
"8871","West Johnston Co.",2019-09-16,9,2019,"Johnston",35.59095,-78.4622,33,37
"8872","West Johnston Co.",2019-09-17,9,2019,"Johnston",35.59095,-78.4622,34,40
"8873","West Johnston Co.",2019-09-18,9,2019,"Johnston",35.59095,-78.4622,16,40
"8874","West Johnston Co.",2019-09-19,9,2019,"Johnston",35.59095,-78.4622,19,36
"8875","West Johnston Co.",2019-09-20,9,2019,"Johnston",35.59095,-78.4622,24,40
"8876","West Johnston Co.",2019-09-21,9,2019,"Johnston",35.59095,-78.4622,45,42
"8877","West Johnston Co.",2019-09-22,9,2019,"Johnston",35.59095,-78.4622,43,40
"8878","West Johnston Co.",2019-09-23,9,2019,"Johnston",35.59095,-78.4622,35,42
"8879","West Johnston Co.",2019-09-24,9,2019,"Johnston",35.59095,-78.4622,33,50
"8880","West Johnston Co.",2019-09-25,9,2019,"Johnston",35.59095,-78.4622,41,45
"8881","West Johnston Co.",2019-09-26,9,2019,"Johnston",35.59095,-78.4622,58,46
"8882","West Johnston Co.",2019-09-27,9,2019,"Johnston",35.59095,-78.4622,55,38
"8883","West Johnston Co.",2019-09-28,9,2019,"Johnston",35.59095,-78.4622,42,37
"8884","West Johnston Co.",2019-09-29,9,2019,"Johnston",35.59095,-78.4622,54,45
"8885","West Johnston Co.",2019-09-30,9,2019,"Johnston",35.59095,-78.4622,45,45
"8886","West Johnston Co.",2019-10-01,10,2019,"Johnston",35.59095,-78.4622,34,42
"8887","West Johnston Co.",2019-10-02,10,2019,"Johnston",35.59095,-78.4622,61,45
"8888","West Johnston Co.",2019-10-03,10,2019,"Johnston",35.59095,-78.4622,60,48
"8889","West Johnston Co.",2019-10-04,10,2019,"Johnston",35.59095,-78.4622,56,49
"8890","West Johnston Co.",2019-10-05,10,2019,"Johnston",35.59095,-78.4622,19,28
"8891","West Johnston Co.",2019-10-06,10,2019,"Johnston",35.59095,-78.4622,20,34
"8892","West Johnston Co.",2019-10-07,10,2019,"Johnston",35.59095,-78.4622,22,35
"8893","West Johnston Co.",2019-10-08,10,2019,"Johnston",35.59095,-78.4622,16,28
"8894","West Johnston Co.",2019-10-09,10,2019,"Johnston",35.59095,-78.4622,13,28
"8895","West Johnston Co.",2019-10-10,10,2019,"Johnston",35.59095,-78.4622,19,32
"8896","West Johnston Co.",2019-10-11,10,2019,"Johnston",35.59095,-78.4622,26,42
"8897","West Johnston Co.",2019-10-12,10,2019,"Johnston",35.59095,-78.4622,38,44
"8898","West Johnston Co.",2019-10-13,10,2019,"Johnston",35.59095,-78.4622,35,27
"8899","West Johnston Co.",2019-10-14,10,2019,"Johnston",35.59095,-78.4622,32,42
"8900","West Johnston Co.",2019-10-15,10,2019,"Johnston",35.59095,-78.4622,35,43
"8901","West Johnston Co.",2019-10-16,10,2019,"Johnston",35.59095,-78.4622,33,29
"8902","West Johnston Co.",2019-10-17,10,2019,"Johnston",35.59095,-78.4622,10,34
"8903","West Johnston Co.",2019-10-18,10,2019,"Johnston",35.59095,-78.4622,23,36
"8904","West Johnston Co.",2019-10-19,10,2019,"Johnston",35.59095,-78.4622,40,35
"8905","West Johnston Co.",2019-10-20,10,2019,"Johnston",35.59095,-78.4622,7,31
"8906","West Johnston Co.",2019-10-21,10,2019,"Johnston",35.59095,-78.4622,14,29
"8907","West Johnston Co.",2019-10-22,10,2019,"Johnston",35.59095,-78.4622,24,23
"8908","West Johnston Co.",2019-10-23,10,2019,"Johnston",35.59095,-78.4622,16,39
"8909","West Johnston Co.",2019-10-24,10,2019,"Johnston",35.59095,-78.4622,33,38
"8910","West Johnston Co.",2019-10-25,10,2019,"Johnston",35.59095,-78.4622,29,35
"8911","West Johnston Co.",2019-10-26,10,2019,"Johnston",35.59095,-78.4622,29,38
"8912","West Johnston Co.",2019-10-27,10,2019,"Johnston",35.59095,-78.4622,21,21
"8913","West Johnston Co.",2019-10-28,10,2019,"Johnston",35.59095,-78.4622,22,37
"8914","West Johnston Co.",2019-10-29,10,2019,"Johnston",35.59095,-78.4622,24,22
"8915","West Johnston Co.",2019-10-30,10,2019,"Johnston",35.59095,-78.4622,30,17
"8916","West Johnston Co.",2019-10-31,10,2019,"Johnston",35.59095,-78.4622,17,26
"8917","West Johnston Co.",2019-11-01,11,2019,"Johnston",35.59095,-78.4622,13,NA
"8918","West Johnston Co.",2019-11-02,11,2019,"Johnston",35.59095,-78.4622,35,NA
"8919","West Johnston Co.",2019-11-03,11,2019,"Johnston",35.59095,-78.4622,27,NA
"8920","West Johnston Co.",2019-11-04,11,2019,"Johnston",35.59095,-78.4622,30,NA
"8921","West Johnston Co.",2019-11-05,11,2019,"Johnston",35.59095,-78.4622,35,NA
"8922","West Johnston Co.",2019-11-06,11,2019,"Johnston",35.59095,-78.4622,38,NA
"8923","West Johnston Co.",2019-11-07,11,2019,"Johnston",35.59095,-78.4622,37,NA
"8924","West Johnston Co.",2019-11-08,11,2019,"Johnston",35.59095,-78.4622,18,NA
"8925","West Johnston Co.",2019-11-09,11,2019,"Johnston",35.59095,-78.4622,29,NA
"8926","West Johnston Co.",2019-11-10,11,2019,"Johnston",35.59095,-78.4622,48,NA
"8927","West Johnston Co.",2019-11-11,11,2019,"Johnston",35.59095,-78.4622,42,NA
"8928","West Johnston Co.",2019-11-12,11,2019,"Johnston",35.59095,-78.4622,23,NA
"8929","West Johnston Co.",2019-11-13,11,2019,"Johnston",35.59095,-78.4622,15,NA
"8930","West Johnston Co.",2019-11-14,11,2019,"Johnston",35.59095,-78.4622,32,NA
"8931","West Johnston Co.",2019-11-15,11,2019,"Johnston",35.59095,-78.4622,25,NA
"8932","West Johnston Co.",2019-11-16,11,2019,"Johnston",35.59095,-78.4622,31,NA
"8933","West Johnston Co.",2019-11-17,11,2019,"Johnston",35.59095,-78.4622,17,NA
"8934","West Johnston Co.",2019-11-18,11,2019,"Johnston",35.59095,-78.4622,22,NA
"8935","West Johnston Co.",2019-11-19,11,2019,"Johnston",35.59095,-78.4622,32,NA
"8936","West Johnston Co.",2019-11-20,11,2019,"Johnston",35.59095,-78.4622,45,NA
"8937","West Johnston Co.",2019-11-21,11,2019,"Johnston",35.59095,-78.4622,40,NA
"8938","West Johnston Co.",2019-11-23,11,2019,"Johnston",35.59095,-78.4622,37,NA
"8939","West Johnston Co.",2019-11-24,11,2019,"Johnston",35.59095,-78.4622,13,NA
"8940","West Johnston Co.",2019-11-25,11,2019,"Johnston",35.59095,-78.4622,30,NA
"8941","West Johnston Co.",2019-11-26,11,2019,"Johnston",35.59095,-78.4622,45,NA
"8942","West Johnston Co.",2019-11-27,11,2019,"Johnston",35.59095,-78.4622,48,NA
"8943","West Johnston Co.",2019-11-28,11,2019,"Johnston",35.59095,-78.4622,10,NA
"8944","West Johnston Co.",2019-11-29,11,2019,"Johnston",35.59095,-78.4622,29,NA
"8945","West Johnston Co.",2019-11-30,11,2019,"Johnston",35.59095,-78.4622,52,NA
"8946","West Johnston Co.",2019-12-01,12,2019,"Johnston",35.59095,-78.4622,26,NA
"8947","West Johnston Co.",2019-12-02,12,2019,"Johnston",35.59095,-78.4622,9,NA
"8948","West Johnston Co.",2019-12-03,12,2019,"Johnston",35.59095,-78.4622,17,NA
"8949","West Johnston Co.",2019-12-04,12,2019,"Johnston",35.59095,-78.4622,28,NA
"8950","West Johnston Co.",2019-12-05,12,2019,"Johnston",35.59095,-78.4622,26,NA
"8951","West Johnston Co.",2019-12-06,12,2019,"Johnston",35.59095,-78.4622,48,NA
"8952","West Johnston Co.",2019-12-07,12,2019,"Johnston",35.59095,-78.4622,46,NA
"8953","West Johnston Co.",2019-12-08,12,2019,"Johnston",35.59095,-78.4622,21,NA
"8954","West Johnston Co.",2019-12-09,12,2019,"Johnston",35.59095,-78.4622,21,NA
"8955","West Johnston Co.",2019-12-10,12,2019,"Johnston",35.59095,-78.4622,46,NA
"8956","West Johnston Co.",2019-12-11,12,2019,"Johnston",35.59095,-78.4622,11,NA
"8957","West Johnston Co.",2019-12-12,12,2019,"Johnston",35.59095,-78.4622,27,NA
"8958","West Johnston Co.",2019-12-13,12,2019,"Johnston",35.59095,-78.4622,20,NA
"8959","West Johnston Co.",2019-12-14,12,2019,"Johnston",35.59095,-78.4622,7,NA
"8960","West Johnston Co.",2019-12-15,12,2019,"Johnston",35.59095,-78.4622,22,NA
"8961","West Johnston Co.",2019-12-16,12,2019,"Johnston",35.59095,-78.4622,46,NA
"8962","West Johnston Co.",2019-12-17,12,2019,"Johnston",35.59095,-78.4622,37,NA
"8963","West Johnston Co.",2019-12-18,12,2019,"Johnston",35.59095,-78.4622,10,NA
"8964","West Johnston Co.",2019-12-19,12,2019,"Johnston",35.59095,-78.4622,27,NA
"8965","West Johnston Co.",2019-12-20,12,2019,"Johnston",35.59095,-78.4622,41,NA
"8966","West Johnston Co.",2019-12-21,12,2019,"Johnston",35.59095,-78.4622,54,NA
"8967","West Johnston Co.",2019-12-22,12,2019,"Johnston",35.59095,-78.4622,62,NA
"8968","West Johnston Co.",2019-12-23,12,2019,"Johnston",35.59095,-78.4622,38,NA
"8969","West Johnston Co.",2019-12-24,12,2019,"Johnston",35.59095,-78.4622,24,NA
"8970","West Johnston Co.",2019-12-25,12,2019,"Johnston",35.59095,-78.4622,48,NA
"8971","West Johnston Co.",2019-12-26,12,2019,"Johnston",35.59095,-78.4622,56,NA
"8972","West Johnston Co.",2019-12-27,12,2019,"Johnston",35.59095,-78.4622,52,NA
"8973","West Johnston Co.",2019-12-28,12,2019,"Johnston",35.59095,-78.4622,51,NA
"8974","West Johnston Co.",2019-12-29,12,2019,"Johnston",35.59095,-78.4622,29,NA
"8975","West Johnston Co.",2019-12-30,12,2019,"Johnston",35.59095,-78.4622,14,NA
"8976","West Johnston Co.",2019-12-31,12,2019,"Johnston",35.59095,-78.4622,38,NA
